year,seed,input_ev_cars,existing_chargers_before,new_chargers_added,minimum_chargers,selected_locations,served_demand,served_rate,unmet_demand,unmet_rate,average_waiting_time,average_walking_distance,average_utilization,max_utilization,walking_coverage_rate_info,optimization_unmet_rate_info,simulation_kpis_feasible,optimization_feasible
2026,7,159,5,3,8,308440;308702;307904;307905;308108;5;1;2,146,91.82,9,5.66,9.15,318.43,0.58,0.73,0.0,0.0,True,True
2027,7,217,8,2,10,308440;308702;307904;307905;308108;5;1;2;91;3,199,91.71,15,6.91,14.35,339.13,0.62,0.8,0.0,0.0,True,True
2028,7,280,10,2,12,308440;308702;307904;307905;308108;5;1;2;91;3;4;6,255,91.07,18,6.43,16.41,324.9,0.64,0.79,0.0,0.0,True,True
2029,7,359,12,2,14,308440;308702;307904;307905;308108;5;1;2;91;3;4;6;7;8,314,87.47,31,8.64,18.78,305.14,0.67,0.82,0.0,0.0,True,True
2030,7,449,14,3,17,308440;308702;307904;307905;308108;5;1;2;91;3;4;6;7;8;9;10;11,401,89.31,38,8.46,22.46,289.53,0.7,0.82,0.0,0.0,True,True
2031,7,547,17,3,20,308440;308702;307904;307905;308108;5;1;2;91;3;4;6;7;8;9;10;11;12;13;14,483,88.3,45,8.23,28.07,293.91,0.71,0.84,0.0,0.0,True,True
2032,7,647,20,2,22,308440;308702;307904;307905;308108;5;1;2;91;3;4;6;7;8;9;10;11;12;13;14;15;16,543,83.93,64,9.89,33.42,306.02,0.72,0.86,0.0,3.69,True,True
2033,7,746,22,4,26,308440;308702;307904;307905;308108;5;1;2;91;3;4;6;7;8;9;10;11;12;13;14;15;16;17;18;19;20,652,87.4,56,7.51,34.64,272.16,0.72,0.87,0.0,0.56,True,True
2034,7,840,26,2,28,308440;308702;307904;307905;308108;5;1;2;91;3;4;6;7;8;9;10;11;12;13;14;15;16;17;18;19;20;21;22,711,84.64,79,9.4,39.15,283.17,0.74,0.85,0.0,4.62,True,True
2035,7,925,28,2,30,308440;308702;307904;307905;308108;5;1;2;91;3;4;6;7;8;9;10;11;12;13;14;15;16;17;18;19;20;21;22;23;24,772,83.46,84,9.08,42.12,282.15,0.74,0.93,0.0,6.97,True,True
2026,6,159,5,3,8,308440;308702;307904;307905;308108;5;1;2,145,91.19,11,6.92,7.8,295.76,0.6,0.73,0.0,0.0,True,True
2027,6,217,8,2,10,308440;308702;307904;307905;308108;5;1;2;91;3,200,92.17,15,6.91,12.06,321.29,0.63,0.74,0.0,0.0,True,True
2028,6,280,10,1,11,308440;308702;307904;307905;308108;5;1;2;91;3;4,246,87.86,28,10.0,16.81,341.57,0.69,0.81,0.0,0.0,True,True
2029,6,359,11,3,14,308440;308702;307904;307905;308108;5;1;2;91;3;4;6;7;8,321,89.42,28,7.8,19.92,323.46,0.69,0.81,0.0,0.0,True,True
2030,6,449,14,3,17,308440;308702;307904;307905;308108;5;1;2;91;3;4;6;7;8;9;10;11,400,89.09,38,8.46,21.64,290.07,0.7,0.8,0.0,0.0,True,True
2031,6,547,17,3,20,308440;308702;307904;307905;308108;5;1;2;91;3;4;6;7;8;9;10;11;12;13;14,486,88.85,44,8.04,26.41,290.25,0.71,0.81,0.0,0.0,True,True
2032,6,647,20,3,23,308440;308702;307904;307905;308108;5;1;2;91;3;4;6;7;8;9;10;11;12;13;14;15;16;17,574,88.72,49,7.57,31.2,285.17,0.72,0.85,0.0,0.0,True,True
2033,6,746,23,3,26,308440;308702;307904;307905;308108;5;1;2;91;3;4;6;7;8;9;10;11;12;13;14;15;16;17;18;19;20,662,88.74,55,7.37,36.04,283.27,0.74,0.83,0.0,0.56,True,True
2034,6,840,26,2,28,308440;308702;307904;307905;308108;5;1;2;91;3;4;6;7;8;9;10;11;12;13;14;15;16;17;18;19;20;21;22,721,85.83,72,8.57,40.31,285.27,0.74,0.85,0.0,4.62,True,True
2035,6,925,28,2,30,308440;308702;307904;307905;308108;5;1;2;91;3;4;6;7;8;9;10;11;12;13;14;15;16;17;18;19;20;21;22;23;24,782,84.54,72,7.78,40.76,280.54,0.74,0.86,0.0,6.97,True,True
2026,9,159,5,3,8,308440;308702;307904;307905;308108;5;1;2,150,94.34,7,4.4,8.75,300.88,0.6,0.74,0.0,0.0,True,True
2027,9,217,8,2,10,308440;308702;307904;307905;308108;5;1;2;91;3,199,91.71,13,5.99,12.59,317.65,0.62,0.77,0.0,0.0,True,True
2028,9,280,10,1,11,308440;308702;307904;307905;308108;5;1;2;91;3;4,247,88.21,27,9.64,16.44,330.15,0.69,0.83,0.0,0.0,True,True
2029,9,359,11,3,14,308440;308702;307904;307905;308108;5;1;2;91;3;4;6;7;8,318,88.58,34,9.47,18.35,300.83,0.69,0.82,0.0,0.0,True,True
2030,9,449,14,3,17,308440;308702;307904;307905;308108;5;1;2;91;3;4;6;7;8;9;10;11,400,89.09,36,8.02,24.89,304.34,0.7,0.83,0.0,0.0,True,True
2031,9,547,17,3,20,308440;308702;307904;307905;308108;5;1;2;91;3;4;6;7;8;9;10;11;12;13;14,483,88.3,42,7.68,28.53,292.92,0.71,0.84,0.0,0.0,True,True
2032,9,647,20,2,22,308440;308702;307904;307905;308108;5;1;2;91;3;4;6;7;8;9;10;11;12;13;14;15;16,544,84.08,64,9.89,32.92,299.17,0.73,0.89,0.0,3.69,True,True
2033,9,746,22,4,26,308440;308702;307904;307905;308108;5;1;2;91;3;4;6;7;8;9;10;11;12;13;14;15;16;17;18;19;20,645,86.46,58,7.77,35.77,275.48,0.73,0.87,0.0,0.56,True,True
2034,9,840,26,2,28,308440;308702;307904;307905;308108;5;1;2;91;3;4;6;7;8;9;10;11;12;13;14;15;16;17;18;19;20;21;22,701,83.45,83,9.88,39.04,279.89,0.73,0.87,0.0,4.62,True,True
2035,9,925,28,3,31,308440;308702;307904;307905;308108;5;1;2;91;3;4;6;7;8;9;10;11;12;13;14;15;16;17;18;19;20;21;22;23;24;25,774,83.68,71,7.68,44.5,288.91,0.73,0.87,0.0,3.76,True,True
2026,0,159,5,4,9,308440;308702;307904;307905;308108;5;1;2;3,148,93.08,7,4.4,8.09,282.25,0.52,0.7,0.0,0.0,True,True
2027,0,217,9,1,10,308440;308702;307904;307905;308108;5;1;2;3;91,191,88.02,21,9.68,13.3,330.63,0.6,0.78,0.0,0.0,True,True
2028,0,280,10,2,12,308440;308702;307904;307905;308108;5;1;2;3;91;4;6,258,92.14,19,6.79,16.57,321.06,0.66,0.78,0.0,0.0,True,True
2029,0,359,12,2,14,308440;308702;307904;307905;308108;5;1;2;3;91;4;6;7;8,318,88.58,31,8.64,21.1,321.77,0.69,0.84,0.0,0.0,True,True
2030,0,449,14,3,17,308440;308702;307904;307905;308108;5;1;2;3;91;4;6;7;8;9;10;11,404,89.98,31,6.9,23.59,298.47,0.71,0.83,0.0,0.0,True,True
2031,0,547,17,3,20,308440;308702;307904;307905;308108;5;1;2;3;91;4;6;7;8;9;10;11;12;13;14,483,88.3,40,7.31,28.52,295.42,0.7,0.86,0.0,0.0,True,True
2032,0,647,20,3,23,308440;308702;307904;307905;308108;5;1;2;3;91;4;6;7;8;9;10;11;12;13;14;15;16;17,567,87.64,43,6.65,32.01,289.86,0.71,0.86,0.0,0.0,True,True
2033,0,746,23,3,26,308440;308702;307904;307905;308108;5;1;2;3;91;4;6;7;8;9;10;11;12;13;14;15;16;17;18;19;20,653,87.53,56,7.51,35.95,278.93,0.73,0.86,0.0,0.56,True,True
2034,0,840,26,2,28,308440;308702;307904;307905;308108;5;1;2;3;91;4;6;7;8;9;10;11;12;13;14;15;16;17;18;19;20;21;22,699,83.21,81,9.64,39.14,280.98,0.72,0.85,0.0,4.62,True,True
2035,0,925,28,3,31,308440;308702;307904;307905;308108;5;1;2;3;91;4;6;7;8;9;10;11;12;13;14;15;16;17;18;19;20;21;22;23;24;25,778,84.11,66,7.14,41.99,276.02,0.73,0.87,0.0,3.76,True,True
2026,5,159,5,3,8,308440;308702;307904;307905;308108;5;1;2,142,89.31,13,8.18,8.74,295.49,0.58,0.71,0.0,0.0,True,True
2027,5,217,8,2,10,308440;308702;307904;307905;308108;5;1;2;91;3,193,88.94,21,9.68,12.78,316.54,0.62,0.73,0.0,0.0,True,True
2028,5,280,10,2,12,308440;308702;307904;307905;308108;5;1;2;91;3;4;6,257,91.79,18,6.43,15.42,303.96,0.66,0.83,0.0,0.0,True,True
2029,5,359,12,2,14,308440;308702;307904;307905;308108;5;1;2;91;3;4;6;7;8,318,88.58,33,9.19,19.93,306.84,0.69,0.85,0.0,0.0,True,True
2030,5,449,14,3,17,308440;308702;307904;307905;308108;5;1;2;91;3;4;6;7;8;9;10;11,398,88.64,37,8.24,21.83,277.17,0.7,0.87,0.0,0.0,True,True
2031,5,547,17,3,20,308440;308702;307904;307905;308108;5;1;2;91;3;4;6;7;8;9;10;11;12;13;14,475,86.84,54,9.87,28.65,295.27,0.71,0.85,0.0,0.0,True,True
2032,5,647,20,3,23,308440;308702;307904;307905;308108;5;1;2;91;3;4;6;7;8;9;10;11;12;13;14;15;16;17,557,86.09,56,8.66,33.44,293.77,0.72,0.86,0.0,0.0,True,True
2033,5,746,23,3,26,308440;308702;307904;307905;308108;5;1;2;91;3;4;6;7;8;9;10;11;12;13;14;15;16;17;18;19;20,634,84.99,71,9.52,34.08,271.08,0.72,0.84,0.0,0.56,True,True
2034,5,840,26,2,28,308440;308702;307904;307905;308108;5;1;2;91;3;4;6;7;8;9;10;11;12;13;14;15;16;17;18;19;20;21;22,696,82.86,82,9.76,39.12,279.97,0.73,0.87,0.0,4.62,True,True
2035,5,925,28,3,31,308440;308702;307904;307905;308108;5;1;2;91;3;4;6;7;8;9;10;11;12;13;14;15;16;17;18;19;20;21;22;23;24;25,769,83.14,81,8.76,42.98,282.52,0.73,0.86,0.0,3.76,True,True
2026,2,159,5,3,8,308440;308702;307904;307905;308108;5;1;2,144,90.57,11,6.92,10.53,306.26,0.59,0.74,0.0,0.0,True,True
2027,2,217,8,2,10,308440;308702;307904;307905;308108;5;1;2;91;3,193,88.94,21,9.68,12.72,319.76,0.62,0.77,0.0,0.0,True,True
2028,2,280,10,2,12,308440;308702;307904;307905;308108;5;1;2;91;3;4;6,255,91.07,19,6.79,16.85,318.35,0.67,0.84,0.0,0.0,True,True
2029,2,359,12,2,14,308440;308702;307904;307905;308108;5;1;2;91;3;4;6;7;8,319,88.86,30,8.36,20.53,320.44,0.7,0.87,0.0,0.0,True,True
2030,2,449,14,3,17,308440;308702;307904;307905;308108;5;1;2;91;3;4;6;7;8;9;10;11,391,87.08,44,9.8,24.3,300.49,0.7,0.88,0.0,0.0,True,True
2031,2,547,17,3,20,308440;308702;307904;307905;308108;5;1;2;91;3;4;6;7;8;9;10;11;12;13;14,475,86.84,53,9.69,29.18,294.19,0.71,0.85,0.0,0.0,True,True
2032,2,647,20,3,23,308440;308702;307904;307905;308108;5;1;2;91;3;4;6;7;8;9;10;11;12;13;14;15;16;17,554,85.63,58,8.96,31.49,283.36,0.71,0.88,0.0,0.0,True,True
2033,2,746,23,3,26,308440;308702;307904;307905;308108;5;1;2;91;3;4;6;7;8;9;10;11;12;13;14;15;16;17;18;19;20,640,85.79,69,9.25,38.94,289.47,0.73,0.86,0.0,0.56,True,True
2034,2,840,26,2,28,308440;308702;307904;307905;308108;5;1;2;91;3;4;6;7;8;9;10;11;12;13;14;15;16;17;18;19;20;21;22,699,83.21,84,10.0,41.52,284.72,0.73,0.86,0.0,4.62,True,True
2035,2,925,28,3,31,308440;308702;307904;307905;308108;5;1;2;91;3;4;6;7;8;9;10;11;12;13;14;15;16;17;18;19;20;21;22;23;24;25,778,84.11,68,7.35,44.5,285.8,0.73,0.88,0.0,3.76,True,True
2026,4,159,5,3,8,308440;308702;307904;307905;308108;5;1;2,146,91.82,9,5.66,7.47,293.36,0.59,0.72,0.0,0.0,True,True
2027,4,217,8,2,10,308440;308702;307904;307905;308108;5;1;2;91;3,195,89.86,20,9.22,12.09,319.64,0.62,0.81,0.0,0.0,True,True
2028,4,280,10,2,12,308440;308702;307904;307905;308108;5;1;2;91;3;4;6,247,88.21,25,8.93,14.17,295.34,0.64,0.81,0.0,0.0,True,True
2029,4,359,12,3,15,308440;308702;307904;307905;308108;5;1;2;91;3;4;6;7;8;9,332,92.48,20,5.57,18.79,290.55,0.68,0.87,0.0,0.0,True,True
2030,4,449,15,2,17,308440;308702;307904;307905;308108;5;1;2;91;3;4;6;7;8;9;10;11,402,89.53,32,7.13,23.24,291.1,0.71,0.93,0.0,0.0,True,True
2031,4,547,17,3,20,308440;308702;307904;307905;308108;5;1;2;91;3;4;6;7;8;9;10;11;12;13;14,477,87.2,45,8.23,26.73,285.56,0.7,0.86,0.0,0.0,True,True
2032,4,647,20,3,23,308440;308702;307904;307905;308108;5;1;2;91;3;4;6;7;8;9;10;11;12;13;14;15;16;17,556,85.94,55,8.5,33.37,296.75,0.72,0.91,0.0,0.0,True,True
2033,4,746,23,3,26,308440;308702;307904;307905;308108;5;1;2;91;3;4;6;7;8;9;10;11;12;13;14;15;16;17;18;19;20,639,85.66,68,9.12,34.44,276.4,0.73,0.91,0.0,0.56,True,True
2034,4,840,26,3,29,308440;308702;307904;307905;308108;5;1;2;91;3;4;6;7;8;9;10;11;12;13;14;15;16;17;18;19;20;21;22;23,712,84.76,60,7.14,39.81,277.2,0.72,0.9,0.0,1.09,True,True
2035,4,925,29,2,31,308440;308702;307904;307905;308108;5;1;2;91;3;4;6;7;8;9;10;11;12;13;14;15;16;17;18;19;20;21;22;23;24;25,773,83.57,79,8.54,41.1,275.68,0.74,0.91,0.0,3.76,True,True
2026,3,159,5,3,8,308440;308702;307904;307905;308108;5;1;2,144,90.57,11,6.92,8.97,310.99,0.59,0.74,0.0,0.0,True,True
2027,3,217,8,2,10,308440;308702;307904;307905;308108;5;1;2;91;3,196,90.32,17,7.83,11.65,301.9,0.62,0.77,0.0,0.0,True,True
2028,3,280,10,2,12,308440;308702;307904;307905;308108;5;1;2;91;3;4;6,250,89.29,26,9.29,14.72,295.58,0.64,0.78,0.0,0.0,True,True
2029,3,359,12,3,15,308440;308702;307904;307905;308108;5;1;2;91;3;4;6;7;8;9,328,91.36,22,6.13,19.83,290.1,0.66,0.83,0.0,0.0,True,True
2030,3,449,15,2,17,308440;308702;307904;307905;308108;5;1;2;91;3;4;6;7;8;9;10;11,394,87.75,38,8.46,26.12,316.44,0.69,0.86,0.0,0.0,True,True
2031,3,547,17,3,20,308440;308702;307904;307905;308108;5;1;2;91;3;4;6;7;8;9;10;11;12;13;14,480,87.75,48,8.78,29.43,299.88,0.71,0.85,0.0,0.0,True,True
2032,3,647,20,3,23,308440;308702;307904;307905;308108;5;1;2;91;3;4;6;7;8;9;10;11;12;13;14;15;16;17,558,86.24,56,8.66,33.12,293.57,0.72,0.89,0.0,0.0,True,True
2033,3,746,23,3,26,308440;308702;307904;307905;308108;5;1;2;91;3;4;6;7;8;9;10;11;12;13;14;15;16;17;18;19;20,642,86.06,60,8.04,36.46,281.97,0.72,0.85,0.0,0.56,True,True
2034,3,840,26,3,29,308440;308702;307904;307905;308108;5;1;2;91;3;4;6;7;8;9;10;11;12;13;14;15;16;17;18;19;20;21;22;23,716,85.24,63,7.5,40.31,280.6,0.73,0.89,0.0,1.09,True,True
2035,3,925,29,2,31,308440;308702;307904;307905;308108;5;1;2;91;3;4;6;7;8;9;10;11;12;13;14;15;16;17;18;19;20;21;22;23;24;25,777,84.0,72,7.78,42.15,277.69,0.73,0.9,0.0,3.76,True,True
2026,1,159,5,4,9,308440;308702;307904;307905;308108;5;1;2;3,152,95.6,4,2.52,8.41,285.15,0.54,0.67,0.0,0.0,True,True
2027,1,217,9,1,10,308440;308702;307904;307905;308108;5;1;2;3;91,193,88.94,19,8.76,13.16,333.84,0.61,0.74,0.0,0.0,True,True
2028,1,280,10,2,12,308440;308702;307904;307905;308108;5;1;2;3;91;4;6,251,89.64,21,7.5,17.14,324.46,0.66,0.79,0.0,0.0,True,True
2029,1,359,12,3,15,308440;308702;307904;307905;308108;5;1;2;3;91;4;6;7;8;9,323,89.97,25,6.96,20.61,311.68,0.67,0.81,0.0,0.0,True,True
2030,1,449,15,2,17,308440;308702;307904;307905;308108;5;1;2;3;91;4;6;7;8;9;10;11,391,87.08,37,8.24,25.99,313.0,0.7,0.8,0.0,0.0,True,True
2031,1,547,17,3,20,308440;308702;307904;307905;308108;5;1;2;3;91;4;6;7;8;9;10;11;12;13;14,469,85.74,52,9.51,30.44,306.78,0.71,0.81,0.0,0.0,True,True
2032,1,647,20,3,23,308440;308702;307904;307905;308108;5;1;2;3;91;4;6;7;8;9;10;11;12;13;14;15;16;17,552,85.32,59,9.12,32.18,291.04,0.72,0.82,0.0,0.0,True,True
2033,1,746,23,3,26,308440;308702;307904;307905;308108;5;1;2;3;91;4;6;7;8;9;10;11;12;13;14;15;16;17;18;19;20,635,85.12,67,8.98,36.21,283.47,0.73,0.83,0.0,0.56,True,True
2034,1,840,26,3,29,308440;308702;307904;307905;308108;5;1;2;3;91;4;6;7;8;9;10;11;12;13;14;15;16;17;18;19;20;21;22;23,706,84.05,67,7.98,39.02,279.79,0.72,0.84,0.0,1.09,True,True
2035,1,925,29,2,31,308440;308702;307904;307905;308108;5;1;2;3;91;4;6;7;8;9;10;11;12;13;14;15;16;17;18;19;20;21;22;23;24;25,770,83.24,77,8.32,44.92,291.21,0.74,0.86,0.0,3.76,True,True
2026,8,159,5,3,8,308440;308702;307904;307905;308108;5;1;2,143,89.94,12,7.55,9.17,307.58,0.59,0.72,0.0,0.0,True,True
2027,8,217,8,3,11,308440;308702;307904;307905;308108;5;1;2;91;3;4,202,93.09,11,5.07,10.92,288.86,0.59,0.76,0.0,0.0,True,True
2028,8,280,11,1,12,308440;308702;307904;307905;308108;5;1;2;91;3;4;6,249,88.93,25,8.93,15.58,304.0,0.65,0.8,0.0,0.0,True,True
2029,8,359,12,3,15,308440;308702;307904;307905;308108;5;1;2;91;3;4;6;7;8;9,332,92.48,22,6.13,19.37,301.45,0.68,0.83,0.0,0.0,True,True
2030,8,449,15,2,17,308440;308702;307904;307905;308108;5;1;2;91;3;4;6;7;8;9;10;11,394,87.75,42,9.35,25.34,306.26,0.71,0.83,0.0,0.0,True,True
2031,8,547,17,3,20,308440;308702;307904;307905;308108;5;1;2;91;3;4;6;7;8;9;10;11;12;13;14,470,85.92,52,9.51,30.08,304.64,0.71,0.85,0.0,0.0,True,True
2032,8,647,20,3,23,308440;308702;307904;307905;308108;5;1;2;91;3;4;6;7;8;9;10;11;12;13;14;15;16;17,560,86.55,52,8.04,33.17,293.05,0.73,0.87,0.0,0.0,True,True
2033,8,746,23,3,26,308440;308702;307904;307905;308108;5;1;2;91;3;4;6;7;8;9;10;11;12;13;14;15;16;17;18;19;20,643,86.19,61,8.18,36.13,280.5,0.73,0.9,0.0,0.56,True,True
2034,8,840,26,3,29,308440;308702;307904;307905;308108;5;1;2;91;3;4;6;7;8;9;10;11;12;13;14;15;16;17;18;19;20;21;22;23,716,85.24,66,7.86,39.96,281.37,0.73,0.87,0.0,1.09,True,True
2035,8,925,29,2,31,308440;308702;307904;307905;308108;5;1;2;91;3;4;6;7;8;9;10;11;12;13;14;15;16;17;18;19;20;21;22;23;24;25,777,84.0,74,8.0,43.57,283.02,0.74,0.89,0.0,3.76,True,True
