car,charge_time,charger_fid,charger_id,destination_fid,from_charger_id,kind,last_charger_id,msg,t,to_charger_id,waited,walking_dist_m
Car 0,,,,8,,arrived,,arrived,56.86964922356096,,,
Car 0,,5,5,,,start_charge,,starting to charge at Charger 5 (fid=5),56.86964922356096,,0.0,
Car 1,,,,85,,arrived,,arrived,57.36205631335496,,,
Car 1,,308108,4,,,start_charge,,starting to charge at Charger 4 (fid=308108),57.36205631335496,,0.0,
Car 2,,,,27,,arrived,,arrived,63.393082063608524,,,
Car 2,,308440,0,,,start_charge,,starting to charge at Charger 0 (fid=308440),63.393082063608524,,0.0,
Car 3,,,,61,,arrived,,arrived,65.0923197095353,,,
Car 3,,1,6,,,start_charge,,starting to charge at Charger 6 (fid=1),65.0923197095353,,0.0,
Car 0,52.0,5,5,,,done,,done charging,108.86964922356097,,,244.51614937031866
Car 3,72.0,1,6,,,done,,done charging,137.0923197095353,,,419.7635025576588
Car 2,84.0,308440,0,,,done,,done charging,147.39308206360852,,,125.09112601081497
Car 1,91.0,308108,4,,,done,,done charging,148.36205631335497,,,201.56588025333605
Car 4,,,,68,,arrived,,arrived,164.15819934411138,,,
Car 4,,308440,0,,,start_charge,,starting to charge at Charger 0 (fid=308440),164.15819934411138,,0.0,
Car 5,,,,63,,arrived,,arrived,170.12993268776697,,,
Car 5,,5,5,,,start_charge,,starting to charge at Charger 5 (fid=5),170.12993268776697,,0.0,
Car 6,,,,29,,arrived,,arrived,198.48818745534865,,,
Car 6,,308702,1,,,start_charge,,starting to charge at Charger 1 (fid=308702),198.48818745534865,,0.0,
Car 7,,,,26,,arrived,,arrived,220.18382408641327,,,
Car 7,,308702,1,,,start_charge,,starting to charge at Charger 1 (fid=308702),220.18382408641327,,0.0,
Car 5,100.0,5,5,,,done,,done charging,270.129932687767,,,147.52671189997855
Car 8,,,,30,,arrived,,arrived,276.35664994070777,,,
Car 8,,308440,0,,,start_charge,,starting to charge at Charger 0 (fid=308440),276.35664994070777,,0.0,
Car 9,,,,3,,arrived,,arrived,276.4081040184503,,,
Car 9,,1,6,,,start_charge,,starting to charge at Charger 6 (fid=1),276.4081040184503,,0.0,
Car 4,119.0,308440,0,,,done,,done charging,283.1581993441114,,,46.13370440893304
Car 6,110.0,308702,1,,,done,,done charging,308.4881874553487,,,99.80849291607737
Car 10,,,,50,,arrived,,arrived,309.5029722152883,,,
Car 10,,1,6,,,start_charge,,starting to charge at Charger 6 (fid=1),309.5029722152883,,0.0,
Car 9,49.0,1,6,,,done,,done charging,325.4081040184503,,,485.9693802717032
Car 11,,,,17,,arrived,,arrived,325.8401784174761,,,
Car 11,,308702,1,,,start_charge,,starting to charge at Charger 1 (fid=308702),325.8401784174761,,0.0,
Car 7,114.0,308702,1,,,done,,done charging,334.18382408641327,,,159.23095758523112
Car 12,,,,5,,arrived,,arrived,334.8722410267202,,,
Car 12,,5,5,,,start_charge,,starting to charge at Charger 5 (fid=5),334.8722410267202,,0.0,
Car 13,,,,14,,arrived,,arrived,362.15545976357146,,,
Car 13,,308440,0,,,start_charge,,starting to charge at Charger 0 (fid=308440),362.15545976357146,,0.0,
Car 14,,,,24,,arrived,,arrived,376.09444449895966,,,
Car 14,,,,,0,switch,,"Charger 0 (fid=308440) not available, trying Charger 2 (fid=307904)",381.09444449895966,2,,
Car 15,,,,16,,arrived,,arrived,383.6119092123223,,,
Car 8,109.0,308440,0,,,done,,done charging,385.35664994070777,,,135.6181282481665
Car 15,,308440,0,,,start_charge,,starting to charge at Charger 0 (fid=308440),385.35664994070777,,1.744740728385466,
Car 14,,307904,2,,,start_charge,,starting to charge at Charger 2 (fid=307904),385.43093199785295,,5.0,
Car 16,,,,11,,arrived,,arrived,386.6912513235512,,,
Car 16,,,,,0,switch,,"Charger 0 (fid=308440) not available, trying Charger 5 (fid=5)",391.6912513235512,5,,
Car 17,,,,37,,arrived,,arrived,392.65062284575924,,,
Car 17,,5,5,,,start_charge,,starting to charge at Charger 5 (fid=5),392.65062284575924,,0.0,
Car 10,91.0,1,6,,,done,,done charging,400.5029722152883,,,322.6397669506198
Car 16,,,,,5,switch,,"Charger 5 (fid=5) not available, trying Charger 6 (fid=1)",402.24843463401834,6,,
Car 18,,,,67,,arrived,,arrived,403.38072487424796,,,
Car 18,,308702,1,,,start_charge,,starting to charge at Charger 1 (fid=308702),403.38072487424796,,0.0,
Car 16,,1,6,,,start_charge,,starting to charge at Charger 6 (fid=1),409.3921274170607,,10.0,
Car 11,85.0,308702,1,,,done,,done charging,410.8401784174761,,,30.763536663362352
Car 19,,,,124,,arrived,,arrived,416.9637283855946,,,
Car 20,,,,77,,arrived,,arrived,419.68917377698455,,,
Car 20,,1,6,,,start_charge,,starting to charge at Charger 6 (fid=1),419.68917377698455,,0.0,
Car 21,,,,17,,arrived,,arrived,421.4314847484469,,,
Car 21,,308702,1,,,start_charge,,starting to charge at Charger 1 (fid=308702),421.4314847484469,,0.0,
Car 22,,,,77,,arrived,,arrived,421.64669142544915,,,
Car 19,,,,,0,switch,,"Charger 0 (fid=308440) not available, trying Charger 1 (fid=308702)",421.9637283855946,1,,
Car 22,,,,,6,switch,,"Charger 6 (fid=1) not available, trying Charger 4 (fid=308108)",426.64669142544915,4,,
Car 23,,,,37,,arrived,,arrived,428.201843579188,,,
Car 22,,308108,4,,,start_charge,,starting to charge at Charger 4 (fid=308108),429.4980709164086,,5.0,
Car 19,,,,,1,switch,,"Charger 1 (fid=308702) not available, trying Charger 2 (fid=307904)",430.07418101299305,2,,
Car 23,,,,,5,switch,,"Charger 5 (fid=5) not available, trying Charger 1 (fid=308702)",433.201843579188,1,,
Car 15,48.0,308440,0,,,done,,done charging,433.35664994070777,,,203.64786556725295
Car 12,99.0,5,5,,,done,,done charging,433.8722410267202,,,33.65698085203282
Car 24,,,,14,,arrived,,arrived,434.1674044269037,,,
Car 24,,308440,0,,,start_charge,,starting to charge at Charger 0 (fid=308440),434.1674044269037,,0.0,
Car 25,,,,72,,arrived,,arrived,439.10790767122063,,,
Car 26,,,,65,,arrived,,arrived,439.50857572566963,,,
Car 26,,5,5,,,start_charge,,starting to charge at Charger 5 (fid=5),439.50857572566963,,0.0,
Car 19,,,,,2,switch,,"Charger 2 (fid=307904) not available, trying Charger 3 (fid=307905)",441.5619603911384,3,,
Car 23,,,,,1,switch,,"Charger 1 (fid=308702) not available, trying Charger 0 (fid=308440)",441.75695693660793,0,,
Car 19,,307905,3,,,start_charge,,starting to charge at Charger 3 (fid=307905),441.8255865727025,,15.0,
Car 27,,,,52,,arrived,,arrived,442.8008953140427,,,
Car 25,,,,,0,switch,,"Charger 0 (fid=308440) not available, trying Charger 1 (fid=308702)",444.10790767122063,1,,
Car 27,,,,,6,switch,,"Charger 6 (fid=1) not available, trying Charger 2 (fid=307904)",447.8008953140427,2,,
Car 28,,,,53,,arrived,,arrived,447.8936317258387,,,
Car 28,,308108,4,,,start_charge,,starting to charge at Charger 4 (fid=308108),447.8936317258387,,0.0,
Car 23,,,,,0,switch,,"Charger 0 (fid=308440) not available, trying Charger 6 (fid=1)",449.8674095640064,6,,
Car 29,,,,66,,arrived,,arrived,450.61343075023206,,,
Car 30,,,,15,,arrived,,arrived,451.5451661487617,,,
Car 25,,,,,1,switch,,"Charger 1 (fid=308702) not available, trying Charger 2 (fid=307904)",452.2183602986191,2,,
Car 14,67.0,307904,2,,,done,,done charging,452.43093199785295,,,293.643934006868
Car 27,,307904,2,,,start_charge,,starting to charge at Charger 2 (fid=307904),452.43093199785295,,8.440183122489714,
Car 31,,,,37,,arrived,,arrived,453.63062166158994,,,
Car 29,,,,,5,switch,,"Charger 5 (fid=5) not available, trying Charger 6 (fid=1)",455.61343075023206,6,,
Car 30,,,,,4,switch,,"Charger 4 (fid=308108) not available, trying Charger 6 (fid=1)",456.5451661487617,6,,
Car 31,,,,,5,switch,,"Charger 5 (fid=5) not available, trying Charger 1 (fid=308702)",458.63062166158994,1,,
Car 23,,,,,6,switch,,"Charger 6 (fid=1) not available, trying Charger 2 (fid=307904)",460.14646127427693,2,,
Car 25,,,,,2,switch,,"Charger 2 (fid=307904) not available, trying Charger 3 (fid=307905)",463.70613967676445,3,,
Car 30,,,,,6,switch,,"Charger 6 (fid=1) not available, trying Charger 2 (fid=307904)",464.3965456397212,2,,
Car 23,,,,,2,switch,,"Charger 2 (fid=307904) not available, trying Charger 3 (fid=307905)",466.3363148355975,3,,
Car 31,,,,,1,switch,,"Charger 1 (fid=308702) not available, trying Charger 0 (fid=308440)",467.1857350190099,0,,
Car 29,,,,,6,switch,,"Charger 6 (fid=1) not available, trying Charger 4 (fid=308108)",467.7571235332744,4,,
Car 25,,,,,3,switch,,"Charger 3 (fid=307905) not available, trying Charger 6 (fid=1)",468.9697658583285,6,,
Car 30,,,,,2,switch,,"Charger 2 (fid=307904) not available, trying Charger 3 (fid=307905)",470.58639920104173,3,,
Car 23,,,,,3,switch,,"Charger 3 (fid=307905) not available, trying Charger 4 (fid=308108)",471.59994101716154,4,,
Car 32,,,,73,,arrived,,arrived,473.5073674696972,,,
Car 13,112.0,308440,0,,,done,,done charging,474.15545976357146,,,132.81305867336218
Car 31,,308440,0,,,start_charge,,starting to charge at Charger 0 (fid=308440),474.15545976357146,,13.85927211716313,
Car 25,,,,,6,switch,,"Charger 6 (fid=1) not available, trying Charger 5 (fid=5)",475.17595625126984,5,,
Car 29,,,,,4,switch,,"Charger 4 (fid=308108) not available, trying Charger 2 (fid=307904)",475.60850302423387,2,,
Car 30,,,,,3,switch,,"Charger 3 (fid=307905) not available, trying Charger 0 (fid=308440)",475.8500253826058,0,,
Car 16,67.0,1,6,,,done,,done charging,476.3921274170607,,,313.0109938603731
Car 32,,,,,5,switch,,"Charger 5 (fid=5) not available, trying Charger 1 (fid=308702)",478.5073674696972,1,,
Car 23,,,,,,gave_up,4,"no alternate charger available, gave up",480.1224108634137,,,
Car 29,,,,,2,switch,,"Charger 2 (fid=307904) not available, trying Charger 3 (fid=307905)",484.1146360388653,3,,
Car 30,,,,,0,switch,,"Charger 0 (fid=308440) not available, trying Charger 5 (fid=5)",485.20284971311986,5,,
Car 32,,,,,1,switch,,"Charger 1 (fid=308702) not available, trying Charger 0 (fid=308440)",487.06248082711716,0,,
Car 25,,,,,5,switch,,"Charger 5 (fid=5) not available, trying Charger 4 (fid=308108)",487.3196490343122,4,,
Car 29,,,,,3,switch,,"Charger 3 (fid=307905) not available, trying Charger 0 (fid=308440)",489.37826222042935,0,,
Car 33,,,,66,,arrived,,arrived,490.9106098093887,,,
Car 32,,,,,0,switch,,"Charger 0 (fid=308440) not available, trying Charger 6 (fid=1)",495.1729334545156,6,,
Car 30,,,,,5,switch,,"Charger 5 (fid=5) not available, trying Charger 1 (fid=308702)",495.76003302358697,1,,
Car 33,,,,,5,switch,,"Charger 5 (fid=5) not available, trying Charger 6 (fid=1)",495.9106098093887,6,,
Car 29,,,,,0,switch,,"Charger 0 (fid=308440) not available, trying Charger 1 (fid=308702)",498.7310865509434,1,,
Car 25,,,,,,gave_up,4,"no alternate charger available, gave up",500.127474903161,,,
Car 32,,1,6,,,start_charge,,starting to charge at Charger 6 (fid=1),500.45198516478615,,15.0,
Car 34,,,,80,,arrived,,arrived,501.2272186704962,,,
Car 17,110.0,5,5,,,done,,done charging,502.65062284575924,,,148.86565000518124
Car 30,,,,,,gave_up,1,"no alternate charger available, gave up",504.3151463810069,,,
Car 34,,,,,0,switch,,"Charger 0 (fid=308440) not available, trying Charger 2 (fid=307904)",506.2272186704962,2,,
Car 29,,,,,,gave_up,1,"no alternate charger available, gave up",506.84153917834186,,,
Car 33,,,,,6,switch,,"Charger 6 (fid=1) not available, trying Charger 4 (fid=308108)",508.05430259243104,4,,
Car 19,68.0,307905,3,,,done,,done charging,509.8255865727025,,,374.8135037551229
Car 18,110.0,308702,1,,,done,,done charging,513.380724874248,,,192.27447817342818
Car 34,,,,,2,switch,,"Charger 2 (fid=307904) not available, trying Charger 3 (fid=307905)",515.5637061693894,3,,
Car 34,,307905,3,,,start_charge,,starting to charge at Charger 3 (fid=307905),515.8273323509535,,9.999999999999943,
Car 33,,,,,4,switch,,"Charger 4 (fid=308108) not available, trying Charger 2 (fid=307904)",515.9056820833905,2,,
Car 35,,,,4,,arrived,,arrived,520.4687818407522,,,
Car 35,,5,5,,,start_charge,,starting to charge at Charger 5 (fid=5),520.4687818407522,,0.0,
Car 22,91.0,308108,4,,,done,,done charging,520.4980709164086,,,252.25969385824664
Car 20,102.0,1,6,,,done,,done charging,521.6891737769845,,,226.10647638976275
Car 36,,,,77,,arrived,,arrived,524.0641015136387,,,
Car 36,,1,6,,,start_charge,,starting to charge at Charger 6 (fid=1),524.0641015136387,,0.0,
Car 33,,,,,2,switch,,"Charger 2 (fid=307904) not available, trying Charger 3 (fid=307905)",524.4118150980219,3,,
Car 37,,,,35,,arrived,,arrived,525.7731290299843,,,
Car 38,,,,58,,arrived,,arrived,527.3848582477058,,,
Car 38,,308108,4,,,start_charge,,starting to charge at Charger 4 (fid=308108),527.3848582477058,,0.0,
Car 39,,,,65,,arrived,,arrived,527.8055952852984,,,
Car 27,76.0,307904,2,,,done,,done charging,528.4309319978529,,,141.62396092005628
Car 33,,,,,3,switch,,"Charger 3 (fid=307905) not available, trying Charger 0 (fid=308440)",529.6754412795859,0,,
Car 37,,,,,0,switch,,"Charger 0 (fid=308440) not available, trying Charger 2 (fid=307904)",530.7731290299843,2,,
Car 39,,,,,5,switch,,"Charger 5 (fid=5) not available, trying Charger 1 (fid=308702)",532.8055952852984,1,,
Car 21,112.0,308702,1,,,done,,done charging,533.4314847484469,,,30.763536663362352
Car 40,,,,41,,arrived,,arrived,533.6142921949793,,,
Car 40,,308702,1,,,start_charge,,starting to charge at Charger 1 (fid=308702),533.6142921949793,,0.0,
Car 41,,,,52,,arrived,,arrived,534.3956189938536,,,
Car 37,,307904,2,,,start_charge,,starting to charge at Charger 2 (fid=307904),535.1096165288775,,5.0,
Car 24,102.0,308440,0,,,done,,done charging,536.1674044269037,,,132.81305867336218
Car 33,,308440,0,,,start_charge,,starting to charge at Charger 0 (fid=308440),536.1674044269037,,27.139138816803666,
Car 39,,308702,1,,,start_charge,,starting to charge at Charger 1 (fid=308702),536.3607086427184,,5.0,
Car 42,,,,26,,arrived,,arrived,537.7140562738936,,,
Car 43,,,,77,,arrived,,arrived,538.8585943843276,,,
Car 41,,,,,6,switch,,"Charger 6 (fid=1) not available, trying Charger 2 (fid=307904)",539.3956189938536,2,,
Car 44,,,,73,,arrived,,arrived,539.9210140915532,,,
Car 42,,,,,1,switch,,"Charger 1 (fid=308702) not available, trying Charger 5 (fid=5)",542.7140562738936,5,,
Car 26,104.0,5,5,,,done,,done charging,543.5085757256696,,,148.98279130526512
Car 44,,5,5,,,start_charge,,starting to charge at Charger 5 (fid=5),543.5085757256696,,3.5875616341164687,
Car 43,,,,,6,switch,,"Charger 6 (fid=1) not available, trying Charger 4 (fid=308108)",543.8585943843276,4,,
Car 41,,,,,2,switch,,"Charger 2 (fid=307904) not available, trying Charger 3 (fid=307905)",545.5854725551742,3,,
Car 45,,,,124,,arrived,,arrived,549.6710791982412,,,
Car 41,,,,,3,switch,,"Charger 3 (fid=307905) not available, trying Charger 4 (fid=308108)",550.8490987367383,4,,
Car 42,,,,,5,switch,,"Charger 5 (fid=5) not available, trying Charger 0 (fid=308440)",551.2691696313135,0,,
Car 43,,,,,4,switch,,"Charger 4 (fid=308108) not available, trying Charger 2 (fid=307904)",551.7099738752871,2,,
Car 45,,,,,0,switch,,"Charger 0 (fid=308440) not available, trying Charger 1 (fid=308702)",554.6710791982412,1,,
Car 28,108.0,308108,4,,,done,,done charging,555.8936317258388,,,274.87579336332186
Car 41,,308108,4,,,start_charge,,starting to charge at Charger 4 (fid=308108),555.8936317258388,,16.52206314284831,
Car 43,,,,,2,switch,,"Charger 2 (fid=307904) not available, trying Charger 3 (fid=307905)",560.2161068899185,3,,
Car 42,,,,,0,switch,,"Charger 0 (fid=308440) not available, trying Charger 2 (fid=307904)",561.8263529417807,2,,
Car 45,,,,,1,switch,,"Charger 1 (fid=308702) not available, trying Charger 2 (fid=307904)",562.7815318256396,2,,
Car 43,,,,,3,switch,,"Charger 3 (fid=307905) not available, trying Charger 5 (fid=5)",565.4797330714825,5,,
Car 46,,,,6,,arrived,,arrived,567.6844018645187,,,
Car 47,,,,30,,arrived,,arrived,569.4008353110115,,,
Car 48,,,,68,,arrived,,arrived,570.0504637578393,,,
Car 42,,,,,2,switch,,"Charger 2 (fid=307904) not available, trying Charger 3 (fid=307905)",571.1628404406739,3,,
Car 49,,,,74,,arrived,,arrived,571.8213429674067,,,
Car 46,,,,,6,switch,,"Charger 6 (fid=1) not available, trying Charger 2 (fid=307904)",572.6844018645187,2,,
Car 45,,,,,2,switch,,"Charger 2 (fid=307904) not available, trying Charger 3 (fid=307905)",574.269311203785,3,,
Car 47,,,,,0,switch,,"Charger 0 (fid=308440) not available, trying Charger 2 (fid=307904)",574.4008353110115,2,,
Car 48,,,,,0,switch,,"Charger 0 (fid=308440) not available, trying Charger 1 (fid=308702)",575.0504637578393,1,,
Car 42,,,,,3,switch,,"Charger 3 (fid=307905) not available, trying Charger 6 (fid=1)",576.426466622238,6,,
Car 49,,,,,2,switch,,"Charger 2 (fid=307904) not available, trying Charger 3 (fid=307905)",576.8213429674067,3,,
Car 43,,,,,5,switch,,"Charger 5 (fid=5) not available, trying Charger 0 (fid=308440)",577.6593767434044,0,,
Car 31,104.0,308440,0,,,done,,done charging,578.1554597635715,,,372.19578970139935
Car 46,,,,,2,switch,,"Charger 2 (fid=307904) not available, trying Charger 3 (fid=307905)",578.8742554258392,3,,
Car 45,,,,,3,switch,,"Charger 3 (fid=307905) not available, trying Charger 6 (fid=1)",579.5329373853491,6,,
Car 49,,,,,3,switch,,"Charger 3 (fid=307905) not available, trying Charger 6 (fid=1)",582.0849691489708,6,,
Car 42,,,,,6,switch,,"Charger 6 (fid=1) not available, trying Charger 4 (fid=308108)",582.6326570151793,4,,
Car 50,,,,89,,arrived,,arrived,582.9090538942472,,,
Car 48,,,,,1,switch,,"Charger 1 (fid=308702) not available, trying Charger 2 (fid=307904)",583.1609163852378,2,,
Car 43,,308440,0,,,start_charge,,starting to charge at Charger 0 (fid=308440),583.2165600538716,,25.0,
Car 47,,,,,2,switch,,"Charger 2 (fid=307904) not available, trying Charger 3 (fid=307905)",583.7373228099048,3,,
Car 46,,,,,3,switch,,"Charger 3 (fid=307905) not available, trying Charger 0 (fid=308440)",584.1378816074033,0,,
Car 51,,,,82,,arrived,,arrived,585.2402442991123,,,
Car 45,,,,,6,switch,,"Charger 6 (fid=1) not available, trying Charger 5 (fid=5)",585.7391277782905,5,,
Car 35,66.0,5,5,,,done,,done charging,586.4687818407522,,,74.00372403072134
Car 50,,,,,4,switch,,"Charger 4 (fid=308108) not available, trying Charger 2 (fid=307904)",587.9090538942472,2,,
Car 49,,,,,6,switch,,"Charger 6 (fid=1) not available, trying Charger 0 (fid=308440)",588.2911595419122,0,,
Car 47,,,,,3,switch,,"Charger 3 (fid=307905) not available, trying Charger 1 (fid=308702)",589.0009489914688,1,,
Car 52,,,,44,,arrived,,arrived,589.8914693875088,,,
Car 51,,,,,4,switch,,"Charger 4 (fid=308108) not available, trying Charger 2 (fid=307904)",590.2402442991123,2,,
Car 42,,,,,,gave_up,4,"no alternate charger available, gave up",590.4840365061389,,,
Car 45,,5,5,,,start_charge,,starting to charge at Charger 5 (fid=5),592.8828205613328,,25.0,
Car 46,,,,,0,switch,,"Charger 0 (fid=308440) not available, trying Charger 4 (fid=308108)",593.4907059379174,4,,
Car 48,,,,,2,switch,,"Charger 2 (fid=307904) not available, trying Charger 3 (fid=307905)",594.6486957633832,3,,
Car 52,,,,,1,switch,,"Charger 1 (fid=308702) not available, trying Charger 5 (fid=5)",594.8914693875088,5,,
Car 53,,,,6,,arrived,,arrived,595.4899243256742,,,
Car 50,,,,,2,switch,,"Charger 2 (fid=307904) not available, trying Charger 3 (fid=307905)",596.4151869088786,3,,
Car 49,,,,,0,switch,,"Charger 0 (fid=308440) not available, trying Charger 4 (fid=308108)",598.5702112521827,4,,
Car 51,,,,,2,switch,,"Charger 2 (fid=307904) not available, trying Charger 3 (fid=307905)",598.7463773137437,3,,
Car 48,,,,,3,switch,,"Charger 3 (fid=307905) not available, trying Charger 6 (fid=1)",599.9123219449473,6,,
Car 53,,,,,6,switch,,"Charger 6 (fid=1) not available, trying Charger 2 (fid=307904)",600.4899243256742,2,,
Car 47,,,,,1,switch,,"Charger 1 (fid=308702) not available, trying Charger 6 (fid=1)",600.505065201235,6,,
Car 50,,,,,3,switch,,"Charger 3 (fid=307905) not available, trying Charger 6 (fid=1)",601.6788130904426,6,,
Car 34,86.0,307905,3,,,done,,done charging,601.8273323509535,,,240.1159720455407
Car 51,,307905,3,,,start_charge,,starting to charge at Charger 3 (fid=307905),601.8273323509535,,12.81732885564577,
Car 36,79.0,1,6,,,done,,done charging,603.0641015136387,,,226.10647638976275
Car 48,,1,6,,,start_charge,,starting to charge at Charger 6 (fid=1),603.0641015136387,,21.94558917575,
Car 52,,,,,5,switch,,"Charger 5 (fid=5) not available, trying Charger 0 (fid=308440)",603.4465827449287,0,,
Car 46,,,,,4,switch,,"Charger 4 (fid=308108) not available, trying Charger 1 (fid=308702)",605.8521649809652,1,,
Car 53,,,,,2,switch,,"Charger 2 (fid=307904) not available, trying Charger 3 (fid=307905)",606.6797778869948,3,,
Car 50,,,,,6,switch,,"Charger 6 (fid=1) not available, trying Charger 0 (fid=308440)",607.885003483384,0,,
Car 49,,,,,4,switch,,"Charger 4 (fid=308108) not available, trying Charger 1 (fid=308702)",610.9316702952306,1,,
Car 53,,,,,3,switch,,"Charger 3 (fid=307905) not available, trying Charger 0 (fid=308440)",611.9434040685588,0,,
Car 47,,,,,6,switch,,"Charger 6 (fid=1) not available, trying Charger 5 (fid=5)",612.3689950035198,5,,
Car 52,,,,,0,switch,,"Charger 0 (fid=308440) not available, trying Charger 2 (fid=307904)",614.0037660553959,2,,
Car 32,116.0,1,6,,,done,,done charging,616.4519851647862,,,463.89419264337846
Car 50,,,,,0,switch,,"Charger 0 (fid=308440) not available, trying Charger 1 (fid=308702)",618.1640551936546,1,,
Car 46,,,,,1,switch,,"Charger 1 (fid=308702) not available, trying Charger 5 (fid=5)",619.2502411112125,5,,
Car 54,,,,15,,arrived,,arrived,621.235452292123,,,
Car 53,,,,,0,switch,,"Charger 0 (fid=308440) not available, trying Charger 4 (fid=308108)",621.2962283990729,4,,
Car 52,,,,,2,switch,,"Charger 2 (fid=307904) not available, trying Charger 3 (fid=307905)",623.3402535542891,3,,
Car 49,,,,,1,switch,,"Charger 1 (fid=308702) not available, trying Charger 5 (fid=5)",624.3297464254779,5,,
Car 47,,,,,5,switch,,"Charger 5 (fid=5) not available, trying Charger 4 (fid=308108)",624.5126877865621,4,,
Car 54,,,,,0,switch,,"Charger 0 (fid=308440) not available, trying Charger 2 (fid=307904)",626.235452292123,2,,
Car 50,,,,,1,switch,,"Charger 1 (fid=308702) not available, trying Charger 5 (fid=5)",626.274507821053,5,,
Car 41,71.0,308108,4,,,done,,done charging,626.8936317258388,,,206.4392863257446
Car 55,,,,8,,arrived,,arrived,627.6607298928983,,,
Car 46,,,,,,gave_up,5,"no alternate charger available, gave up",627.8053544686325,,,
Car 52,,,,,3,switch,,"Charger 3 (fid=307905) not available, trying Charger 6 (fid=1)",628.6038797358532,6,,
Car 53,,308108,4,,,start_charge,,starting to charge at Charger 4 (fid=308108),628.6576874421207,,20.0,
Car 52,,1,6,,,start_charge,,starting to charge at Charger 6 (fid=1),629.8100701287946,,25.0,
Car 44,88.0,5,5,,,done,,done charging,631.5085757256696,,,205.3404214863495
Car 55,,5,5,,,start_charge,,starting to charge at Charger 5 (fid=5),631.5085757256696,,3.847845832771327,
Car 49,,,,,,gave_up,5,"no alternate charger available, gave up",632.8848597828978,,,
Car 56,,,,3,,arrived,,arrived,634.0623042252147,,,
Car 50,,,,,,gave_up,5,"no alternate charger available, gave up",634.829621178473,,,
Car 54,,,,,2,switch,,"Charger 2 (fid=307904) not available, trying Charger 3 (fid=307905)",635.5719397910162,3,,
Car 38,109.0,308108,4,,,done,,done charging,636.3848582477058,,,156.2766231973864
Car 47,,308108,4,,,start_charge,,starting to charge at Charger 4 (fid=308108),636.3848582477058,,34.0643445922949,
Car 43,54.0,308440,0,,,done,,done charging,637.2165600538716,,,504.0953478950487
Car 56,,,,,2,switch,,"Charger 2 (fid=307904) not available, trying Charger 3 (fid=307905)",639.0623042252147,3,,
Car 54,,,,,3,switch,,"Charger 3 (fid=307905) not available, trying Charger 6 (fid=1)",640.8355659725803,6,,
Car 37,106.0,307904,2,,,done,,done charging,641.1096165288775,,,236.20151977326992
Car 33,107.0,308440,0,,,done,,done charging,643.1674044269037,,,584.4103046453392
Car 56,,,,,3,switch,,"Charger 3 (fid=307905) not available, trying Charger 6 (fid=1)",644.3259304067788,6,,
Car 39,109.0,308702,1,,,done,,done charging,645.3607086427184,,,308.4011638031461
Car 54,,,,,6,switch,,"Charger 6 (fid=1) not available, trying Charger 1 (fid=308702)",647.0417563655217,1,,
Car 56,,,,,6,switch,,"Charger 6 (fid=1) not available, trying Charger 0 (fid=308440)",650.5321207997201,0,,
Car 57,,,,38,,arrived,,arrived,652.9710551148752,,,
Car 40,120.0,308702,1,,,done,,done charging,653.6142921949793,,,117.27672218926217
Car 54,,308702,1,,,start_charge,,starting to charge at Charger 1 (fid=308702),653.9056861678065,,20.0,
Car 58,,,,80,,arrived,,arrived,653.9820353253975,,,
Car 58,,308440,0,,,start_charge,,starting to charge at Charger 0 (fid=308440),653.9820353253975,,0.0,
Car 59,,,,73,,arrived,,arrived,655.2198263515157,,,
Car 56,,308440,0,,,start_charge,,starting to charge at Charger 0 (fid=308440),655.8111725099907,,15.0,
Car 57,,,,,5,switch,,"Charger 5 (fid=5) not available, trying Charger 1 (fid=308702)",657.9710551148752,1,,
Car 59,,,,,5,switch,,"Charger 5 (fid=5) not available, trying Charger 1 (fid=308702)",660.2198263515157,1,,
Car 57,,308702,1,,,start_charge,,starting to charge at Charger 1 (fid=308702),661.5261684722951,,5.0,
Car 45,69.0,5,5,,,done,,done charging,661.8828205613328,,,467.59320240894704
Car 59,,,,,1,switch,,"Charger 1 (fid=308702) not available, trying Charger 0 (fid=308440)",668.7749397089357,0,,
Car 60,,,,69,,arrived,,arrived,669.9641811296476,,,
Car 61,,,,60,,arrived,,arrived,673.3086606594607,,,
Car 60,,,,,0,switch,,"Charger 0 (fid=308440) not available, trying Charger 1 (fid=308702)",674.9641811296476,1,,
Car 59,,,,,0,switch,,"Charger 0 (fid=308440) not available, trying Charger 6 (fid=1)",676.8853923363341,6,,
Car 48,74.0,1,6,,,done,,done charging,677.0641015136387,,,443.1692617709046
Car 61,,1,6,,,start_charge,,starting to charge at Charger 6 (fid=1),677.0641015136387,,3.755440854178005,
Car 53,49.0,308108,4,,,done,,done charging,677.6576874421207,,,405.2659236453122
Car 51,76.0,307905,3,,,done,,done charging,677.8273323509535,,,269.4386898115023
Car 62,,,,13,,arrived,,arrived,679.4800346261338,,,
Car 55,48.0,5,5,,,done,,done charging,679.5085757256696,,,244.51614937031866
Car 52,52.0,1,6,,,done,,done charging,681.8100701287946,,,628.5971451407423
Car 59,,1,6,,,start_charge,,starting to charge at Charger 6 (fid=1),682.1644440466047,,15.0,
Car 60,,,,,1,switch,,"Charger 1 (fid=308702) not available, trying Charger 2 (fid=307904)",683.0746337570461,2,,
Car 62,,,,,1,switch,,"Charger 1 (fid=308702) not available, trying Charger 0 (fid=308440)",684.4800346261338,0,,
Car 47,51.0,308108,4,,,done,,done charging,687.3848582477058,,,523.9382392101398
Car 63,,,,1,,arrived,,arrived,689.196513291695,,,
Car 60,,307904,2,,,start_charge,,starting to charge at Charger 2 (fid=307904),689.5624131351915,,10.0,
Car 62,,,,,0,switch,,"Charger 0 (fid=308440) not available, trying Charger 5 (fid=5)",692.5904872535323,5,,
Car 63,,,,,6,switch,,"Charger 6 (fid=1) not available, trying Charger 2 (fid=307904)",694.196513291695,2,,
Car 62,,5,5,,,start_charge,,starting to charge at Charger 5 (fid=5),698.1476705639994,,10.0,
Car 63,,,,,2,switch,,"Charger 2 (fid=307904) not available, trying Charger 3 (fid=307905)",700.3863668530156,3,,
Car 63,,307905,3,,,start_charge,,starting to charge at Charger 3 (fid=307905),700.6499930345797,,10.0,
Car 64,,,,32,,arrived,,arrived,701.9742982842146,,,
Car 65,,,,4,,arrived,,arrived,703.4263772323211,,,
Car 64,,,,,0,switch,,"Charger 0 (fid=308440) not available, trying Charger 2 (fid=307904)",706.9742982842146,2,,
Car 65,,,,,6,switch,,"Charger 6 (fid=1) not available, trying Charger 2 (fid=307904)",708.4263772323211,2,,
Car 57,47.0,308702,1,,,done,,done charging,708.5261684722951,,,221.54584266575003
Car 56,53.0,308440,0,,,done,,done charging,708.8111725099907,,,297.28972477152263
Car 65,,,,,2,switch,,"Charger 2 (fid=307904) not available, trying Charger 3 (fid=307905)",714.6162307936416,3,,
Car 58,61.0,308440,0,,,done,,done charging,714.9820353253975,,,198.60984272798243
Car 64,,,,,2,switch,,"Charger 2 (fid=307904) not available, trying Charger 3 (fid=307905)",716.3107857831078,3,,
Car 65,,,,,3,switch,,"Charger 3 (fid=307905) not available, trying Charger 4 (fid=308108)",719.8798569752057,4,,
Car 64,,,,,3,switch,,"Charger 3 (fid=307905) not available, trying Charger 1 (fid=308702)",721.5744119646719,1,,
Car 65,,308108,4,,,start_charge,,starting to charge at Charger 4 (fid=308108),723.4023268214579,,15.0,
Car 64,,308702,1,,,start_charge,,starting to charge at Charger 1 (fid=308702),728.078528174438,,15.0,
Car 66,,,,57,,arrived,,arrived,736.088250773989,,,
Car 66,,308440,0,,,start_charge,,starting to charge at Charger 0 (fid=308440),736.088250773989,,0.0,
Car 67,,,,15,,arrived,,arrived,738.5737874969676,,,
Car 67,,308108,4,,,start_charge,,starting to charge at Charger 4 (fid=308108),738.5737874969676,,0.0,
Car 54,91.0,308702,1,,,done,,done charging,744.9056861678065,,,404.66409869391146
Car 59,65.0,1,6,,,done,,done charging,747.1644440466047,,,463.89419264337846
Car 63,49.0,307905,3,,,done,,done charging,749.6499930345797,,,100.47565973201277
Car 68,,,,91,,arrived,,arrived,750.2549290189991,,,
Car 69,,,,50,,arrived,,arrived,751.0648653689132,,,
Car 69,,1,6,,,start_charge,,starting to charge at Charger 6 (fid=1),751.0648653689132,,0.0,
Car 68,,,,,4,switch,,"Charger 4 (fid=308108) not available, trying Charger 2 (fid=307904)",755.2549290189991,2,,
Car 70,,,,8,,arrived,,arrived,759.0848639380074,,,
Car 70,,5,5,,,start_charge,,starting to charge at Charger 5 (fid=5),759.0848639380074,,0.0,
Car 71,,,,86,,arrived,,arrived,762.3723483820563,,,
Car 68,,,,,2,switch,,"Charger 2 (fid=307904) not available, trying Charger 3 (fid=307905)",763.7610620336304,3,,
Car 68,,307905,3,,,start_charge,,starting to charge at Charger 3 (fid=307905),764.0246882151945,,10.0,
Car 71,,,,,4,switch,,"Charger 4 (fid=308108) not available, trying Charger 2 (fid=307904)",767.3723483820563,2,,
Car 61,94.0,1,6,,,done,,done charging,771.0641015136387,,,325.58672701769495
Car 62,76.0,5,5,,,done,,done charging,774.1476705639994,,,447.5932304715429
Car 72,,,,46,,arrived,,arrived,774.4764297975656,,,
Car 72,,308702,1,,,start_charge,,starting to charge at Charger 1 (fid=308702),774.4764297975656,,0.0,
Car 73,,,,54,,arrived,,arrived,774.6826701520828,,,
Car 73,,308440,0,,,start_charge,,starting to charge at Charger 0 (fid=308440),774.6826701520828,,0.0,
Car 71,,,,,2,switch,,"Charger 2 (fid=307904) not available, trying Charger 3 (fid=307905)",775.8784813966877,3,,
Car 74,,,,52,,arrived,,arrived,777.4417026933695,,,
Car 74,,1,6,,,start_charge,,starting to charge at Charger 6 (fid=1),777.4417026933695,,0.0,
Car 71,,,,,3,switch,,"Charger 3 (fid=307905) not available, trying Charger 6 (fid=1)",781.1421075782517,6,,
Car 75,,,,12,,arrived,,arrived,784.5225221444427,,,
Car 64,59.0,308702,1,,,done,,done charging,787.078528174438,,,347.5579647947553
Car 71,,,,,6,switch,,"Charger 6 (fid=1) not available, trying Charger 0 (fid=308440)",787.3482979711931,0,,
Car 67,50.0,308108,4,,,done,,done charging,788.5737874969676,,,353.2163729247416
Car 75,,,,,2,switch,,"Charger 2 (fid=307904) not available, trying Charger 3 (fid=307905)",789.5225221444427,3,,
Car 76,,,,28,,arrived,,arrived,792.4691084722756,,,
Car 75,,,,,3,switch,,"Charger 3 (fid=307905) not available, trying Charger 6 (fid=1)",794.7861483260068,6,,
Car 76,,,,,0,switch,,"Charger 0 (fid=308440) not available, trying Charger 2 (fid=307904)",797.4691084722756,2,,
Car 71,,,,,0,switch,,"Charger 0 (fid=308440) not available, trying Charger 1 (fid=308702)",797.6273496814637,1,,
Car 77,,,,65,,arrived,,arrived,798.71065947306,,,
Car 77,,5,5,,,start_charge,,starting to charge at Charger 5 (fid=5),798.71065947306,,0.0,
Car 60,111.0,307904,2,,,done,,done charging,800.5624131351915,,,369.4801091679593
Car 71,,308702,1,,,start_charge,,starting to charge at Charger 1 (fid=308702),800.7378023088621,,25.0,
Car 75,,,,,6,switch,,"Charger 6 (fid=1) not available, trying Charger 4 (fid=308108)",800.9923387189482,4,,
Car 76,,307904,2,,,start_charge,,starting to charge at Charger 2 (fid=307904),801.8055959711688,,5.0,
Car 75,,308108,4,,,start_charge,,starting to charge at Charger 4 (fid=308108),803.8437182099077,,15.0,
Car 78,,,,31,,arrived,,arrived,810.713499501317,,,
Car 69,64.0,1,6,,,done,,done charging,815.0648653689132,,,322.6397669506198
Car 79,,,,27,,arrived,,arrived,815.2766827076691,,,
Car 78,,,,,1,switch,,"Charger 1 (fid=308702) not available, trying Charger 0 (fid=308440)",815.713499501317,0,,
Car 80,,,,14,,arrived,,arrived,817.3959052035524,,,
Car 79,,,,,0,switch,,"Charger 0 (fid=308440) not available, trying Charger 2 (fid=307904)",820.2766827076691,2,,
Car 80,,,,,0,switch,,"Charger 0 (fid=308440) not available, trying Charger 2 (fid=307904)",822.3959052035524,2,,
Car 72,48.0,308702,1,,,done,,done charging,822.4764297975656,,,141.9503146929267
Car 81,,,,47,,arrived,,arrived,823.5569572486379,,,
Car 81,,308702,1,,,start_charge,,starting to charge at Charger 1 (fid=308702),823.5569572486379,,0.0,
Car 78,,,,,0,switch,,"Charger 0 (fid=308440) not available, trying Charger 5 (fid=5)",823.8239521287154,5,,
Car 82,,,,54,,arrived,,arrived,829.223999682721,,,
Car 79,,,,,2,switch,,"Charger 2 (fid=307904) not available, trying Charger 3 (fid=307905)",829.6131702065624,3,,
Car 65,107.0,308108,4,,,done,,done charging,830.4023268214579,,,313.955823227386
Car 80,,,,,2,switch,,"Charger 2 (fid=307904) not available, trying Charger 3 (fid=307905)",831.7323927024456,3,,
Car 70,73.0,5,5,,,done,,done charging,832.0848639380074,,,244.51614937031866
Car 78,,5,5,,,start_charge,,starting to charge at Charger 5 (fid=5),832.0848639380074,,12.70372849882483,
Car 82,,,,,0,switch,,"Charger 0 (fid=308440) not available, trying Charger 1 (fid=308702)",834.223999682721,1,,
Car 79,,,,,3,switch,,"Charger 3 (fid=307905) not available, trying Charger 1 (fid=308702)",834.8767963881264,1,,
Car 73,61.0,308440,0,,,done,,done charging,835.6826701520828,,,186.2715086920258
Car 83,,,,124,,arrived,,arrived,836.0492615480267,,,
Car 83,,308440,0,,,start_charge,,starting to charge at Charger 0 (fid=308440),836.0492615480267,,0.0,
Car 80,,,,,3,switch,,"Charger 3 (fid=307905) not available, trying Charger 1 (fid=308702)",836.9960188840097,1,,
Car 66,102.0,308440,0,,,done,,done charging,838.088250773989,,,144.90654047807305
Car 82,,,,,1,switch,,"Charger 1 (fid=308702) not available, trying Charger 5 (fid=5)",842.3344523101194,5,,
Car 84,,,,72,,arrived,,arrived,843.5255337839194,,,
Car 84,,308440,0,,,start_charge,,starting to charge at Charger 0 (fid=308440),843.5255337839194,,0.0,
Car 79,,,,,1,switch,,"Charger 1 (fid=308702) not available, trying Charger 6 (fid=1)",846.3809125978926,6,,
Car 80,,,,,1,switch,,"Charger 1 (fid=308702) not available, trying Charger 6 (fid=1)",848.5001350937758,6,,
Car 82,,,,,5,switch,,"Charger 5 (fid=5) not available, trying Charger 2 (fid=307904)",850.8895656675394,2,,
Car 85,,,,27,,arrived,,arrived,851.484163998247,,,
Car 79,,1,6,,,start_charge,,starting to charge at Charger 6 (fid=1),853.2448424001774,,20.0,
Car 86,,,,22,,arrived,,arrived,856.3859839402289,,,
Car 85,,,,,0,switch,,"Charger 0 (fid=308440) not available, trying Charger 2 (fid=307904)",856.484163998247,2,,
Car 68,96.0,307905,3,,,done,,done charging,860.0246882151945,,,243.90084894676124
Car 80,,,,,6,switch,,"Charger 6 (fid=1) not available, trying Charger 5 (fid=5)",860.3640648960607,5,,
Car 86,,,,,0,switch,,"Charger 0 (fid=308440) not available, trying Charger 2 (fid=307904)",861.3859839402289,2,,
Car 82,,,,,2,switch,,"Charger 2 (fid=307904) not available, trying Charger 3 (fid=307905)",863.0528725078406,3,,
Car 82,,307905,3,,,start_charge,,starting to charge at Charger 3 (fid=307905),863.3164986894046,,20.0,
Car 85,,,,,2,switch,,"Charger 2 (fid=307904) not available, trying Charger 3 (fid=307905)",865.8206514971403,3,,
Car 86,,,,,2,switch,,"Charger 2 (fid=307904) not available, trying Charger 3 (fid=307905)",870.7224714391222,3,,
Car 85,,,,,3,switch,,"Charger 3 (fid=307905) not available, trying Charger 1 (fid=308702)",871.0842776787043,1,,
Car 74,95.0,1,6,,,done,,done charging,872.4417026933695,,,87.08299239818483
Car 80,,,,,5,switch,,"Charger 5 (fid=5) not available, trying Charger 4 (fid=308108)",872.507757679103,4,,
Car 86,,,,,3,switch,,"Charger 3 (fid=307905) not available, trying Charger 1 (fid=308702)",875.9860976206862,1,,
Car 87,,,,28,,arrived,,arrived,879.1745956460729,,,
Car 80,,308108,4,,,start_charge,,starting to charge at Charger 4 (fid=308108),880.3155835479517,,30.0,
Car 81,57.0,308702,1,,,done,,done charging,880.5569572486379,,,150.86806658959517
Car 85,,308702,1,,,start_charge,,starting to charge at Charger 1 (fid=308702),880.5569572486379,,17.968563360167423,
Car 87,,,,,0,switch,,"Charger 0 (fid=308440) not available, trying Charger 2 (fid=307904)",884.1745956460729,2,,
Car 88,,,,31,,arrived,,arrived,884.6869634566413,,,
Car 83,49.0,308440,0,,,done,,done charging,885.0492615480267,,,54.93268712686712
Car 88,,308440,0,,,start_charge,,starting to charge at Charger 0 (fid=308440),885.0492615480267,,0.362298091385469,
Car 71,85.0,308702,1,,,done,,done charging,885.7378023088621,,,775.9105890510075
Car 86,,308702,1,,,start_charge,,starting to charge at Charger 1 (fid=308702),885.7378023088621,,18.24758847840974,
Car 76,88.0,307904,2,,,done,,done charging,889.8055959711688,,,240.22546619303304
Car 87,,307904,2,,,start_charge,,starting to charge at Charger 2 (fid=307904),889.8055959711688,,6.294512826202663,
Car 75,86.0,308108,4,,,done,,done charging,889.8437182099077,,,340.4359214815954
Car 89,,,,13,,arrived,,arrived,894.4592172570792,,,
Car 77,98.0,5,5,,,done,,done charging,896.71065947306,,,148.98279130526512
Car 89,,,,,1,switch,,"Charger 1 (fid=308702) not available, trying Charger 0 (fid=308440)",899.4592172570792,0,,
Car 79,52.0,1,6,,,done,,done charging,905.2448424001774,,,372.9207118137138
Car 90,,,,41,,arrived,,arrived,906.3759589587315,,,
Car 89,,,,,0,switch,,"Charger 0 (fid=308440) not available, trying Charger 5 (fid=5)",907.5696698844777,5,,
Car 90,,,,,1,switch,,"Charger 1 (fid=308702) not available, trying Charger 0 (fid=308440)",911.3759589587315,0,,
Car 89,,5,5,,,start_charge,,starting to charge at Charger 5 (fid=5),913.1268531949448,,10.0,
Car 91,,,,54,,arrived,,arrived,913.5969917546857,,,
Car 92,,,,25,,arrived,,arrived,914.689918678141,,,
Car 84,74.0,308440,0,,,done,,done charging,917.5255337839194,,,99.33725130193227
Car 91,,308440,0,,,start_charge,,starting to charge at Charger 0 (fid=308440),917.5255337839194,,3.928542029233654,
Car 90,,,,,0,switch,,"Charger 0 (fid=308440) not available, trying Charger 5 (fid=5)",919.48641158613,5,,
Car 92,,,,,0,switch,,"Charger 0 (fid=308440) not available, trying Charger 2 (fid=307904)",919.689918678141,2,,
Car 92,,,,,2,switch,,"Charger 2 (fid=307904) not available, trying Charger 3 (fid=307905)",929.0264061770342,3,,
Car 90,,,,,5,switch,,"Charger 5 (fid=5) not available, trying Charger 2 (fid=307904)",930.0435948965971,2,,
Car 93,,,,3,,arrived,,arrived,931.3417599215358,,,
Car 92,,,,,3,switch,,"Charger 3 (fid=307905) not available, trying Charger 1 (fid=308702)",934.2900323585983,1,,
Car 85,54.0,308702,1,,,done,,done charging,934.5569572486379,,,341.4823797695389
Car 93,,,,,2,switch,,"Charger 2 (fid=307904) not available, trying Charger 3 (fid=307905)",936.3417599215358,3,,
Car 82,74.0,307905,3,,,done,,done charging,937.3164986894046,,,370.74208647868676
Car 93,,307905,3,,,start_charge,,starting to charge at Charger 3 (fid=307905),937.3164986894046,,5.711112586304807,
Car 92,,308702,1,,,start_charge,,starting to charge at Charger 1 (fid=308702),940.7941485683644,,15.0,
Car 80,61.0,308108,4,,,done,,done charging,941.3155835479517,,,538.4661425083259
Car 90,,,,,2,switch,,"Charger 2 (fid=307904) not available, trying Charger 3 (fid=307905)",942.2069017368983,3,,
Car 90,,,,,3,switch,,"Charger 3 (fid=307905) not available, trying Charger 6 (fid=1)",947.4705279184624,6,,
Car 78,116.0,5,5,,,done,,done charging,948.0848639380074,,,315.99880162436546
Car 90,,1,6,,,start_charge,,starting to charge at Charger 6 (fid=1),948.6767183114038,,25.0,
Car 94,,,,9,,arrived,,arrived,951.2365804310923,,,
Car 94,,5,5,,,start_charge,,starting to charge at Charger 5 (fid=5),951.2365804310923,,0.0,
Car 95,,,,54,,arrived,,arrived,952.5294702868943,,,
Car 95,,,,,0,switch,,"Charger 0 (fid=308440) not available, trying Charger 1 (fid=308702)",957.5294702868943,1,,
Car 89,45.0,5,5,,,done,,done charging,958.1268531949448,,,447.5932304715429
Car 96,,,,47,,arrived,,arrived,961.9123842076048,,,
Car 95,,,,,1,switch,,"Charger 1 (fid=308702) not available, trying Charger 5 (fid=5)",965.6399229142927,5,,
Car 96,,,,,1,switch,,"Charger 1 (fid=308702) not available, trying Charger 5 (fid=5)",966.9123842076048,5,,
Car 95,,5,5,,,start_charge,,starting to charge at Charger 5 (fid=5),969.1950362717126,,10.0,
Car 97,,,,63,,arrived,,arrived,970.312859527544,,,
Car 98,,,,68,,arrived,,arrived,972.6287363217388,,,
Car 97,,,,,5,switch,,"Charger 5 (fid=5) not available, trying Charger 1 (fid=308702)",975.312859527544,1,,
Car 96,,,,,5,switch,,"Charger 5 (fid=5) not available, trying Charger 0 (fid=308440)",975.4674975650247,0,,
Car 91,59.0,308440,0,,,done,,done charging,976.5255337839194,,,186.2715086920258
Car 98,,308440,0,,,start_charge,,starting to charge at Charger 0 (fid=308440),976.5255337839194,,3.8967974621806434,
Car 87,91.0,307904,2,,,done,,done charging,980.8055959711688,,,240.22546619303304
Car 99,,,,73,,arrived,,arrived,981.7414146781945,,,
Car 97,,,,,1,switch,,"Charger 1 (fid=308702) not available, trying Charger 0 (fid=308440)",983.8679728849639,0,,
Car 88,99.0,308440,0,,,done,,done charging,984.0492615480267,,,136.73927737693603
Car 96,,308440,0,,,start_charge,,starting to charge at Charger 0 (fid=308440),984.0492615480267,,13.024580672534853,
Car 100,,,,45,,arrived,,arrived,985.3750589033817,,,
Car 100,,1,6,,,start_charge,,starting to charge at Charger 6 (fid=1),985.3750589033817,,0.0,
Car 99,,,,,5,switch,,"Charger 5 (fid=5) not available, trying Charger 1 (fid=308702)",986.7414146781945,1,,
Car 97,,,,,0,switch,,"Charger 0 (fid=308440) not available, trying Charger 6 (fid=1)",991.9784255123624,6,,
Car 93,57.0,307905,3,,,done,,done charging,994.3164986894046,,,136.25650691199326
Car 99,,,,,1,switch,,"Charger 1 (fid=308702) not available, trying Charger 0 (fid=308440)",995.2965280356144,0,,
Car 92,56.0,308702,1,,,done,,done charging,996.7941485683644,,,329.6468280409267
Car 101,,,,60,,arrived,,arrived,1000.3659264848125,,,
Car 97,,,,,6,switch,,"Charger 6 (fid=1) not available, trying Charger 2 (fid=307904)",1002.2574772226329,2,,
Car 102,,,,4,,arrived,,arrived,1003.0176659342985,,,
Car 99,,,,,0,switch,,"Charger 0 (fid=308440) not available, trying Charger 6 (fid=1)",1003.4069806630129,6,,
Car 97,,307904,2,,,start_charge,,starting to charge at Charger 2 (fid=307904),1003.4473307839535,,20.0,
Car 101,,,,,6,switch,,"Charger 6 (fid=1) not available, trying Charger 2 (fid=307904)",1005.3659264848125,2,,
Car 86,120.0,308702,1,,,done,,done charging,1005.7378023088621,,,350.8776259084548
Car 102,,,,,5,switch,,"Charger 5 (fid=5) not available, trying Charger 1 (fid=308702)",1008.0176659342985,1,,
Car 101,,,,,2,switch,,"Charger 2 (fid=307904) not available, trying Charger 3 (fid=307905)",1011.555780046133,3,,
Car 102,,308702,1,,,start_charge,,starting to charge at Charger 1 (fid=308702),1011.5727792917185,,5.0,
Car 101,,307905,3,,,start_charge,,starting to charge at Charger 3 (fid=307905),1011.8194062276971,,10.0,
Car 103,,,,60,,arrived,,arrived,1012.8349055619768,,,
Car 99,,,,,6,switch,,"Charger 6 (fid=1) not available, trying Charger 2 (fid=307904)",1013.6860323732834,2,,
Car 95,48.0,5,5,,,done,,done charging,1017.1950362717126,,,294.27290078184745
Car 103,,,,,6,switch,,"Charger 6 (fid=1) not available, trying Charger 2 (fid=307904)",1017.8349055619768,2,,
Car 99,,,,,2,switch,,"Charger 2 (fid=307904) not available, trying Charger 3 (fid=307905)",1019.875885934604,3,,
Car 104,,,,66,,arrived,,arrived,1021.268692183389,,,
Car 104,,5,5,,,start_charge,,starting to charge at Charger 5 (fid=5),1021.268692183389,,0.0,
Car 105,,,,37,,arrived,,arrived,1021.520682889614,,,
Car 106,,,,31,,arrived,,arrived,1022.58965974785,,,
Car 106,,308702,1,,,start_charge,,starting to charge at Charger 1 (fid=308702),1022.58965974785,,0.0,
Car 103,,,,,2,switch,,"Charger 2 (fid=307904) not available, trying Charger 3 (fid=307905)",1024.0247591232974,3,,
Car 107,,,,61,,arrived,,arrived,1024.9741906442746,,,
Car 99,,,,,3,switch,,"Charger 3 (fid=307905) not available, trying Charger 4 (fid=308108)",1025.1395121161681,4,,
Car 94,74.0,5,5,,,done,,done charging,1025.2365804310923,,,304.33146106179476
Car 105,,5,5,,,start_charge,,starting to charge at Charger 5 (fid=5),1025.2365804310923,,3.7158975414782844,
Car 99,,308108,4,,,start_charge,,starting to charge at Charger 4 (fid=308108),1028.6619819624202,,30.000000000000114,
Car 108,,,,69,,arrived,,arrived,1029.085206525393,,,
Car 103,,,,,3,switch,,"Charger 3 (fid=307905) not available, trying Charger 4 (fid=308108)",1029.2883853048615,4,,
Car 109,,,,35,,arrived,,arrived,1029.4270973212065,,,
Car 107,,,,,6,switch,,"Charger 6 (fid=1) not available, trying Charger 4 (fid=308108)",1029.9741906442746,4,,
Car 110,,,,8,,arrived,,arrived,1031.0243285550587,,,
Car 103,,308108,4,,,start_charge,,starting to charge at Charger 4 (fid=308108),1032.8108551511136,,15.0,
Car 108,,,,,0,switch,,"Charger 0 (fid=308440) not available, trying Charger 1 (fid=308702)",1034.085206525393,1,,
Car 109,,,,,0,switch,,"Charger 0 (fid=308440) not available, trying Charger 2 (fid=307904)",1034.4270973212065,2,,
Car 111,,,,18,,arrived,,arrived,1035.3414032434466,,,
Car 110,,,,,5,switch,,"Charger 5 (fid=5) not available, trying Charger 1 (fid=308702)",1036.0243285550587,1,,
Car 107,,,,,4,switch,,"Charger 4 (fid=308108) not available, trying Charger 2 (fid=307904)",1037.825570135234,2,,
Car 111,,,,,0,switch,,"Charger 0 (fid=308440) not available, trying Charger 2 (fid=307904)",1040.3414032434466,2,,
Car 108,,,,,1,switch,,"Charger 1 (fid=308702) not available, trying Charger 2 (fid=307904)",1042.1956591527914,2,,
Car 90,94.0,1,6,,,done,,done charging,1042.6767183114039,,,658.6345573942799
Car 112,,,,80,,arrived,,arrived,1043.1339528811536,,,
Car 109,,,,,2,switch,,"Charger 2 (fid=307904) not available, trying Charger 3 (fid=307905)",1043.7635848200998,3,,
Car 110,,,,,1,switch,,"Charger 1 (fid=308702) not available, trying Charger 0 (fid=308440)",1044.5794419124786,0,,
Car 107,,,,,2,switch,,"Charger 2 (fid=307904) not available, trying Charger 3 (fid=307905)",1046.3317031498655,3,,
Car 112,,,,,0,switch,,"Charger 0 (fid=308440) not available, trying Charger 2 (fid=307904)",1048.1339528811536,2,,
Car 98,72.0,308440,0,,,done,,done charging,1048.5255337839194,,,46.13370440893304
Car 110,,308440,0,,,start_charge,,starting to charge at Charger 0 (fid=308440),1048.5255337839194,,10.83563924404234,
Car 109,,,,,3,switch,,"Charger 3 (fid=307905) not available, trying Charger 6 (fid=1)",1049.027211001664,6,,
Car 111,,,,,2,switch,,"Charger 2 (fid=307904) not available, trying Charger 3 (fid=307905)",1049.67789074234,3,,
Car 109,,1,6,,,start_charge,,starting to charge at Charger 6 (fid=1),1050.2334013946054,,15.0,
Car 107,,,,,3,switch,,"Charger 3 (fid=307905) not available, trying Charger 5 (fid=5)",1051.5953293314296,5,,
Car 108,,,,,2,switch,,"Charger 2 (fid=307904) not available, trying Charger 3 (fid=307905)",1053.6834385309369,3,,
Car 111,,,,,3,switch,,"Charger 3 (fid=307905) not available, trying Charger 1 (fid=308702)",1054.9415169239041,1,,
Car 112,,,,,2,switch,,"Charger 2 (fid=307904) not available, trying Charger 3 (fid=307905)",1057.470440380047,3,,
Car 101,47.0,307905,3,,,done,,done charging,1058.819406227697,,,334.74049558220474
Car 108,,307905,3,,,start_charge,,starting to charge at Charger 3 (fid=307905),1058.819406227697,,19.872341515196013,
Car 113,,,,42,,arrived,,arrived,1061.4897255608155,,,
Car 102,51.0,308702,1,,,done,,done charging,1062.5727792917185,,,278.98134534169867
Car 111,,308702,1,,,start_charge,,starting to charge at Charger 1 (fid=308702),1062.5727792917185,,16.127146158048163,
Car 112,,,,,3,switch,,"Charger 3 (fid=307905) not available, trying Charger 6 (fid=1)",1062.7340665616111,6,,
Car 114,,,,49,,arrived,,arrived,1063.7654104465082,,,
Car 107,,,,,5,switch,,"Charger 5 (fid=5) not available, trying Charger 0 (fid=308440)",1063.7749730033515,0,,
Car 113,,,,,1,switch,,"Charger 1 (fid=308702) not available, trying Charger 5 (fid=5)",1066.4897255608155,5,,
Car 114,,,,,1,switch,,"Charger 1 (fid=308702) not available, trying Charger 5 (fid=5)",1068.7654104465082,5,,
Car 115,,,,62,,arrived,,arrived,1068.8012632441366,,,
Car 112,,,,,6,switch,,"Charger 6 (fid=1) not available, trying Charger 1 (fid=308702)",1068.9402569545525,1,,
Car 115,,,,,6,switch,,"Charger 6 (fid=1) not available, trying Charger 2 (fid=307904)",1073.8012632441366,2,,
Car 107,,,,,0,switch,,"Charger 0 (fid=308440) not available, trying Charger 1 (fid=308702)",1074.3321563138186,1,,
Car 113,,,,,5,switch,,"Charger 5 (fid=5) not available, trying Charger 0 (fid=308440)",1075.0448389182354,0,,
Car 116,,,,31,,arrived,,arrived,1077.273729920745,,,
Car 114,,,,,5,switch,,"Charger 5 (fid=5) not available, trying Charger 0 (fid=308440)",1077.3205238039282,0,,
Car 104,57.0,5,5,,,done,,done charging,1078.268692183389,,,458.0149343516917
Car 117,,,,34,,arrived,,arrived,1079.4000927721681,,,
Car 115,,,,,2,switch,,"Charger 2 (fid=307904) not available, trying Charger 3 (fid=307905)",1079.9911168054573,3,,
Car 112,,,,,1,switch,,"Charger 1 (fid=308702) not available, trying Charger 5 (fid=5)",1080.8041867568372,5,,
Car 118,,,,21,,arrived,,arrived,1081.8486514576014,,,
Car 119,,,,17,,arrived,,arrived,1082.1761396546049,,,
Car 116,,,,,0,switch,,"Charger 0 (fid=308440) not available, trying Charger 2 (fid=307904)",1082.273729920745,2,,
Car 107,,,,,,gave_up,1,"no alternate charger available, gave up",1082.442608941217,,,
Car 112,,5,5,,,start_charge,,starting to charge at Charger 5 (fid=5),1084.3593001142572,,25.0,
Car 117,,,,,0,switch,,"Charger 0 (fid=308440) not available, trying Charger 2 (fid=307904)",1084.4000927721681,2,,
Car 115,,,,,3,switch,,"Charger 3 (fid=307905) not available, trying Charger 5 (fid=5)",1085.2547429870215,5,,
Car 100,100.0,1,6,,,done,,done charging,1085.3750589033816,,,308.6642199389229
Car 113,,,,,0,switch,,"Charger 0 (fid=308440) not available, trying Charger 2 (fid=307904)",1085.6020222287025,2,,
Car 120,,,,38,,arrived,,arrived,1086.7868941810846,,,
Car 118,,,,,0,switch,,"Charger 0 (fid=308440) not available, trying Charger 1 (fid=308702)",1086.8486514576014,1,,
Car 119,,,,,2,switch,,"Charger 2 (fid=307904) not available, trying Charger 3 (fid=307905)",1087.1761396546049,3,,
Car 114,,,,,0,switch,,"Charger 0 (fid=308440) not available, trying Charger 2 (fid=307904)",1087.8777071143952,2,,
Car 96,104.0,308440,0,,,done,,done charging,1088.0492615480266,,,337.10870225517994
Car 116,,,,,2,switch,,"Charger 2 (fid=307904) not available, trying Charger 3 (fid=307905)",1091.6102174196383,3,,
Car 120,,,,,5,switch,,"Charger 5 (fid=5) not available, trying Charger 1 (fid=308702)",1091.7868941810846,1,,
Car 119,,,,,3,switch,,"Charger 3 (fid=307905) not available, trying Charger 0 (fid=308440)",1092.439765836169,0,,
Car 117,,,,,2,switch,,"Charger 2 (fid=307904) not available, trying Charger 3 (fid=307905)",1093.7365802710615,3,,
Car 113,,,,,2,switch,,"Charger 2 (fid=307904) not available, trying Charger 3 (fid=307905)",1094.9385097275958,3,,
Car 118,,,,,1,switch,,"Charger 1 (fid=308702) not available, trying Charger 2 (fid=307904)",1094.9591040849998,2,,
Car 119,,308440,0,,,start_charge,,starting to charge at Charger 0 (fid=308440),1096.792590166683,,10.0,
Car 116,,,,,3,switch,,"Charger 3 (fid=307905) not available, trying Charger 1 (fid=308702)",1096.8738436012025,1,,
Car 114,,,,,2,switch,,"Charger 2 (fid=307904) not available, trying Charger 3 (fid=307905)",1097.2141946132886,3,,
Car 115,,,,,5,switch,,"Charger 5 (fid=5) not available, trying Charger 0 (fid=308440)",1097.4343866589434,0,,
Car 117,,,,,3,switch,,"Charger 3 (fid=307905) not available, trying Charger 6 (fid=1)",1099.0002064526257,6,,
Car 99,71.0,308108,4,,,done,,done charging,1099.6619819624202,,,519.2164786910533
Car 113,,,,,3,switch,,"Charger 3 (fid=307905) not available, trying Charger 6 (fid=1)",1100.20213590916,6,,
Car 117,,1,6,,,start_charge,,starting to charge at Charger 6 (fid=1),1100.206396845567,,15.0,
Car 121,,,,11,,arrived,,arrived,1100.2328263917987,,,
Car 120,,,,,1,switch,,"Charger 1 (fid=308702) not available, trying Charger 0 (fid=308440)",1100.3420075385045,0,,
Car 122,,,,40,,arrived,,arrived,1100.6520603322076,,,
Car 114,,,,,3,switch,,"Charger 3 (fid=307905) not available, trying Charger 6 (fid=1)",1102.4778207948527,6,,
Car 121,,,,,0,switch,,"Charger 0 (fid=308440) not available, trying Charger 5 (fid=5)",1105.2328263917987,5,,
Car 122,,,,,6,switch,,"Charger 6 (fid=1) not available, trying Charger 4 (fid=308108)",1105.6520603322076,4,,
Car 113,,,,,6,switch,,"Charger 6 (fid=1) not available, trying Charger 4 (fid=308108)",1106.4083263021014,4,,
Car 118,,,,,2,switch,,"Charger 2 (fid=307904) not available, trying Charger 3 (fid=307905)",1106.4468834631452,3,,
Car 123,,,,27,,arrived,,arrived,1106.9191957495377,,,
Car 115,,,,,0,switch,,"Charger 0 (fid=308440) not available, trying Charger 4 (fid=308108)",1107.9915699694104,4,,
Car 116,,,,,1,switch,,"Charger 1 (fid=308702) not available, trying Charger 6 (fid=1)",1108.3779598109686,6,,
Car 120,,,,,0,switch,,"Charger 0 (fid=308440) not available, trying Charger 6 (fid=1)",1108.452460165903,6,,
Car 122,,308108,4,,,start_charge,,starting to charge at Charger 4 (fid=308108),1108.5034398231671,,5.0,
Car 114,,,,,6,switch,,"Charger 6 (fid=1) not available, trying Charger 4 (fid=308108)",1108.684011187794,4,,
Car 118,,,,,3,switch,,"Charger 3 (fid=307905) not available, trying Charger 6 (fid=1)",1111.7105096447094,6,,
Car 123,,,,,0,switch,,"Charger 0 (fid=308440) not available, trying Charger 2 (fid=307904)",1111.9191957495377,2,,
Car 113,,,,,,gave_up,4,"no alternate charger available, gave up",1114.259705793061,,,
Car 121,,,,,5,switch,,"Charger 5 (fid=5) not available, trying Charger 6 (fid=1)",1115.7900097022657,6,,
Car 97,113.0,307904,2,,,done,,done charging,1116.4473307839535,,,607.5076015218672
Car 123,,307904,2,,,start_charge,,starting to charge at Charger 2 (fid=307904),1116.4473307839535,,5.1916475355224065,
Car 114,,,,,,gave_up,4,"no alternate charger available, gave up",1116.5353906787536,,,
Car 124,,,,8,,arrived,,arrived,1116.9143689994914,,,
Car 118,,,,,6,switch,,"Charger 6 (fid=1) not available, trying Charger 5 (fid=5)",1117.9167000376508,5,,
Car 120,,,,,6,switch,,"Charger 6 (fid=1) not available, trying Charger 2 (fid=307904)",1118.7315118761735,2,,
Car 116,,,,,6,switch,,"Charger 6 (fid=1) not available, trying Charger 5 (fid=5)",1120.2418896132533,5,,
Car 115,,,,,4,switch,,"Charger 4 (fid=308108) not available, trying Charger 1 (fid=308702)",1120.3530290124581,1,,
Car 124,,,,,5,switch,,"Charger 5 (fid=5) not available, trying Charger 1 (fid=308702)",1121.9143689994914,1,,
Car 125,,,,63,,arrived,,arrived,1122.320708403046,,,
Car 126,,,,69,,arrived,,arrived,1124.396799823242,,,
Car 127,,,,62,,arrived,,arrived,1124.5475773875469,,,
Car 120,,,,,2,switch,,"Charger 2 (fid=307904) not available, trying Charger 3 (fid=307905)",1124.9213654374942,3,,
Car 128,,,,77,,arrived,,arrived,1125.3397292205038,,,
Car 129,,,,32,,arrived,,arrived,1125.9581961952847,,,
Car 125,,,,,5,switch,,"Charger 5 (fid=5) not available, trying Charger 1 (fid=308702)",1127.320708403046,1,,
Car 121,,,,,6,switch,,"Charger 6 (fid=1) not available, trying Charger 2 (fid=307904)",1127.933702485308,2,,
Car 126,,,,,0,switch,,"Charger 0 (fid=308440) not available, trying Charger 1 (fid=308702)",1129.396799823242,1,,
Car 127,,,,,6,switch,,"Charger 6 (fid=1) not available, trying Charger 2 (fid=307904)",1129.5475773875469,2,,
Car 118,,,,,5,switch,,"Charger 5 (fid=5) not available, trying Charger 4 (fid=308108)",1130.060392820693,4,,
Car 120,,,,,3,switch,,"Charger 3 (fid=307905) not available, trying Charger 4 (fid=308108)",1130.1849916190583,4,,
Car 128,,,,,6,switch,,"Charger 6 (fid=1) not available, trying Charger 4 (fid=308108)",1130.3397292205038,4,,
Car 124,,,,,1,switch,,"Charger 1 (fid=308702) not available, trying Charger 0 (fid=308440)",1130.4694823569114,0,,
Car 129,,,,,0,switch,,"Charger 0 (fid=308440) not available, trying Charger 2 (fid=307904)",1130.9581961952847,2,,
Car 105,106.0,5,5,,,done,,done charging,1131.2365804310923,,,148.86565000518124
Car 116,,5,5,,,start_charge,,starting to charge at Charger 5 (fid=5),1131.2365804310923,,28.850998034796703,
Car 112,47.0,5,5,,,done,,done charging,1131.3593001142572,,,486.8161614487608
Car 130,,,,11,,arrived,,arrived,1131.7467465795257,,,
Car 106,111.0,308702,1,,,done,,done charging,1133.58965974785,,,58.59335319540732
Car 115,,308702,1,,,start_charge,,starting to charge at Charger 1 (fid=308702),1133.58965974785,,34.83855460514451,
Car 131,,,,30,,arrived,,arrived,1134.121209501002,,,
Car 121,,,,,2,switch,,"Charger 2 (fid=307904) not available, trying Charger 3 (fid=307905)",1134.1235560466287,3,,
Car 127,,,,,2,switch,,"Charger 2 (fid=307904) not available, trying Charger 3 (fid=307905)",1135.7374309488675,3,,
Car 125,,,,,1,switch,,"Charger 1 (fid=308702) not available, trying Charger 0 (fid=308440)",1135.875821760466,0,,
Car 130,,,,,0,switch,,"Charger 0 (fid=308440) not available, trying Charger 5 (fid=5)",1136.7467465795257,5,,
Car 126,,,,,1,switch,,"Charger 1 (fid=308702) not available, trying Charger 2 (fid=307904)",1137.5072524506404,2,,
Car 128,,,,,4,switch,,"Charger 4 (fid=308108) not available, trying Charger 2 (fid=307904)",1138.1911087114634,2,,
Car 124,,,,,0,switch,,"Charger 0 (fid=308440) not available, trying Charger 6 (fid=1)",1138.5799349843098,6,,
Car 120,,,,,,gave_up,4,"no alternate charger available, gave up",1138.7074614653104,,,
Car 131,,,,,0,switch,,"Charger 0 (fid=308440) not available, trying Charger 2 (fid=307904)",1139.121209501002,2,,
Car 121,,,,,3,switch,,"Charger 3 (fid=307905) not available, trying Charger 1 (fid=308702)",1139.3871822281928,1,,
Car 129,,,,,2,switch,,"Charger 2 (fid=307904) not available, trying Charger 3 (fid=307905)",1140.294683694178,3,,
Car 108,82.0,307905,3,,,done,,done charging,1140.819406227697,,,370.8409672419695
Car 127,,307905,3,,,start_charge,,starting to charge at Charger 3 (fid=307905),1140.819406227697,,14.818349097265354,
Car 109,92.0,1,6,,,done,,done charging,1142.2334013946054,,,314.7171185809959
Car 130,,5,5,,,start_charge,,starting to charge at Charger 5 (fid=5),1142.3039298899928,,5.0,
Car 118,,,,,,gave_up,4,"no alternate charger available, gave up",1142.868218689542,,,
Car 124,,1,6,,,start_charge,,starting to charge at Charger 6 (fid=1),1143.8589866945804,,15.0,
Car 125,,,,,0,switch,,"Charger 0 (fid=308440) not available, trying Charger 6 (fid=1)",1143.9862743878643,6,,
Car 103,112.0,308108,4,,,done,,done charging,1144.8108551511136,,,351.73994448617884
Car 110,97.0,308440,0,,,done,,done charging,1145.5255337839194,,,465.61670218752363
Car 129,,,,,3,switch,,"Charger 3 (fid=307905) not available, trying Charger 1 (fid=308702)",1145.5583098757422,1,,
Car 132,,,,3,,arrived,,arrived,1146.122946302982,,,
Car 111,84.0,308702,1,,,done,,done charging,1146.5727792917185,,,335.7977311680897
Car 121,,308702,1,,,start_charge,,starting to charge at Charger 1 (fid=308702),1146.5727792917185,,25.681480853759467,
Car 128,,,,,2,switch,,"Charger 2 (fid=307904) not available, trying Charger 3 (fid=307905)",1146.6972417260947,3,,
Car 133,,,,25,,arrived,,arrived,1147.6521878771273,,,
Car 131,,,,,2,switch,,"Charger 2 (fid=307904) not available, trying Charger 3 (fid=307905)",1148.4576969998955,3,,
Car 126,,,,,2,switch,,"Charger 2 (fid=307904) not available, trying Charger 3 (fid=307905)",1148.9950318287858,3,,
Car 132,,,,,6,switch,,"Charger 6 (fid=1) not available, trying Charger 4 (fid=308108)",1151.122946302982,4,,
Car 128,,,,,3,switch,,"Charger 3 (fid=307905) not available, trying Charger 5 (fid=5)",1151.960867907659,5,,
Car 133,,,,,1,switch,,"Charger 1 (fid=308702) not available, trying Charger 5 (fid=5)",1152.6521878771273,5,,
Car 134,,,,40,,arrived,,arrived,1153.5316542208732,,,
Car 131,,,,,3,switch,,"Charger 3 (fid=307905) not available, trying Charger 1 (fid=308702)",1153.7213231814596,1,,
Car 132,,308108,4,,,start_charge,,starting to charge at Charger 4 (fid=308108),1153.9743257939415,,5.0,
Car 126,,,,,3,switch,,"Charger 3 (fid=307905) not available, trying Charger 6 (fid=1)",1154.25865801035,6,,
Car 125,,,,,6,switch,,"Charger 6 (fid=1) not available, trying Charger 2 (fid=307904)",1154.265326098135,2,,
Car 129,,,,,1,switch,,"Charger 1 (fid=308702) not available, trying Charger 6 (fid=1)",1157.0624260855084,6,,
Car 134,,,,,6,switch,,"Charger 6 (fid=1) not available, trying Charger 4 (fid=308108)",1158.5316542208732,4,,
Car 135,,,,52,,arrived,,arrived,1158.9783556036955,,,
Car 125,,,,,2,switch,,"Charger 2 (fid=307904) not available, trying Charger 3 (fid=307905)",1160.4551796594556,3,,
Car 126,,,,,6,switch,,"Charger 6 (fid=1) not available, trying Charger 5 (fid=5)",1160.4648484032914,5,,
Car 133,,,,,5,switch,,"Charger 5 (fid=5) not available, trying Charger 0 (fid=308440)",1161.2073012345472,0,,
Car 136,,,,57,,arrived,,arrived,1163.57715300631,,,
Car 136,,308440,0,,,start_charge,,starting to charge at Charger 0 (fid=308440),1163.57715300631,,0.0,
Car 135,,,,,6,switch,,"Charger 6 (fid=1) not available, trying Charger 2 (fid=307904)",1163.9783556036955,2,,
Car 128,,,,,5,switch,,"Charger 5 (fid=5) not available, trying Charger 0 (fid=308440)",1164.1405115795808,0,,
Car 131,,,,,1,switch,,"Charger 1 (fid=308702) not available, trying Charger 6 (fid=1)",1165.2254393912258,6,,
Car 125,,,,,3,switch,,"Charger 3 (fid=307905) not available, trying Charger 4 (fid=308108)",1165.7188058410197,4,,
Car 134,,,,,4,switch,,"Charger 4 (fid=308108) not available, trying Charger 2 (fid=307904)",1166.3830337118327,2,,
Car 137,,,,60,,arrived,,arrived,1166.8693116851491,,,
Car 138,,,,8,,arrived,,arrived,1168.3667707258987,,,
Car 129,,,,,6,switch,,"Charger 6 (fid=1) not available, trying Charger 5 (fid=5)",1168.926355887793,5,,
Car 135,,,,,2,switch,,"Charger 2 (fid=307904) not available, trying Charger 3 (fid=307905)",1170.1682091650162,3,,
Car 139,,,,16,,arrived,,arrived,1170.8881618058506,,,
Car 133,,,,,0,switch,,"Charger 0 (fid=308440) not available, trying Charger 2 (fid=307904)",1171.7644845450143,2,,
Car 137,,,,,6,switch,,"Charger 6 (fid=1) not available, trying Charger 2 (fid=307904)",1171.8693116851491,2,,
Car 126,,,,,5,switch,,"Charger 5 (fid=5) not available, trying Charger 4 (fid=308108)",1172.6085411863337,4,,
Car 138,,,,,5,switch,,"Charger 5 (fid=5) not available, trying Charger 1 (fid=308702)",1173.3667707258987,1,,
Car 125,,,,,,gave_up,4,"no alternate charger available, gave up",1174.2412756872718,,,
Car 128,,,,,0,switch,,"Charger 0 (fid=308440) not available, trying Charger 1 (fid=308702)",1174.6976948900478,1,,
Car 134,,,,,2,switch,,"Charger 2 (fid=307904) not available, trying Charger 3 (fid=307905)",1174.889166726464,3,,
Car 140,,,,12,,arrived,,arrived,1175.0973418866365,,,
Car 135,,,,,3,switch,,"Charger 3 (fid=307905) not available, trying Charger 4 (fid=308108)",1175.4318353465803,4,,
Car 139,,,,,0,switch,,"Charger 0 (fid=308440) not available, trying Charger 1 (fid=308702)",1175.8881618058506,1,,
Car 116,45.0,5,5,,,done,,done charging,1176.2365804310923,,,407.5868091037123
Car 129,,5,5,,,start_charge,,starting to charge at Charger 5 (fid=5),1176.2365804310923,,25.16653176025693,
Car 123,60.0,307904,2,,,done,,done charging,1176.4473307839535,,,294.4051130059878
Car 137,,307904,2,,,start_charge,,starting to charge at Charger 2 (fid=307904),1176.4473307839535,,8.388165537483701,
Car 131,,,,,6,switch,,"Charger 6 (fid=1) not available, trying Charger 5 (fid=5)",1177.0893691935105,5,,
Car 141,,,,5,,arrived,,arrived,1179.6497099194207,,,
Car 140,,,,,2,switch,,"Charger 2 (fid=307904) not available, trying Charger 3 (fid=307905)",1180.0973418866365,3,,
Car 134,,,,,3,switch,,"Charger 3 (fid=307905) not available, trying Charger 5 (fid=5)",1180.1527929080282,5,,
Car 133,,,,,2,switch,,"Charger 2 (fid=307904) not available, trying Charger 3 (fid=307905)",1181.1009720439076,3,,
Car 138,,,,,1,switch,,"Charger 1 (fid=308702) not available, trying Charger 0 (fid=308440)",1181.9218840833187,0,,
Car 128,,,,,,gave_up,1,"no alternate charger available, gave up",1182.8081475174463,,,
Car 135,,,,,4,switch,,"Charger 4 (fid=308108) not available, trying Charger 0 (fid=308440)",1183.9543051928324,0,,
Car 139,,,,,1,switch,,"Charger 1 (fid=308702) not available, trying Charger 2 (fid=307904)",1183.998614433249,2,,
Car 141,,,,,5,switch,,"Charger 5 (fid=5) not available, trying Charger 1 (fid=308702)",1184.6497099194207,1,,
Car 140,,,,,3,switch,,"Charger 3 (fid=307905) not available, trying Charger 6 (fid=1)",1185.3609680682007,6,,
Car 126,,,,,,gave_up,4,"no alternate charger available, gave up",1185.4163670551825,,,
Car 133,,,,,3,switch,,"Charger 3 (fid=307905) not available, trying Charger 6 (fid=1)",1186.3645982254718,6,,
Car 127,48.0,307905,3,,,done,,done charging,1188.819406227697,,,334.36073300481854
Car 131,,,,,5,switch,,"Charger 5 (fid=5) not available, trying Charger 4 (fid=308108)",1189.2330619765528,4,,
Car 138,,,,,0,switch,,"Charger 0 (fid=308440) not available, trying Charger 6 (fid=1)",1190.0323367107171,6,,
Car 140,,,,,6,switch,,"Charger 6 (fid=1) not available, trying Charger 4 (fid=308108)",1191.567158461142,4,,
Car 117,92.0,1,6,,,done,,done charging,1192.206396845567,,,316.20382046513475
Car 133,,1,6,,,start_charge,,starting to charge at Charger 6 (fid=1),1192.206396845567,,29.635608227153853,
Car 134,,,,,5,switch,,"Charger 5 (fid=5) not available, trying Charger 0 (fid=308440)",1192.3324365799501,0,,
Car 142,,,,21,,arrived,,arrived,1192.485782480878,,,
Car 141,,,,,1,switch,,"Charger 1 (fid=308702) not available, trying Charger 0 (fid=308440)",1193.2048232768407,0,,
Car 139,,,,,2,switch,,"Charger 2 (fid=307904) not available, trying Charger 3 (fid=307905)",1195.4863938113945,3,,
Car 139,,307905,3,,,start_charge,,starting to charge at Charger 3 (fid=307905),1195.7500199929586,,15.0,
Car 135,,,,,0,switch,,"Charger 0 (fid=308440) not available, trying Charger 1 (fid=308702)",1196.3157642358801,1,,
Car 142,,,,,2,switch,,"Charger 2 (fid=307904) not available, trying Charger 3 (fid=307905)",1197.485782480878,3,,
Car 122,89.0,308108,4,,,done,,done charging,1197.5034398231671,,,342.7871476763331
Car 140,,308108,4,,,start_charge,,starting to charge at Charger 4 (fid=308108),1197.5034398231671,,18.08490187106554,
Car 138,,,,,6,switch,,"Charger 6 (fid=1) not available, trying Charger 4 (fid=308108)",1200.3113884209877,4,,
Car 143,,,,11,,arrived,,arrived,1201.0819931474955,,,
Car 141,,,,,0,switch,,"Charger 0 (fid=308440) not available, trying Charger 6 (fid=1)",1201.3152759042391,6,,
Car 131,,,,,,gave_up,4,"no alternate charger available, gave up",1202.0408878454016,,,
Car 142,,,,,3,switch,,"Charger 3 (fid=307905) not available, trying Charger 6 (fid=1)",1202.7494086624422,6,,
Car 134,,,,,0,switch,,"Charger 0 (fid=308440) not available, trying Charger 1 (fid=308702)",1202.8896198904172,1,,
Car 119,107.0,308440,0,,,done,,done charging,1203.792590166683,,,217.87129635571108
Car 143,,308440,0,,,start_charge,,starting to charge at Charger 0 (fid=308440),1203.792590166683,,2.7105970191876168,
Car 124,60.0,1,6,,,done,,done charging,1203.8589866945804,,,529.8504381737437
Car 142,,1,6,,,start_charge,,starting to charge at Charger 6 (fid=1),1203.9555990553836,,10.0,
Car 135,,,,,1,switch,,"Charger 1 (fid=308702) not available, trying Charger 5 (fid=5)",1204.4262168632786,5,,
Car 138,,,,,4,switch,,"Charger 4 (fid=308108) not available, trying Charger 2 (fid=307904)",1208.1627679119472,2,,
Car 144,,,,40,,arrived,,arrived,1208.6297678386165,,,
Car 134,,,,,,gave_up,1,"no alternate charger available, gave up",1211.0000725178156,,,
Car 141,,,,,6,switch,,"Charger 6 (fid=1) not available, trying Charger 2 (fid=307904)",1211.5943276145097,2,,
Car 135,,,,,,gave_up,5,"no alternate charger available, gave up",1212.9813302206985,,,
Car 144,,,,,6,switch,,"Charger 6 (fid=1) not available, trying Charger 4 (fid=308108)",1213.6297678386165,4,,
Car 145,,,,45,,arrived,,arrived,1215.5457853951323,,,
Car 138,,,,,2,switch,,"Charger 2 (fid=307904) not available, trying Charger 3 (fid=307905)",1216.6689009265785,3,,
Car 141,,,,,2,switch,,"Charger 2 (fid=307904) not available, trying Charger 3 (fid=307905)",1217.7841811758303,3,,
Car 145,,,,,6,switch,,"Charger 6 (fid=1) not available, trying Charger 2 (fid=307904)",1220.5457853951323,2,,
Car 144,,,,,4,switch,,"Charger 4 (fid=308108) not available, trying Charger 2 (fid=307904)",1221.481147329576,2,,
Car 138,,,,,,gave_up,3,"no alternate charger available, gave up",1221.9325271081427,,,
Car 141,,,,,3,switch,,"Charger 3 (fid=307905) not available, trying Charger 4 (fid=308108)",1223.0478073573945,4,,
Car 146,,,,32,,arrived,,arrived,1225.1853327393449,,,
Car 145,,,,,2,switch,,"Charger 2 (fid=307904) not available, trying Charger 3 (fid=307905)",1226.735638956453,3,,
Car 144,,,,,2,switch,,"Charger 2 (fid=307904) not available, trying Charger 3 (fid=307905)",1229.9872803442074,3,,
Car 146,,,,,0,switch,,"Charger 0 (fid=308440) not available, trying Charger 2 (fid=307904)",1230.1853327393449,2,,
Car 137,55.0,307904,2,,,done,,done charging,1231.4473307839535,,,333.37963750819455
Car 141,,,,,,gave_up,4,"no alternate charger available, gave up",1231.5702772036466,,,
Car 145,,,,,3,switch,,"Charger 3 (fid=307905) not available, trying Charger 5 (fid=5)",1231.999265138017,5,,
Car 146,,307904,2,,,start_charge,,starting to charge at Charger 2 (fid=307904),1234.5218202382382,,5.0,
Car 144,,,,,3,switch,,"Charger 3 (fid=307905) not available, trying Charger 5 (fid=5)",1235.2509065257716,5,,
Car 147,,,,56,,arrived,,arrived,1236.3646763432102,,,
Car 147,,,,,0,switch,,"Charger 0 (fid=308440) not available, trying Charger 1 (fid=308702)",1241.3646763432102,1,,
Car 136,78.0,308440,0,,,done,,done charging,1241.57715300631,,,144.90654047807305
Car 145,,,,,5,switch,,"Charger 5 (fid=5) not available, trying Charger 0 (fid=308440)",1244.178908809939,0,,
Car 130,103.0,5,5,,,done,,done charging,1245.3039298899928,,,304.7137245260666
Car 144,,5,5,,,start_charge,,starting to charge at Charger 5 (fid=5),1245.3039298899928,,22.873379692299295,
Car 147,,,,,1,switch,,"Charger 1 (fid=308702) not available, trying Charger 2 (fid=307904)",1249.4751289706087,2,,
Car 145,,308440,0,,,start_charge,,starting to charge at Charger 0 (fid=308440),1249.736092120406,,20.0,
Car 121,104.0,308702,1,,,done,,done charging,1250.5727792917185,,,334.23853374059826
Car 143,49.0,308440,0,,,done,,done charging,1252.792590166683,,,247.88833037687752
Car 115,120.0,308702,1,,,done,,done charging,1253.58965974785,,,450.69484581953367
Car 148,,,,8,,arrived,,arrived,1257.5838711892297,,,
Car 142,56.0,1,6,,,done,,done charging,1259.9555990553836,,,252.69154114534874
Car 147,,,,,2,switch,,"Charger 2 (fid=307904) not available, trying Charger 3 (fid=307905)",1260.9629083487541,3,,
Car 149,,,,26,,arrived,,arrived,1262.013374774919,,,
Car 149,,308440,0,,,start_charge,,starting to charge at Charger 0 (fid=308440),1262.013374774919,,0.0,
Car 148,,,,,5,switch,,"Charger 5 (fid=5) not available, trying Charger 1 (fid=308702)",1262.5838711892297,1,,
Car 150,,,,28,,arrived,,arrived,1263.4068597493917,,,
Car 132,112.0,308108,4,,,done,,done charging,1265.9743257939415,,,495.83091423880484
Car 148,,308702,1,,,start_charge,,starting to charge at Charger 1 (fid=308702),1266.1389845466497,,5.0,
Car 147,,,,,3,switch,,"Charger 3 (fid=307905) not available, trying Charger 5 (fid=5)",1266.2265345303183,5,,
Car 150,,,,,0,switch,,"Charger 0 (fid=308440) not available, trying Charger 2 (fid=307904)",1268.4068597493917,2,,
Car 151,,,,49,,arrived,,arrived,1268.43416273768,,,
Car 151,,308702,1,,,start_charge,,starting to charge at Charger 1 (fid=308702),1268.43416273768,,0.0,
Car 152,,,,40,,arrived,,arrived,1269.669900910874,,,
Car 152,,1,6,,,start_charge,,starting to charge at Charger 6 (fid=1),1269.669900910874,,0.0,
Car 150,,,,,2,switch,,"Charger 2 (fid=307904) not available, trying Charger 3 (fid=307905)",1277.743347248285,3,,
Car 147,,,,,5,switch,,"Charger 5 (fid=5) not available, trying Charger 6 (fid=1)",1278.4061782022402,6,,
Car 150,,,,,3,switch,,"Charger 3 (fid=307905) not available, trying Charger 6 (fid=1)",1283.0069734298493,6,,
Car 129,108.0,5,5,,,done,,done charging,1284.2365804310923,,,409.55764713907286
Car 139,90.0,307905,3,,,done,,done charging,1285.7500199929586,,,334.72079955664304
Car 150,,,,,6,switch,,"Charger 6 (fid=1) not available, trying Charger 1 (fid=308702)",1289.2131638227906,1,,
Car 133,98.0,1,6,,,done,,done charging,1290.206396845567,,,695.6236170201698
Car 147,,1,6,,,start_charge,,starting to charge at Charger 6 (fid=1),1290.206396845567,,29.656525860284546,
Car 153,,,,77,,arrived,,arrived,1293.4770074303449,,,
Car 153,,,,,6,switch,,"Charger 6 (fid=1) not available, trying Charger 4 (fid=308108)",1298.4770074303449,4,,
Car 150,,,,,1,switch,,"Charger 1 (fid=308702) not available, trying Charger 5 (fid=5)",1301.0770936250753,5,,
Car 153,,308108,4,,,start_charge,,starting to charge at Charger 4 (fid=308108),1301.3283869213044,,5.0,
Car 150,,5,5,,,start_charge,,starting to charge at Charger 5 (fid=5),1304.6322069824953,,25.0,
Car 140,114.0,308108,4,,,done,,done charging,1311.5034398231671,,,340.4359214815954
Car 154,,,,73,,arrived,,arrived,1325.752316617991,,,
Car 144,82.0,5,5,,,done,,done charging,1327.3039298899928,,,510.00945237504226
Car 154,,5,5,,,start_charge,,starting to charge at Charger 5 (fid=5),1327.3039298899928,,1.5516132720017595,
Car 151,65.0,308702,1,,,done,,done charging,1333.43416273768,,,207.0709771543184
Car 145,87.0,308440,0,,,done,,done charging,1336.736092120406,,,345.07559708912817
Car 152,75.0,1,6,,,done,,done charging,1344.669900910874,,,321.5245942082685
Car 146,112.0,307904,2,,,done,,done charging,1346.5218202382382,,,270.0158967426952
Car 155,,,,46,,arrived,,arrived,1350.4955510421387,,,
Car 155,,308702,1,,,start_charge,,starting to charge at Charger 1 (fid=308702),1350.4955510421387,,0.0,
Car 147,64.0,1,6,,,done,,done charging,1354.206396845567,,,471.4780251121122
Car 156,,,,79,,arrived,,arrived,1358.10454185232,,,
Car 156,,307904,2,,,start_charge,,starting to charge at Charger 2 (fid=307904),1358.10454185232,,0.0,
Car 148,99.0,308702,1,,,done,,done charging,1365.1389845466497,,,403.9345218681997
Car 149,111.0,308440,0,,,done,,done charging,1373.013374774919,,,120.13448663969935
Car 153,90.0,308108,4,,,done,,done charging,1391.3283869213044,,,252.25969385824664
Car 156,48.0,307904,2,,,done,,done charging,1406.10454185232,,,196.42655774898816
Car 150,110.0,5,5,,,done,,done charging,1414.6322069824953,,,468.0768716027431
Car 157,,,,4,,arrived,,arrived,1436.0478191218085,,,
Car 157,,5,5,,,start_charge,,starting to charge at Charger 5 (fid=5),1436.0478191218085,,0.0,
Car 158,,,,40,,arrived,,arrived,1439.0079656428516,,,
Car 158,,1,6,,,start_charge,,starting to charge at Charger 6 (fid=1),1439.0079656428516,,0.0,
