scenario,year,num_runs,distance_mode,num_chargers,total_arrivals,charged,served_rate,gave_up,pct_gave_up,avg_waiting_time,avg_walk_m,util_mean,util_max
baseline,,10,network,5,159,101.8,64.0251572327044,53.5,33.64779874213836,8.058874113241734,344.68374731995925,0.7132847222222223,0.7132847222222223
ev_adoption_2026_current_chargers,2026,10,network,5,159,101.8,64.0251572327044,53.5,33.64779874213836,8.058874113241734,344.68374731995925,0.7132847222222223,0.7132847222222223
ev_adoption_2028_current_chargers,2028,10,network,5,280,114.8,41.0,159.3,56.89285714285714,9.744008800720842,369.67142885493195,0.804125,0.804125
ev_adoption_2030_current_chargers,2030,10,network,5,449,126.9,28.26280623608018,314.2,69.97772828507794,10.358805447435854,371.4056891777899,0.8835208333333333,0.8835208333333333
ev_adoption_2035_current_chargers,2035,10,network,5,925,130.3,14.086486486486487,784.1,84.76756756756757,12.0983529843781,387.73505796170014,0.9313680555555556,0.9313680555555556
add_chargers_5,,10,network,5,159,101.8,64.0251572327044,53.5,33.64779874213836,8.058874113241734,344.68374731995925,0.7132847222222223,0.7132847222222223
add_chargers_6,,10,network,6,159,119.6,75.22012578616352,35.9,22.57861635220126,8.988620515406721,334.33567003393654,0.6754108796296296,0.6754108796296296
add_chargers_7,,10,network,7,159,135.8,85.40880503144655,19.8,12.452830188679245,9.469800283556388,313.6094404843369,0.637078373015873,0.637078373015873
add_chargers_8,,10,network,8,159,144.7,91.0062893081761,11,6.918238993710692,8.254686809871036,280.1498080521478,0.5843272569444444,0.5843272569444444
add_chargers_9,,10,network,9,159,152,95.59748427672956,3.6,2.264150943396227,7.6876214033141155,253.22222831762937,0.5361072530864197,0.5361072530864197
add_chargers_10,,10,network,10,159,154.9,97.42138364779875,0.9,0.5660377358490567,6.689869550233918,238.27568462627224,0.4838645833333334,0.4838645833333334
add_chargers_11,,10,network,11,159,155.4,97.73584905660377,0.3,0.18867924528301888,6.2116441234721576,228.5693510556108,0.4399431818181818,0.4399431818181818
add_chargers_12,,10,network,12,159,155.7,97.92452830188678,0,0.0,4.971241625523749,204.7669961693001,0.3974508101851852,0.3974508101851852
add_chargers_13,,10,network,13,159,155.8,97.98742138364781,0,0.0,4.603639093496503,199.3310411007115,0.3681383547008547,0.3681383547008547
add_chargers_14,,10,network,14,159,155.8,97.98742138364781,0,0.0,3.5554744195703316,185.1118602097587,0.3384499007936508,0.3384499007936508
add_chargers_15,,10,network,15,159,155.7,97.92452830188678,0,0.0,3.2757746902173985,179.18617387824202,0.31232638888888886,0.31232638888888886
add_chargers_16,,10,network,16,159,155.7,97.92452830188678,0,0.0,2.999582129316312,173.77021808975857,0.29343098958333336,0.29343098958333336
add_chargers_17,,10,network,17,159,155.7,97.92452830188678,0,0.0,2.8870882568267966,165.28149935035853,0.27199142156862743,0.27199142156862743
add_chargers_18,,10,network,18,159,155.8,97.98742138364781,0,0.0,2.858591931436481,162.4826574857008,0.25854552469135805,0.25854552469135805
add_chargers_19,,10,network,19,159,155.8,97.98742138364781,0,0.0,2.430885848187199,153.43167319017502,0.24456505847953214,0.24456505847953214
add_chargers_20,,10,network,20,159,155.8,97.98742138364781,0,0.0,2.4728107473946466,154.26816327357594,0.23177604166666665,0.23177604166666665
add_chargers_21,,10,network,21,159,155.7,97.92452830188678,0,0.0,2.5483250596038842,157.39045896455252,0.22039847883597885,0.22039847883597885
add_chargers_22,,10,network,22,159,155.7,97.92452830188678,0,0.0,2.1522755998290655,141.52741151427128,0.2105034722222222,0.2105034722222222
add_chargers_23,,10,network,23,159,155.7,97.92452830188678,0,0.0,1.8794837691853918,135.19286689182564,0.19907910628019324,0.19907910628019324
add_chargers_24,,10,network,24,159,155.7,97.92452830188678,0,0.0,1.7044330842034996,130.36256861781084,0.1898292824074074,0.1898292824074074
add_chargers_25,,10,network,25,159,155.8,97.98742138364781,0,0.0,1.5756953006759329,128.51667357110114,0.18164583333333334,0.18164583333333334
add_chargers_26,,10,network,26,159,155.8,97.98742138364781,0,0.0,1.442469812492785,125.71349324449746,0.17314903846153845,0.17314903846153845
add_chargers_27,,10,network,27,159,155.7,97.92452830188678,0,0.0,1.5264287346331162,124.02532472106427,0.16962962962962963,0.16962962962962963
add_chargers_28,,10,network,28,159,155.7,97.92452830188678,0,0.0,1.3494191498209207,115.55351424210966,0.16288070436507937,0.16288070436507937
add_chargers_29,,10,network,29,159,155.8,97.98742138364781,0,0.0,1.187407350837494,110.98748626452068,0.155110153256705,0.155110153256705
add_chargers_30,,10,network,30,159,155.8,97.98742138364781,0,0.0,1.197959868041103,110.49914694238306,0.15036689814814813,0.15036689814814813
add_chargers_31,,10,network,31,159,155.7,97.92452830188678,0,0.0,1.2395338772279783,109.94443411332755,0.14683691756272402,0.14683691756272402
add_chargers_32,,10,network,32,159,155.8,97.98742138364781,0,0.0,1.1050630675631445,107.53915542869082,0.14212456597222223,0.14212456597222223
add_chargers_33,,10,network,33,159,155.8,97.98742138364781,0,0.0,1.0099029083787756,107.22361663681856,0.13631734006734006,0.13631734006734006
add_chargers_34,,10,network,34,159,155.7,97.92452830188678,0,0.0,1.0189538439322483,105.47812163287132,0.13284620098039215,0.13284620098039215
add_chargers_35,,10,network,35,159,155.8,97.98742138364781,0,0.0,0.8186497882910366,101.73220342328213,0.12910813492063491,0.12910813492063491
ev_adoption_2026_chargers_5,2026,10,network,5,159,101.8,64.0251572327044,53.5,33.64779874213836,8.058874113241734,344.68374731995925,0.7132847222222223,0.7132847222222223
ev_adoption_2026_chargers_6,2026,10,network,6,159,120.3,75.66037735849056,35.1,22.07547169811321,9.173713511536949,343.02494371238856,0.6782060185185186,0.6782060185185186
ev_adoption_2026_chargers_7,2026,10,network,7,159,135.4,85.15723270440252,20,12.578616352201259,9.51514571536763,328.6851233081687,0.6339880952380953,0.6339880952380953
ev_adoption_2026_chargers_8,2026,10,network,8,159,144.7,91.0062893081761,10.9,6.855345911949685,8.74765089037046,299.1928623037247,0.582578125,0.582578125
ev_adoption_2026_chargers_9,2026,10,network,9,159,150.9,94.90566037735849,4.7,2.955974842767296,7.682513526210794,266.7527244270869,0.5335956790123456,0.5335956790123456
ev_adoption_2026_chargers_10,2026,10,network,10,159,153.8,96.72955974842769,1.9,1.1949685534591197,6.486295992207394,239.49644088841507,0.48128472222222224,0.48128472222222224
ev_adoption_2026_chargers_11,2026,10,network,11,159,155,97.48427672955975,0.6,0.37735849056603776,5.655547910120552,228.41152773266492,0.4398169191919192,0.4398169191919192
ev_adoption_2026_chargers_12,2026,10,network,12,159,155.8,97.98742138364781,0,0.0,5.186412653366872,216.8827706984419,0.40313657407407405,0.40313657407407405
ev_adoption_2026_chargers_13,2026,10,network,13,159,155.7,97.92452830188678,0,0.0,4.16573971215233,199.7720709709439,0.37124999999999997,0.37124999999999997
ev_adoption_2026_chargers_14,2026,10,network,14,159,155.7,97.92452830188678,0,0.0,4.067103717979779,189.9868855045334,0.3404365079365079,0.3404365079365079
ev_adoption_2026_chargers_15,2026,10,network,15,159,155.7,97.92452830188678,0,0.0,3.681260067247834,179.46102037201635,0.31830092592592596,0.31830092592592596
ev_adoption_2026_chargers_16,2026,10,network,16,159,155.8,97.98742138364781,0,0.0,3.2076174724371276,171.77659944285108,0.2963129340277778,0.2963129340277778
ev_adoption_2026_chargers_17,2026,10,network,17,159,155.7,97.92452830188678,0,0.0,3.0038658921831893,167.91577389825994,0.2761192810457516,0.2761192810457516
ev_adoption_2026_chargers_18,2026,10,network,18,159,155.8,97.98742138364781,0,0.0,2.7137764021611526,164.67655575479876,0.25926118827160494,0.25926118827160494
ev_adoption_2026_chargers_19,2026,10,network,19,159,155.8,97.98742138364781,0,0.0,2.494472290046889,157.3309436187687,0.24598684210526317,0.24598684210526317
ev_adoption_2026_chargers_20,2026,10,network,20,159,155.7,97.92452830188678,0,0.0,2.2764748165911346,151.44530723642143,0.23239930555555555,0.23239930555555555
ev_adoption_2026_chargers_21,2026,10,network,21,159,155.8,97.98742138364781,0,0.0,2.0697786115465377,142.7860581199618,0.22010416666666666,0.22010416666666666
ev_adoption_2026_chargers_22,2026,10,network,22,159,155.8,97.98742138364781,0,0.0,2.0488535559482184,142.17201235845158,0.20936079545454545,0.20936079545454545
ev_adoption_2026_chargers_23,2026,10,network,23,159,155.7,97.92452830188678,0,0.0,1.8564102887834169,134.30733266238803,0.19952445652173914,0.19952445652173914
ev_adoption_2026_chargers_24,2026,10,network,24,159,155.7,97.92452830188678,0,0.0,1.8182746466633823,134.9206311452303,0.1910763888888889,0.1910763888888889
ev_adoption_2026_chargers_25,2026,10,network,25,159,155.8,97.98742138364781,0,0.0,1.7005661412763904,129.20716564934787,0.18219722222222223,0.18219722222222223
ev_adoption_2026_chargers_26,2026,10,network,26,159,155.8,97.98742138364781,0,0.0,1.565214078498135,127.0100388669818,0.17515625,0.17515625
ev_adoption_2026_chargers_27,2026,10,network,27,159,155.8,97.98742138364781,0,0.0,1.4752758375947792,120.27243219798109,0.16755787037037037,0.16755787037037037
ev_adoption_2026_chargers_28,2026,10,network,28,159,155.8,97.98742138364781,0,0.0,1.317026303647709,116.63184946188709,0.1607874503968254,0.1607874503968254
ev_adoption_2026_chargers_29,2026,10,network,29,159,155.8,97.98742138364781,0,0.0,1.382986387895735,117.34279961623798,0.15544540229885057,0.15544540229885057
ev_adoption_2026_chargers_30,2026,10,network,30,159,155.7,97.92452830188678,0,0.0,1.337634200538819,115.88608650591162,0.15096643518518518,0.15096643518518518
ev_adoption_2026_chargers_31,2026,10,network,31,159,155.7,97.92452830188678,0,0.0,1.1734835999039888,111.40240690394445,0.14509632616487456,0.14509632616487456
ev_adoption_2026_chargers_32,2026,10,network,32,159,155.7,97.92452830188678,0,0.0,1.1844372102293645,107.58203484422631,0.14048177083333332,0.14048177083333332
ev_adoption_2026_chargers_33,2026,10,network,33,159,155.8,97.98742138364781,0,0.0,1.0180418380187324,102.63420357740705,0.13712647306397305,0.13712647306397305
ev_adoption_2026_chargers_34,2026,10,network,34,159,155.8,97.98742138364781,0,0.0,1.0773438382450933,106.96060974467454,0.13361825980392156,0.13361825980392156
ev_adoption_2026_chargers_35,2026,10,network,35,159,155.8,97.98742138364781,0,0.0,1.1649565829855177,109.34446066422777,0.12870734126984126,0.12870734126984126
ev_adoption_2028_chargers_5,2028,10,network,5,280,114.8,41.0,159.3,56.89285714285714,9.744008800720842,369.67142885493195,0.804125,0.804125
ev_adoption_2028_chargers_6,2028,10,network,6,280,139.7,49.89285714285714,134.4,48.0,10.897325200262445,360.8715505028057,0.7847453703703704,0.7847453703703704
ev_adoption_2028_chargers_7,2028,10,network,7,280,160.9,57.464285714285715,112.4,40.142857142857146,12.242179284564017,355.86661603951353,0.7568948412698413,0.7568948412698413
ev_adoption_2028_chargers_8,2028,10,network,8,280,182.3,65.10714285714286,90.7,32.39285714285714,14.532554052344604,366.7352729629189,0.7390364583333333,0.7390364583333333
ev_adoption_2028_chargers_9,2028,10,network,9,280,203.7,72.74999999999999,69.7,24.892857142857146,15.007386308705712,350.17009532571404,0.7226813271604938,0.7226813271604938
ev_adoption_2028_chargers_10,2028,10,network,10,280,221.9,79.25,51.1,18.25,15.719024389960195,344.28535048447236,0.7008958333333333,0.7008958333333333
ev_adoption_2028_chargers_11,2028,10,network,11,280,238.4,85.14285714285714,35,12.5,16.10856607105947,329.4706401798477,0.6763194444444445,0.6763194444444445
ev_adoption_2028_chargers_12,2028,10,network,12,280,252,90.0,21.1,7.535714285714286,15.709274372341353,312.54218054378737,0.6507667824074074,0.6507667824074074
ev_adoption_2028_chargers_13,2028,10,network,13,280,262,93.57142857142857,11.6,4.142857142857142,14.272155139976974,281.5899275790688,0.6188969017094017,0.6188969017094017
ev_adoption_2028_chargers_14,2028,10,network,14,280,268,95.71428571428572,5.9,2.107142857142857,13.2708879741501,267.55599035925803,0.5859722222222222,0.5859722222222222
ev_adoption_2028_chargers_15,2028,10,network,15,280,272.4,97.28571428571428,2,0.7142857142857143,12.71105609297123,252.11574771321511,0.554775462962963,0.554775462962963
ev_adoption_2028_chargers_16,2028,10,network,16,280,274.3,97.96428571428571,0.2,0.07142857142857142,10.93275281814963,230.29806699443733,0.5213736979166667,0.5213736979166667
ev_adoption_2028_chargers_17,2028,10,network,17,280,274.4,97.99999999999999,0,0.0,9.18833712872617,208.65207928389964,0.48878063725490195,0.48878063725490195
ev_adoption_2028_chargers_18,2028,10,network,18,280,274.4,97.99999999999999,0,0.0,8.512831030793928,201.18244718361854,0.45978973765432096,0.45978973765432096
ev_adoption_2028_chargers_19,2028,10,network,19,280,274.3,97.96428571428571,0,0.0,7.260435504260367,189.00738032285443,0.4338304093567251,0.4338304093567251
ev_adoption_2028_chargers_20,2028,10,network,20,280,274.6,98.07142857142857,0,0.0,6.76940809963652,181.52156901652148,0.4103524305555556,0.4103524305555556
ev_adoption_2028_chargers_21,2028,10,network,21,280,274.6,98.07142857142857,0,0.0,6.486140251168749,177.4916222344376,0.39161210317460315,0.39161210317460315
ev_adoption_2028_chargers_22,2028,10,network,22,280,274.6,98.07142857142857,0,0.0,6.007074798165537,170.36673886308276,0.37298926767676766,0.37298926767676766
ev_adoption_2028_chargers_23,2028,10,network,23,280,274.6,98.07142857142857,0,0.0,5.5611774210385745,166.24394591507874,0.3550996376811594,0.3550996376811594
ev_adoption_2028_chargers_24,2028,10,network,24,280,274.5,98.03571428571428,0,0.0,4.797934702034785,154.96036321281795,0.34125,0.34125
ev_adoption_2028_chargers_25,2028,10,network,25,280,274.6,98.07142857142857,0,0.0,4.648815041686261,152.9595236785093,0.3269111111111111,0.3269111111111111
ev_adoption_2028_chargers_26,2028,10,network,26,280,274.3,97.96428571428571,0,0.0,4.18005504979901,143.49160379710654,0.3131036324786325,0.3131036324786325
ev_adoption_2028_chargers_27,2028,10,network,27,280,274.7,98.10714285714285,0,0.0,4.050232029263204,142.3071907749435,0.3010622427983539,0.3010622427983539
ev_adoption_2028_chargers_28,2028,10,network,28,280,274.5,98.03571428571428,0,0.0,3.8475974634639565,136.15250005235515,0.2899032738095238,0.2899032738095238
ev_adoption_2028_chargers_29,2028,10,network,29,280,274.5,98.03571428571428,0,0.0,3.8970759918871054,139.7212159970204,0.27981441570881227,0.27981441570881227
ev_adoption_2028_chargers_30,2028,10,network,30,280,274.6,98.07142857142857,0,0.0,3.5541102813970653,135.0461944112407,0.26878819444444446,0.26878819444444446
ev_adoption_2028_chargers_31,2028,10,network,31,280,274.7,98.10714285714285,0,0.0,3.3804874943577286,132.12618212132844,0.25957325268817205,0.25957325268817205
ev_adoption_2028_chargers_32,2028,10,network,32,280,274.6,98.07142857142857,0,0.0,3.4727580884819713,129.73620697103757,0.25220703125,0.25220703125
ev_adoption_2028_chargers_33,2028,10,network,33,280,274.5,98.03571428571428,0,0.0,3.1633385354171217,123.50105013199418,0.2434837962962963,0.2434837962962963
ev_adoption_2028_chargers_34,2028,10,network,34,280,274.6,98.07142857142857,0,0.0,3.1664972667354037,123.74802718336227,0.2364542483660131,0.2364542483660131
ev_adoption_2028_chargers_35,2028,10,network,35,280,274.7,98.10714285714285,0,0.0,2.7005856578849974,118.9573498553408,0.22867361111111112,0.22867361111111112
ev_adoption_2030_chargers_5,2030,10,network,5,449,126.9,28.26280623608018,314.2,69.97772828507794,10.358805447435854,371.4056891777899,0.8835208333333333,0.8835208333333333
ev_adoption_2030_chargers_6,2030,10,network,6,449,152.2,33.89755011135857,287.7,64.07572383073496,12.002444434983559,366.4662346613733,0.8551967592592593,0.8551967592592593
ev_adoption_2030_chargers_7,2030,10,network,7,449,177.2,39.46547884187082,262,58.351893095768375,13.569397164328088,355.6475919798818,0.8280406746031747,0.8280406746031747
ev_adoption_2030_chargers_8,2030,10,network,8,449,200.7,44.69933184855234,237.5,52.89532293986637,15.244459334952492,353.42620775088676,0.8105815972222222,0.8105815972222222
ev_adoption_2030_chargers_9,2030,10,network,9,449,225.6,50.244988864142535,212,47.216035634743875,17.508452851570866,356.64003936573357,0.7910841049382715,0.7910841049382715
ev_adoption_2030_chargers_10,2030,10,network,10,449,248.4,55.322939866369715,188,41.87082405345212,18.587812413615147,350.83945572251207,0.77753125,0.77753125
ev_adoption_2030_chargers_11,2030,10,network,11,449,270.2,60.178173719376396,167.2,37.238307349665924,20.026867203284134,345.21892080496247,0.7662752525252525,0.7662752525252525
ev_adoption_2030_chargers_12,2030,10,network,12,449,292.9,65.23385300668151,143.2,31.893095768374163,20.93081433786459,341.1471390634779,0.7523871527777778,0.7523871527777778
ev_adoption_2030_chargers_13,2030,10,network,13,449,316.2,70.42316258351893,120.3,26.792873051224944,22.238586069740432,341.11317794105514,0.7444204059829059,0.7444204059829059
ev_adoption_2030_chargers_14,2030,10,network,14,449,337.5,75.16703786191536,98,21.826280623608017,23.743858058320548,340.5698265638912,0.733764880952381,0.733764880952381
ev_adoption_2030_chargers_15,2030,10,network,15,449,358.1,79.75501113585747,77,17.14922048997773,23.674017607854392,323.1513372342379,0.7229699074074074,0.7229699074074074
ev_adoption_2030_chargers_16,2030,10,network,16,449,377.5,84.07572383073497,58.9,13.11804008908686,24.307614069898534,324.80323947291356,0.7127560763888889,0.7127560763888889
ev_adoption_2030_chargers_17,2030,10,network,17,449,394.8,87.92873051224944,40.8,9.086859688195991,23.7046834217945,308.3815122639422,0.6986437908496732,0.6986437908496732
ev_adoption_2030_chargers_18,2030,10,network,18,449,409.4,91.1804008908686,26.2,5.835189309576838,22.878720302324112,291.40235530891164,0.6818846450617284,0.6818846450617284
ev_adoption_2030_chargers_19,2030,10,network,19,449,422.1,94.00890868596883,14.7,3.2739420935412027,22.078420381918686,280.83193776854375,0.6650091374269006,0.6650091374269006
ev_adoption_2030_chargers_20,2030,10,network,20,449,429.3,95.61247216035636,7.6,1.6926503340757237,20.271097297574173,262.1639179932146,0.6402725694444444,0.6402725694444444
ev_adoption_2030_chargers_21,2030,10,network,21,449,434.9,96.85968819599108,3.3,0.7349665924276169,18.743172917889993,246.94750074568083,0.6176008597883598,0.6176008597883598
ev_adoption_2030_chargers_22,2030,10,network,22,449,438.6,97.68374164810692,1,0.22271714922048996,16.896580635701547,228.3300760292745,0.5929340277777778,0.5929340277777778
ev_adoption_2030_chargers_23,2030,10,network,23,449,439.9,97.97327394209354,0.3,0.06681514476614699,15.081921860528663,211.86511090918995,0.5679423309178744,0.5679423309178744
ev_adoption_2030_chargers_24,2030,10,network,24,449,439.8,97.95100222717149,0.3,0.06681514476614699,13.435114123506738,198.8904072477037,0.543359375,0.543359375
ev_adoption_2030_chargers_25,2030,10,network,25,449,440.4,98.08463251670378,0.1,0.022271714922048998,12.710082219234298,191.9269865684287,0.5209722222222222,0.5209722222222222
ev_adoption_2030_chargers_26,2030,10,network,26,449,441.1,98.24053452115812,0,0.0,11.34894719975888,181.01896937257757,0.5009788995726496,0.5009788995726496
ev_adoption_2030_chargers_27,2030,10,network,27,449,440.8,98.17371937639199,0,0.0,11.28351793044674,180.235973954362,0.4829423868312757,0.4829423868312757
ev_adoption_2030_chargers_28,2030,10,network,28,449,441,98.21826280623608,0,0.0,10.807123759296458,174.88865164025816,0.46406498015873016,0.46406498015873016
ev_adoption_2030_chargers_29,2030,10,network,29,449,441.3,98.28507795100224,0,0.0,9.790380082342661,167.29030484960066,0.4472258141762452,0.4472258141762452
ev_adoption_2030_chargers_30,2030,10,network,30,449,440.8,98.17371937639199,0,0.0,8.572003439450086,157.05067706314162,0.42972800925925925,0.42972800925925925
ev_adoption_2030_chargers_31,2030,10,network,31,449,440.9,98.19599109131403,0,0.0,8.139481702127085,154.35790132771328,0.41781922043010755,0.41781922043010755
ev_adoption_2030_chargers_32,2030,10,network,32,449,441.2,98.26280623608018,0,0.0,7.77474060545591,149.57432562209937,0.4034299045138889,0.4034299045138889
ev_adoption_2030_chargers_33,2030,10,network,33,449,440.9,98.19599109131403,0,0.0,7.388399861238352,147.40337778175763,0.3914446548821549,0.3914446548821549
ev_adoption_2030_chargers_34,2030,10,network,34,449,441.2,98.26280623608018,0,0.0,6.939453359746303,142.05347838462137,0.3793096405228758,0.3793096405228758
ev_adoption_2030_chargers_35,2030,10,network,35,449,441,98.21826280623608,0,0.0,7.05773796308682,142.02786070707788,0.3680267857142857,0.3680267857142857
ev_adoption_2035_chargers_5,2035,10,network,5,925,130.3,14.086486486486487,784.1,84.76756756756757,12.0983529843781,387.73505796170014,0.9313680555555556,0.9313680555555556
ev_adoption_2035_chargers_6,2035,10,network,6,925,162.4,17.55675675675676,750.1,81.09189189189189,13.923846834873414,382.23003239529487,0.9275694444444444,0.9275694444444444
ev_adoption_2035_chargers_7,2035,10,network,7,925,193.9,20.962162162162162,714.5,77.24324324324324,15.858105255938348,387.17911840688856,0.9147817460317461,0.9147817460317461
ev_adoption_2035_chargers_8,2035,10,network,8,925,220.5,23.83783783783784,685.9,74.15135135135135,17.30601192836361,369.59698105306086,0.8946875,0.8946875
ev_adoption_2035_chargers_9,2035,10,network,9,925,245.5,26.54054054054054,657.4,71.07027027027027,18.94957879794102,363.7995234570645,0.8776813271604939,0.8776813271604939
ev_adoption_2035_chargers_10,2035,10,network,10,925,271.3,29.32972972972973,630.1,68.11891891891892,20.439534997046223,358.4364140538739,0.8605069444444444,0.8605069444444444
ev_adoption_2035_chargers_11,2035,10,network,11,925,296.3,32.03243243243244,602.2,65.1027027027027,22.274735197198158,352.37619318201126,0.84375,0.84375
ev_adoption_2035_chargers_12,2035,10,network,12,925,322.9,34.9081081081081,573.6,62.01081081081081,24.47886157874435,354.80500584617675,0.8353096064814814,0.8353096064814814
ev_adoption_2035_chargers_13,2035,10,network,13,925,346.2,37.42702702702702,547.5,59.189189189189186,25.621590789297375,346.2224606650534,0.8246474358974359,0.8246474358974359
ev_adoption_2035_chargers_14,2035,10,network,14,925,372.8,40.3027027027027,520,56.21621621621622,27.737798633056475,348.5937108929101,0.8144791666666666,0.8144791666666666
ev_adoption_2035_chargers_15,2035,10,network,15,925,397.1,42.92972972972973,492,53.18918918918919,29.074413451140128,347.15871024200896,0.8067268518518519,0.8067268518518519
ev_adoption_2035_chargers_16,2035,10,network,16,925,422.1,45.63243243243244,464.4,50.20540540540541,31.485242741818332,353.9295760671099,0.79861328125,0.79861328125
ev_adoption_2035_chargers_17,2035,10,network,17,925,442.3,47.81621621621622,440.4,47.61081081081081,32.61384783329398,350.5821392956222,0.7919138071895425,0.7919138071895425
ev_adoption_2035_chargers_18,2035,10,network,18,925,468.9,50.69189189189189,410.7,44.4,34.18480130216632,349.6885771481184,0.7856616512345679,0.7856616512345679
ev_adoption_2035_chargers_19,2035,10,network,19,925,493.4,53.34054054054054,385,41.62162162162162,35.38025363810229,342.17097726094164,0.7822350146198831,0.7822350146198831
ev_adoption_2035_chargers_20,2035,10,network,20,925,513.5,55.513513513513516,360.2,38.94054054054054,36.7417425269321,340.12168950491383,0.775890625,0.775890625
ev_adoption_2035_chargers_21,2035,10,network,21,925,540.1,58.389189189189196,331.3,35.81621621621622,38.790712289117835,339.30134351177156,0.7705505952380952,0.7705505952380952
ev_adoption_2035_chargers_22,2035,10,network,22,925,562.4,60.8,307.5,33.24324324324324,39.400095138460514,337.05612133184945,0.7661837121212122,0.7661837121212122
ev_adoption_2035_chargers_23,2035,10,network,23,925,585.2,63.26486486486487,279.6,30.227027027027027,40.056635666412426,333.58744826218276,0.7594972826086956,0.7594972826086956
ev_adoption_2035_chargers_24,2035,10,network,24,925,607.1,65.63243243243242,256.4,27.71891891891892,41.76943298455416,332.41864040076194,0.7562037037037037,0.7562037037037037
ev_adoption_2035_chargers_25,2035,10,network,25,925,635.4,68.69189189189188,228.2,24.67027027027027,42.813528304131715,329.4637510605861,0.7535736111111111,0.7535736111111111
ev_adoption_2035_chargers_26,2035,10,network,26,925,655.5,70.86486486486486,200.6,21.686486486486487,43.123689835376055,323.2724595662046,0.7486124465811965,0.7486124465811965
ev_adoption_2035_chargers_27,2035,10,network,27,925,678.5,73.35135135135134,175.9,19.016216216216215,43.560926392889925,318.02346993097586,0.745054012345679,0.745054012345679
ev_adoption_2035_chargers_28,2035,10,network,28,925,701.6,75.84864864864865,153.2,16.56216216216216,44.451446686911666,312.39536922665366,0.7423263888888889,0.7423263888888889
ev_adoption_2035_chargers_29,2035,10,network,29,925,724.6,78.33513513513513,127.6,13.794594594594596,44.32510322590251,305.70856661123565,0.7383884099616858,0.7383884099616858
ev_adoption_2035_chargers_30,2035,10,network,30,925,746.4,80.69189189189188,103,11.135135135135135,44.05557032848757,298.910729773783,0.7344421296296296,0.7344421296296296
ev_adoption_2035_chargers_31,2035,10,network,31,925,766.8,82.89729729729729,78.1,8.443243243243243,42.90179804769135,291.6155491744868,0.7307358870967742,0.7307358870967742
ev_adoption_2035_chargers_32,2035,10,network,32,925,785.2,84.88648648648649,61.8,6.681081081081081,41.928493864657824,284.1833071299395,0.7242426215277777,0.7242426215277777
ev_adoption_2035_chargers_33,2035,10,network,33,925,805.4,87.07027027027027,40.6,4.389189189189189,40.5638168269368,271.4016371286583,0.7192897727272728,0.7192897727272728
ev_adoption_2035_chargers_34,2035,10,network,34,925,824.3,89.11351351351351,27.8,3.0054054054054054,39.48523530347046,264.3893883717972,0.7136070261437909,0.7136070261437909
ev_adoption_2035_chargers_35,2035,10,network,35,925,839.8,90.78918918918917,16.3,1.7621621621621621,37.10664988748934,250.56836475909847,0.7068829365079365,0.7068829365079365
