car,charge_time,charger_fid,charger_id,destination_fid,from_charger_id,kind,last_charger_id,msg,t,to_charger_id,walking_dist_m
Car 138,,,,41,,arrived,,arrived,3.0,,
Car 138,,33,1,,,start_charge,,starting to charge at Charger 1 (fid=33),3.0,,
Car 125,,,,68,,arrived,,arrived,17.0,,
Car 172,,,,61,,arrived,,arrived,17.0,,
Car 125,,115,0,,,start_charge,,starting to charge at Charger 0 (fid=115),17.0,,
Car 172,,8,2,,,start_charge,,starting to charge at Charger 2 (fid=8),17.0,,
Car 137,,,,32,,arrived,,arrived,21.0,,
Car 137,,,,,0,switch,,"Charger 0 (fid=115) not available, trying Charger 3 (fid=12)",22.0,3,
Car 137,,12,3,,,start_charge,,starting to charge at Charger 3 (fid=12),27.48413509728204,,
Car 120,,,,45,,arrived,,arrived,35.0,,
Car 120,,,,,2,switch,,"Charger 2 (fid=8) not available, trying Charger 0 (fid=115)",36.0,0,
Car 73,,,,58,,arrived,,arrived,39.0,,
Car 73,,,,,3,switch,,"Charger 3 (fid=12) not available, trying Charger 2 (fid=8)",40.0,2,
Car 120,,,,,0,switch,,"Charger 0 (fid=115) not available, trying Charger 3 (fid=12)",42.76523641406859,3,
Car 73,,,,,2,switch,,"Charger 2 (fid=8) not available, trying Charger 0 (fid=115)",48.59623587104941,0,
Car 48,,,,51,,arrived,,arrived,49.0,,
Car 81,,,,42,,arrived,,arrived,49.0,,
Car 120,,,,,3,switch,,"Charger 3 (fid=12) not available, trying Charger 1 (fid=33)",49.24937151135063,1,
Car 48,,,,,3,switch,,"Charger 3 (fid=12) not available, trying Charger 2 (fid=8)",50.0,2,
Car 81,,,,,1,switch,,"Charger 1 (fid=33) not available, trying Charger 0 (fid=115)",50.0,0,
Car 81,,,,,0,switch,,"Charger 0 (fid=115) not available, trying Charger 2 (fid=8)",54.907079034741635,2,
Car 73,,,,,0,switch,,"Charger 0 (fid=115) not available, trying Charger 1 (fid=33)",55.361472285118,1,
Car 6,,,,41,,arrived,,arrived,56.0,,
Car 170,,,,11,,arrived,,arrived,57.0,,
Car 6,,,,,1,switch,,"Charger 1 (fid=33) not available, trying Charger 0 (fid=115)",57.0,0,
Car 170,,,,,0,switch,,"Charger 0 (fid=115) not available, trying Charger 2 (fid=8)",58.0,2,
Car 48,,,,,2,switch,,"Charger 2 (fid=8) not available, trying Charger 0 (fid=115)",58.59623587104941,0,
Car 120,,,,,,gave_up,1,"no alternate charger available, gave up",58.776666888124055,,
Car 73,,,,,,gave_up,1,"no alternate charger available, gave up",60.26855131985963,,
Car 81,,,,,2,switch,,"Charger 2 (fid=8) not available, trying Charger 3 (fid=12)",61.672315448810224,3,
Car 6,,,,,0,switch,,"Charger 0 (fid=115) not available, trying Charger 2 (fid=8)",61.907079034741635,2,
Car 170,,,,,2,switch,,"Charger 2 (fid=8) not available, trying Charger 3 (fid=12)",64.7652364140686,3,
Car 48,,,,,0,switch,,"Charger 0 (fid=115) not available, trying Charger 1 (fid=33)",65.361472285118,1,
Car 54,,,,14,,arrived,,arrived,68.0,,
Car 6,,,,,2,switch,,"Charger 2 (fid=8) not available, trying Charger 3 (fid=12)",68.67231544881022,3,
Car 54,,,,,0,switch,,"Charger 0 (fid=115) not available, trying Charger 3 (fid=12)",69.0,3,
Car 81,,,,,,gave_up,3,"no alternate charger available, gave up",70.26855131985963,,
Car 48,,,,,,gave_up,1,"no alternate charger available, gave up",70.26855131985963,,
Car 62,,,,43,,arrived,,arrived,72.0,,
Car 62,,,,,1,switch,,"Charger 1 (fid=33) not available, trying Charger 0 (fid=115)",73.0,0,
Car 170,,,,,3,switch,,"Charger 3 (fid=12) not available, trying Charger 1 (fid=33)",73.361472285118,1,
Car 54,,,,,3,switch,,"Charger 3 (fid=12) not available, trying Charger 1 (fid=33)",75.48413509728204,1,
Car 6,,,,,,gave_up,3,"no alternate charger available, gave up",77.26855131985963,,
Car 62,,,,,0,switch,,"Charger 0 (fid=115) not available, trying Charger 2 (fid=8)",77.90707903474163,2,
Car 125,62.0,115,0,,,done,,done charging,79.0,,60.76119551332306
Car 170,,,,,,gave_up,1,"no alternate charger available, gave up",82.88876766189142,,
Car 37,,,,81,,arrived,,arrived,83.0,,
Car 148,,,,26,,arrived,,arrived,83.0,,
Car 148,,115,0,,,start_charge,,starting to charge at Charger 0 (fid=115),83.0,,
Car 37,,,,,3,switch,,"Charger 3 (fid=12) not available, trying Charger 0 (fid=115)",84.0,0,
Car 62,,,,,2,switch,,"Charger 2 (fid=8) not available, trying Charger 3 (fid=12)",84.67231544881022,3,
Car 54,,,,,1,switch,,"Charger 1 (fid=33) not available, trying Charger 2 (fid=8)",85.01143047405546,2,
Car 89,,,,80,,arrived,,arrived,88.0,,
Car 89,,,,,0,switch,,"Charger 0 (fid=115) not available, trying Charger 3 (fid=12)",89.0,3,
Car 37,,,,,0,switch,,"Charger 0 (fid=115) not available, trying Charger 2 (fid=8)",90.48413509728204,2,
Car 137,64.0,12,3,,,done,,done charging,91.48413509728204,,350.987450584088
Car 54,,,,,,gave_up,2,"no alternate charger available, gave up",91.834879889358,,
Car 62,,12,3,,,start_charge,,starting to charge at Charger 3 (fid=12),92.26855131985963,,
Car 89,,,,,3,switch,,"Charger 3 (fid=12) not available, trying Charger 1 (fid=33)",95.48413509728204,1,
Car 37,,,,,2,switch,,"Charger 2 (fid=8) not available, trying Charger 1 (fid=33)",97.24937151135063,1,
Car 201,,,,21,,arrived,,arrived,101.0,,
Car 201,,,,,3,switch,,"Charger 3 (fid=12) not available, trying Charger 0 (fid=115)",102.0,0,
Car 37,,,,,,gave_up,1,"no alternate charger available, gave up",104.0728209266532,,
Car 89,,,,,1,switch,,"Charger 1 (fid=33) not available, trying Charger 2 (fid=8)",105.01143047405546,2,
Car 138,104.0,33,1,,,done,,done charging,107.0,,185.6709485428366
Car 201,,,,,0,switch,,"Charger 0 (fid=115) not available, trying Charger 1 (fid=33)",108.48413509728204,1,
Car 135,,,,18,,arrived,,arrived,110.0,,
Car 135,,,,,0,switch,,"Charger 0 (fid=115) not available, trying Charger 3 (fid=12)",111.0,3,
Car 89,,,,,,gave_up,2,"no alternate charger available, gave up",111.834879889358,,
Car 201,,33,1,,,start_charge,,starting to charge at Charger 1 (fid=33),112.39121413202366,,
Car 34,,,,41,,arrived,,arrived,116.0,,
Car 172,100.0,8,2,,,done,,done charging,117.0,,347.727749068635
Car 34,,,,,1,switch,,"Charger 1 (fid=33) not available, trying Charger 0 (fid=115)",117.0,0,
Car 135,,,,,3,switch,,"Charger 3 (fid=12) not available, trying Charger 1 (fid=33)",117.48413509728204,1,
Car 34,,,,,0,switch,,"Charger 0 (fid=115) not available, trying Charger 2 (fid=8)",121.90707903474163,2,
Car 78,,,,46,,arrived,,arrived,122.0,,
Car 78,,,,,1,switch,,"Charger 1 (fid=33) not available, trying Charger 2 (fid=8)",123.0,2,
Car 150,,,,34,,arrived,,arrived,125.0,,
Car 150,,,,,1,switch,,"Charger 1 (fid=33) not available, trying Charger 0 (fid=115)",126.0,0,
Car 135,,,,,1,switch,,"Charger 1 (fid=33) not available, trying Charger 2 (fid=8)",127.01143047405546,2,
Car 34,,8,2,,,start_charge,,starting to charge at Charger 2 (fid=8),127.67231544881022,,
Car 78,,,,,2,switch,,"Charger 2 (fid=8) not available, trying Charger 0 (fid=115)",129.82344941530255,0,
Car 150,,,,,0,switch,,"Charger 0 (fid=115) not available, trying Charger 2 (fid=8)",130.90707903474163,2,
Car 135,,,,,,gave_up,2,"no alternate charger available, gave up",133.834879889358,,
Car 100,,,,90,,arrived,,arrived,136.0,,
Car 78,,,,,0,switch,,"Charger 0 (fid=115) not available, trying Charger 3 (fid=12)",136.58868582937114,3,
Car 100,,,,,3,switch,,"Charger 3 (fid=12) not available, trying Charger 0 (fid=115)",137.0,0,
Car 150,,,,,2,switch,,"Charger 2 (fid=8) not available, trying Charger 3 (fid=12)",137.67231544881022,3,
Car 78,,,,,,gave_up,3,"no alternate charger available, gave up",143.07282092665318,,
Car 100,,,,,0,switch,,"Charger 0 (fid=115) not available, trying Charger 2 (fid=8)",143.48413509728204,2,
Car 150,,,,,,gave_up,3,"no alternate charger available, gave up",146.26855131985963,,
Car 128,,,,39,,arrived,,arrived,149.0,,
Car 58,,,,29,,arrived,,arrived,150.0,,
Car 128,,,,,2,switch,,"Charger 2 (fid=8) not available, trying Charger 0 (fid=115)",150.0,0,
Car 100,,,,,2,switch,,"Charger 2 (fid=8) not available, trying Charger 1 (fid=33)",150.24937151135063,1,
Car 58,,,,,0,switch,,"Charger 0 (fid=115) not available, trying Charger 3 (fid=12)",151.0,3,
Car 62,64.0,12,3,,,done,,done charging,156.26855131985963,,690.1118931993949
Car 58,,12,3,,,start_charge,,starting to charge at Charger 3 (fid=12),156.48413509728204,,
Car 128,,,,,0,switch,,"Charger 0 (fid=115) not available, trying Charger 3 (fid=12)",156.7652364140686,3,
Car 142,,,,29,,arrived,,arrived,157.0,,
Car 100,,,,,,gave_up,1,"no alternate charger available, gave up",157.07282092665318,,
Car 153,,,,38,,arrived,,arrived,158.0,,
Car 142,,,,,0,switch,,"Charger 0 (fid=115) not available, trying Charger 3 (fid=12)",158.0,3,
Car 153,,,,,1,switch,,"Charger 1 (fid=33) not available, trying Charger 2 (fid=8)",159.0,2,
Car 128,,,,,3,switch,,"Charger 3 (fid=12) not available, trying Charger 1 (fid=33)",163.24937151135063,1,
Car 142,,,,,3,switch,,"Charger 3 (fid=12) not available, trying Charger 1 (fid=33)",164.48413509728204,1,
Car 153,,,,,2,switch,,"Charger 2 (fid=8) not available, trying Charger 0 (fid=115)",165.82344941530255,0,
Car 148,84.0,115,0,,,done,,done charging,167.0,,134.76197774408936
Car 153,,115,0,,,start_charge,,starting to charge at Charger 0 (fid=115),171.58868582937114,,
Car 128,,,,,,gave_up,1,"no alternate charger available, gave up",172.77666688812405,,
Car 142,,,,,1,switch,,"Charger 1 (fid=33) not available, trying Charger 2 (fid=8)",174.01143047405546,2,
Car 34,49.0,8,2,,,done,,done charging,176.67231544881022,,490.8037267321588
Car 142,,8,2,,,start_charge,,starting to charge at Charger 2 (fid=8),179.834879889358,,
Car 145,,,,57,,arrived,,arrived,190.0,,
Car 145,,,,,0,switch,,"Charger 0 (fid=115) not available, trying Charger 2 (fid=8)",191.0,2,
Car 176,,,,116,,arrived,,arrived,194.0,,
Car 176,,,,,0,switch,,"Charger 0 (fid=115) not available, trying Charger 3 (fid=12)",195.0,3,
Car 55,,,,51,,arrived,,arrived,196.0,,
Car 98,,,,8,,arrived,,arrived,196.0,,
Car 105,,,,37,,arrived,,arrived,196.0,,
Car 55,,,,,3,switch,,"Charger 3 (fid=12) not available, trying Charger 2 (fid=8)",197.0,2,
Car 98,,,,,2,switch,,"Charger 2 (fid=8) not available, trying Charger 0 (fid=115)",197.0,0,
Car 105,,,,,2,switch,,"Charger 2 (fid=8) not available, trying Charger 1 (fid=33)",197.0,1,
Car 145,,,,,2,switch,,"Charger 2 (fid=8) not available, trying Charger 1 (fid=33)",197.7652364140686,1,
Car 176,,,,,3,switch,,"Charger 3 (fid=12) not available, trying Charger 1 (fid=33)",201.48413509728204,1,
Car 98,,,,,0,switch,,"Charger 0 (fid=115) not available, trying Charger 1 (fid=33)",203.7652364140686,1,
Car 105,,,,,1,switch,,"Charger 1 (fid=33) not available, trying Charger 0 (fid=115)",203.82344941530255,0,
Car 145,,,,,1,switch,,"Charger 1 (fid=33) not available, trying Charger 3 (fid=12)",204.58868582937114,3,
Car 122,,,,44,,arrived,,arrived,205.0,,
Car 55,,,,,2,switch,,"Charger 2 (fid=8) not available, trying Charger 0 (fid=115)",205.5962358710494,0,
Car 122,,,,,1,switch,,"Charger 1 (fid=33) not available, trying Charger 0 (fid=115)",206.0,0,
Car 76,,,,11,,arrived,,arrived,207.0,,
Car 76,,,,,0,switch,,"Charger 0 (fid=115) not available, trying Charger 2 (fid=8)",208.0,2,
Car 98,,,,,1,switch,,"Charger 1 (fid=33) not available, trying Charger 3 (fid=12)",208.67231544881022,3,
Car 105,,,,,0,switch,,"Charger 0 (fid=115) not available, trying Charger 3 (fid=12)",208.73052845004418,3,
Car 122,,,,,0,switch,,"Charger 0 (fid=115) not available, trying Charger 2 (fid=8)",210.90707903474163,2,
Car 176,,,,,1,switch,,"Charger 1 (fid=33) not available, trying Charger 2 (fid=8)",211.01143047405546,2,
Car 55,,,,,0,switch,,"Charger 0 (fid=115) not available, trying Charger 1 (fid=33)",212.361472285118,1,
Car 145,,,,,,gave_up,3,"no alternate charger available, gave up",214.11598120614457,,
Car 76,,,,,2,switch,,"Charger 2 (fid=8) not available, trying Charger 3 (fid=12)",214.7652364140686,3,
Car 105,,,,,,gave_up,3,"no alternate charger available, gave up",215.2146635473262,,
Car 201,104.0,33,1,,,done,,done charging,216.39121413202366,,604.6927606602441
Car 55,,33,1,,,start_charge,,starting to charge at Charger 1 (fid=33),216.39121413202366,,
Car 29,,,,7,,arrived,,arrived,217.0,,
Car 122,,,,,2,switch,,"Charger 2 (fid=8) not available, trying Charger 3 (fid=12)",217.67231544881022,3,
Car 176,,,,,,gave_up,2,"no alternate charger available, gave up",217.834879889358,,
Car 29,,,,,3,switch,,"Charger 3 (fid=12) not available, trying Charger 2 (fid=8)",218.0,2,
Car 98,,,,,,gave_up,3,"no alternate charger available, gave up",218.19961082558365,,
Car 76,,,,,3,switch,,"Charger 3 (fid=12) not available, trying Charger 1 (fid=33)",223.361472285118,1,
Car 122,,,,,,gave_up,3,"no alternate charger available, gave up",226.26855131985963,,
Car 29,,,,,2,switch,,"Charger 2 (fid=8) not available, trying Charger 0 (fid=115)",226.5962358710494,0,
Car 63,,,,57,,arrived,,arrived,227.0,,
Car 63,,,,,0,switch,,"Charger 0 (fid=115) not available, trying Charger 2 (fid=8)",228.0,2,
Car 104,,,,17,,arrived,,arrived,229.0,,
Car 104,,,,,0,switch,,"Charger 0 (fid=115) not available, trying Charger 3 (fid=12)",230.0,3,
Car 76,,,,,,gave_up,1,"no alternate charger available, gave up",232.88876766189142,,
Car 29,,,,,0,switch,,"Charger 0 (fid=115) not available, trying Charger 1 (fid=33)",233.361472285118,1,
Car 63,,,,,2,switch,,"Charger 2 (fid=8) not available, trying Charger 1 (fid=33)",234.7652364140686,1,
Car 36,,,,34,,arrived,,arrived,235.0,,
Car 36,,,,,1,switch,,"Charger 1 (fid=33) not available, trying Charger 0 (fid=115)",236.0,0,
Car 104,,,,,3,switch,,"Charger 3 (fid=12) not available, trying Charger 2 (fid=8)",236.48413509728204,2,
Car 83,,,,63,,arrived,,arrived,237.0,,
Car 185,,,,38,,arrived,,arrived,238.0,,
Car 83,,,,,2,switch,,"Charger 2 (fid=8) not available, trying Charger 1 (fid=33)",238.0,1,
Car 29,,,,,,gave_up,1,"no alternate charger available, gave up",238.26855131985963,,
Car 185,,,,,1,switch,,"Charger 1 (fid=33) not available, trying Charger 2 (fid=8)",239.0,2,
Car 36,,,,,0,switch,,"Charger 0 (fid=115) not available, trying Charger 2 (fid=8)",240.90707903474163,2,
Car 63,,,,,1,switch,,"Charger 1 (fid=33) not available, trying Charger 3 (fid=12)",241.58868582937114,3,
Car 194,,,,31,,arrived,,arrived,242.0,,
Car 194,,,,,1,switch,,"Charger 1 (fid=33) not available, trying Charger 0 (fid=115)",243.0,0,
Car 83,,,,,1,switch,,"Charger 1 (fid=33) not available, trying Charger 0 (fid=115)",244.82344941530255,0,
Car 104,,,,,2,switch,,"Charger 2 (fid=8) not available, trying Charger 1 (fid=33)",245.08037096833144,1,
Car 185,,,,,2,switch,,"Charger 2 (fid=8) not available, trying Charger 0 (fid=115)",245.82344941530255,0,
Car 36,,,,,2,switch,,"Charger 2 (fid=8) not available, trying Charger 3 (fid=12)",247.67231544881022,3,
Car 194,,,,,0,switch,,"Charger 0 (fid=115) not available, trying Charger 2 (fid=8)",247.90707903474163,2,
Car 86,,,,14,,arrived,,arrived,249.0,,
Car 83,,,,,0,switch,,"Charger 0 (fid=115) not available, trying Charger 3 (fid=12)",249.73052845004418,3,
Car 86,,,,,0,switch,,"Charger 0 (fid=115) not available, trying Charger 3 (fid=12)",250.0,3,
Car 63,,,,,,gave_up,3,"no alternate charger available, gave up",251.11598120614457,,
Car 104,,,,,,gave_up,1,"no alternate charger available, gave up",251.90382038363398,,
Car 185,,,,,0,switch,,"Charger 0 (fid=115) not available, trying Charger 3 (fid=12)",252.58868582937114,3,
Car 194,,,,,2,switch,,"Charger 2 (fid=8) not available, trying Charger 3 (fid=12)",254.67231544881022,3,
Car 83,,,,,,gave_up,3,"no alternate charger available, gave up",256.2146635473262,,
Car 36,,,,,,gave_up,3,"no alternate charger available, gave up",256.2685513198596,,
Car 86,,,,,3,switch,,"Charger 3 (fid=12) not available, trying Charger 1 (fid=33)",256.48413509728204,1,
Car 58,101.0,12,3,,,done,,done charging,257.48413509728204,,315.93422947951876
Car 185,,12,3,,,start_charge,,starting to charge at Charger 3 (fid=12),258.0728209266532,,
Car 153,90.0,115,0,,,done,,done charging,261.5886858293711,,432.14913457260855
Car 142,83.0,8,2,,,done,,done charging,262.83487988935804,,465.517413473449
Car 101,,,,116,,arrived,,arrived,263.0,,
Car 101,,115,0,,,start_charge,,starting to charge at Charger 0 (fid=115),263.0,,
Car 194,,,,,,gave_up,3,"no alternate charger available, gave up",263.2685513198596,,
Car 86,,,,,1,switch,,"Charger 1 (fid=33) not available, trying Charger 2 (fid=8)",266.0114304740555,2,
Car 184,,,,37,,arrived,,arrived,271.0,,
Car 184,,8,2,,,start_charge,,starting to charge at Charger 2 (fid=8),271.0,,
Car 86,,,,,,gave_up,2,"no alternate charger available, gave up",272.83487988935804,,
Car 55,66.0,33,1,,,done,,done charging,282.39121413202366,,744.0268857147964
Car 53,,,,74,,arrived,,arrived,287.0,,
Car 53,,,,,3,switch,,"Charger 3 (fid=12) not available, trying Charger 0 (fid=115)",288.0,0,
Car 91,,,,90,,arrived,,arrived,289.0,,
Car 91,,,,,3,switch,,"Charger 3 (fid=12) not available, trying Charger 0 (fid=115)",290.0,0,
Car 182,,,,19,,arrived,,arrived,294.0,,
Car 53,,,,,0,switch,,"Charger 0 (fid=115) not available, trying Charger 1 (fid=33)",294.48413509728204,1,
Car 182,,,,,0,switch,,"Charger 0 (fid=115) not available, trying Charger 1 (fid=33)",295.0,1,
Car 91,,,,,0,switch,,"Charger 0 (fid=115) not available, trying Charger 2 (fid=8)",296.48413509728204,2,
Car 53,,33,1,,,start_charge,,starting to charge at Charger 1 (fid=33),298.39121413202366,,
Car 182,,,,,1,switch,,"Charger 1 (fid=33) not available, trying Charger 3 (fid=12)",299.9070790347416,3,
Car 91,,,,,2,switch,,"Charger 2 (fid=8) not available, trying Charger 1 (fid=33)",303.2493715113506,1,
Car 182,,,,,3,switch,,"Charger 3 (fid=12) not available, trying Charger 2 (fid=8)",309.4343744115151,2,
Car 41,,,,116,,arrived,,arrived,310.0,,
Car 91,,,,,,gave_up,1,"no alternate charger available, gave up",310.07282092665315,,
Car 41,,,,,0,switch,,"Charger 0 (fid=115) not available, trying Charger 3 (fid=12)",311.0,3,
Car 101,49.0,115,0,,,done,,done charging,312.0,,189.21569310227977
Car 41,,,,,3,switch,,"Charger 3 (fid=12) not available, trying Charger 1 (fid=33)",317.48413509728204,1,
Car 182,,,,,,gave_up,2,"no alternate charger available, gave up",318.0306102825645,,
Car 41,,,,,1,switch,,"Charger 1 (fid=33) not available, trying Charger 2 (fid=8)",327.0114304740555,2,
Car 15,,,,34,,arrived,,arrived,330.0,,
Car 15,,,,,1,switch,,"Charger 1 (fid=33) not available, trying Charger 0 (fid=115)",331.0,0,
Car 41,,,,,,gave_up,2,"no alternate charger available, gave up",333.83487988935804,,
Car 15,,115,0,,,start_charge,,starting to charge at Charger 0 (fid=115),334.9070790347416,,
Car 8,,,,62,,arrived,,arrived,336.0,,
Car 8,,,,,2,switch,,"Charger 2 (fid=8) not available, trying Charger 0 (fid=115)",337.0,0,
Car 154,,,,56,,arrived,,arrived,340.0,,
Car 154,,,,,0,switch,,"Charger 0 (fid=115) not available, trying Charger 2 (fid=8)",341.0,2,
Car 8,,,,,0,switch,,"Charger 0 (fid=115) not available, trying Charger 3 (fid=12)",343.76523641406857,3,
Car 191,,,,46,,arrived,,arrived,346.0,,
Car 191,,,,,1,switch,,"Charger 1 (fid=33) not available, trying Charger 2 (fid=8)",347.0,2,
Car 154,,,,,2,switch,,"Charger 2 (fid=8) not available, trying Charger 1 (fid=33)",347.76523641406857,1,
Car 184,79.0,8,2,,,done,,done charging,350.0,,256.6592292010748
Car 8,,,,,3,switch,,"Charger 3 (fid=12) not available, trying Charger 1 (fid=33)",350.2493715113506,1,
Car 191,,8,2,,,start_charge,,starting to charge at Charger 2 (fid=8),352.82344941530255,,
Car 154,,,,,1,switch,,"Charger 1 (fid=33) not available, trying Charger 3 (fid=12)",354.5886858293711,3,
Car 10,,,,15,,arrived,,arrived,355.0,,
Car 127,,,,53,,arrived,,arrived,355.0,,
Car 10,,,,,0,switch,,"Charger 0 (fid=115) not available, trying Charger 3 (fid=12)",356.0,3,
Car 127,,,,,3,switch,,"Charger 3 (fid=12) not available, trying Charger 2 (fid=8)",356.0,2,
Car 167,,,,29,,arrived,,arrived,357.0,,
Car 195,,,,9,,arrived,,arrived,358.0,,
Car 167,,,,,0,switch,,"Charger 0 (fid=115) not available, trying Charger 3 (fid=12)",358.0,3,
Car 195,,,,,2,switch,,"Charger 2 (fid=8) not available, trying Charger 0 (fid=115)",359.0,0,
Car 8,,,,,,gave_up,1,"no alternate charger available, gave up",359.77666688812405,,
Car 10,,,,,3,switch,,"Charger 3 (fid=12) not available, trying Charger 1 (fid=33)",362.48413509728204,1,
Car 154,,,,,,gave_up,3,"no alternate charger available, gave up",364.11598120614457,,
Car 167,,,,,3,switch,,"Charger 3 (fid=12) not available, trying Charger 1 (fid=33)",364.48413509728204,1,
Car 127,,,,,2,switch,,"Charger 2 (fid=8) not available, trying Charger 0 (fid=115)",364.59623587104943,0,
Car 195,,,,,0,switch,,"Charger 0 (fid=115) not available, trying Charger 1 (fid=33)",365.76523641406857,1,
Car 111,,,,44,,arrived,,arrived,369.0,,
Car 111,,,,,1,switch,,"Charger 1 (fid=33) not available, trying Charger 0 (fid=115)",370.0,0,
Car 195,,,,,1,switch,,"Charger 1 (fid=33) not available, trying Charger 3 (fid=12)",370.6723154488102,3,
Car 127,,,,,0,switch,,"Charger 0 (fid=115) not available, trying Charger 1 (fid=33)",371.361472285118,1,
Car 12,,,,124,,arrived,,arrived,372.0,,
Car 65,,,,84,,arrived,,arrived,372.0,,
Car 10,,,,,1,switch,,"Charger 1 (fid=33) not available, trying Charger 2 (fid=8)",372.0114304740555,2,
Car 12,,,,,0,switch,,"Charger 0 (fid=115) not available, trying Charger 1 (fid=33)",373.0,1,
Car 65,,,,,3,switch,,"Charger 3 (fid=12) not available, trying Charger 0 (fid=115)",373.0,0,
Car 167,,,,,1,switch,,"Charger 1 (fid=33) not available, trying Charger 2 (fid=8)",374.0114304740555,2,
Car 111,,,,,0,switch,,"Charger 0 (fid=115) not available, trying Charger 2 (fid=8)",374.9070790347416,2,
Car 39,,,,59,,arrived,,arrived,376.0,,
Car 185,118.0,12,3,,,done,,done charging,376.0728209266532,,632.2832873447885
Car 39,,12,3,,,start_charge,,starting to charge at Charger 3 (fid=12),376.0728209266532,,
Car 127,,,,,,gave_up,1,"no alternate charger available, gave up",376.2685513198596,,
Car 12,,,,,1,switch,,"Charger 1 (fid=33) not available, trying Charger 3 (fid=12)",377.9070790347416,3,
Car 10,,,,,,gave_up,2,"no alternate charger available, gave up",378.83487988935804,,
Car 159,,,,40,,arrived,,arrived,379.0,,
Car 65,,,,,0,switch,,"Charger 0 (fid=115) not available, trying Charger 2 (fid=8)",379.48413509728204,2,
Car 159,,,,,2,switch,,"Charger 2 (fid=8) not available, trying Charger 3 (fid=12)",380.0,3,
Car 195,,,,,,gave_up,3,"no alternate charger available, gave up",380.19961082558365,,
Car 167,,,,,,gave_up,2,"no alternate charger available, gave up",380.83487988935804,,
Car 111,,,,,2,switch,,"Charger 2 (fid=8) not available, trying Charger 3 (fid=12)",381.6723154488102,3,
Car 179,,,,28,,arrived,,arrived,384.0,,
Car 179,,,,,0,switch,,"Charger 0 (fid=115) not available, trying Charger 3 (fid=12)",385.0,3,
Car 65,,,,,2,switch,,"Charger 2 (fid=8) not available, trying Charger 1 (fid=33)",386.2493715113506,1,
Car 12,,,,,3,switch,,"Charger 3 (fid=12) not available, trying Charger 2 (fid=8)",387.4343744115151,2,
Car 159,,,,,3,switch,,"Charger 3 (fid=12) not available, trying Charger 0 (fid=115)",388.59623587104943,0,
Car 111,,,,,,gave_up,3,"no alternate charger available, gave up",390.2685513198596,,
Car 179,,,,,3,switch,,"Charger 3 (fid=12) not available, trying Charger 1 (fid=33)",391.48413509728204,1,
Car 65,,,,,,gave_up,1,"no alternate charger available, gave up",393.07282092665315,,
Car 159,,,,,0,switch,,"Charger 0 (fid=115) not available, trying Charger 1 (fid=33)",395.08037096833147,1,
Car 12,,,,,,gave_up,2,"no alternate charger available, gave up",396.0306102825645,,
Car 159,,,,,,gave_up,1,"no alternate charger available, gave up",399.9874500030731,,
Car 179,,,,,1,switch,,"Charger 1 (fid=33) not available, trying Charger 2 (fid=8)",401.0114304740555,2,
Car 179,,,,,,gave_up,2,"no alternate charger available, gave up",407.83487988935804,,
Car 123,,,,31,,arrived,,arrived,408.0,,
Car 123,,,,,0,switch,,"Charger 0 (fid=115) not available, trying Charger 3 (fid=12)",409.0,3,
Car 53,116.0,33,1,,,done,,done charging,414.39121413202366,,715.1739385162304
Car 123,,,,,3,switch,,"Charger 3 (fid=12) not available, trying Charger 1 (fid=33)",415.48413509728204,1,
Car 123,,33,1,,,start_charge,,starting to charge at Charger 1 (fid=33),424.0114304740555,,
Car 68,,,,76,,arrived,,arrived,435.0,,
Car 68,,,,,3,switch,,"Charger 3 (fid=12) not available, trying Charger 0 (fid=115)",436.0,0,
Car 15,102.0,115,0,,,done,,done charging,436.9070790347416,,273.08169915644055
Car 39,65.0,12,3,,,done,,done charging,441.0728209266532,,316.45592029711975
Car 68,,115,0,,,start_charge,,starting to charge at Charger 0 (fid=115),441.48413509728204,,
Car 66,,,,3,,arrived,,arrived,445.0,,
Car 66,,12,3,,,start_charge,,starting to charge at Charger 3 (fid=12),445.0,,
Car 82,,,,84,,arrived,,arrived,448.0,,
Car 82,,,,,3,switch,,"Charger 3 (fid=12) not available, trying Charger 0 (fid=115)",449.0,0,
Car 198,,,,19,,arrived,,arrived,451.0,,
Car 198,,,,,0,switch,,"Charger 0 (fid=115) not available, trying Charger 1 (fid=33)",452.0,1,
Car 82,,,,,0,switch,,"Charger 0 (fid=115) not available, trying Charger 2 (fid=8)",455.48413509728204,2,
Car 191,103.0,8,2,,,done,,done charging,455.82344941530255,,296.39148315186924
Car 198,,,,,1,switch,,"Charger 1 (fid=33) not available, trying Charger 3 (fid=12)",456.9070790347416,3,
Car 82,,8,2,,,start_charge,,starting to charge at Charger 2 (fid=8),461.2493715113506,,
Car 186,,,,124,,arrived,,arrived,466.0,,
Car 198,,,,,3,switch,,"Charger 3 (fid=12) not available, trying Charger 2 (fid=8)",466.4343744115151,2,
Car 59,,,,69,,arrived,,arrived,467.0,,
Car 186,,,,,0,switch,,"Charger 0 (fid=115) not available, trying Charger 1 (fid=33)",467.0,1,
Car 59,,,,,0,switch,,"Charger 0 (fid=115) not available, trying Charger 1 (fid=33)",468.0,1,
Car 186,,,,,1,switch,,"Charger 1 (fid=33) not available, trying Charger 3 (fid=12)",471.9070790347416,3,
Car 9,,,,3,,arrived,,arrived,472.0,,
Car 59,,,,,1,switch,,"Charger 1 (fid=33) not available, trying Charger 3 (fid=12)",472.9070790347416,3,
Car 9,,,,,3,switch,,"Charger 3 (fid=12) not available, trying Charger 0 (fid=115)",473.0,0,
Car 102,,,,78,,arrived,,arrived,474.0,,
Car 102,,,,,2,switch,,"Charger 2 (fid=8) not available, trying Charger 1 (fid=33)",475.0,1,
Car 198,,,,,,gave_up,2,"no alternate charger available, gave up",475.0306102825645,,
Car 160,,,,31,,arrived,,arrived,477.0,,
Car 160,,,,,0,switch,,"Charger 0 (fid=115) not available, trying Charger 3 (fid=12)",478.0,3,
Car 9,,,,,0,switch,,"Charger 0 (fid=115) not available, trying Charger 1 (fid=33)",479.48413509728204,1,
Car 186,,,,,3,switch,,"Charger 3 (fid=12) not available, trying Charger 2 (fid=8)",481.4343744115151,2,
Car 102,,,,,1,switch,,"Charger 1 (fid=33) not available, trying Charger 0 (fid=115)",481.82344941530255,0,
Car 59,,,,,3,switch,,"Charger 3 (fid=12) not available, trying Charger 2 (fid=8)",482.4343744115151,2,
Car 9,,,,,1,switch,,"Charger 1 (fid=33) not available, trying Charger 2 (fid=8)",484.39121413202366,2,
Car 160,,,,,3,switch,,"Charger 3 (fid=12) not available, trying Charger 1 (fid=33)",484.48413509728204,1,
Car 102,,,,,0,switch,,"Charger 0 (fid=115) not available, trying Charger 3 (fid=12)",486.7305284500442,3,
Car 186,,,,,,gave_up,2,"no alternate charger available, gave up",490.0306102825645,,
Car 59,,,,,,gave_up,2,"no alternate charger available, gave up",491.0306102825645,,
Car 9,,,,,,gave_up,2,"no alternate charger available, gave up",491.2146635473262,,
Car 64,,,,11,,arrived,,arrived,493.0,,
Car 102,,,,,,gave_up,3,"no alternate charger available, gave up",493.2146635473262,,
Car 202,,,,8,,arrived,,arrived,494.0,,
Car 64,,,,,0,switch,,"Charger 0 (fid=115) not available, trying Charger 2 (fid=8)",494.0,2,
Car 160,,,,,1,switch,,"Charger 1 (fid=33) not available, trying Charger 2 (fid=8)",494.0114304740555,2,
Car 202,,,,,2,switch,,"Charger 2 (fid=8) not available, trying Charger 0 (fid=115)",495.0,0,
Car 64,,,,,2,switch,,"Charger 2 (fid=8) not available, trying Charger 3 (fid=12)",500.76523641406857,3,
Car 160,,,,,,gave_up,2,"no alternate charger available, gave up",500.83487988935804,,
Car 32,,,,4,,arrived,,arrived,501.0,,
Car 202,,,,,0,switch,,"Charger 0 (fid=115) not available, trying Charger 1 (fid=33)",501.76523641406857,1,
Car 32,,,,,2,switch,,"Charger 2 (fid=8) not available, trying Charger 1 (fid=33)",502.0,1,
Car 66,58.0,12,3,,,done,,done charging,503.0,,215.8672026793759
Car 57,,,,26,,arrived,,arrived,505.0,,
Car 57,,,,,0,switch,,"Charger 0 (fid=115) not available, trying Charger 3 (fid=12)",506.0,3,
Car 202,,,,,1,switch,,"Charger 1 (fid=33) not available, trying Charger 3 (fid=12)",506.6723154488102,3,
Car 64,,12,3,,,start_charge,,starting to charge at Charger 3 (fid=12),508.361472285118,,
Car 32,,,,,1,switch,,"Charger 1 (fid=33) not available, trying Charger 0 (fid=115)",508.82344941530255,0,
Car 35,,,,74,,arrived,,arrived,510.0,,
Car 35,,,,,3,switch,,"Charger 3 (fid=12) not available, trying Charger 0 (fid=115)",511.0,0,
Car 57,,,,,3,switch,,"Charger 3 (fid=12) not available, trying Charger 1 (fid=33)",512.484135097282,1,
Car 32,,,,,0,switch,,"Charger 0 (fid=115) not available, trying Charger 3 (fid=12)",513.7305284500442,3,
Car 1,,,,67,,arrived,,arrived,515.0,,
Car 82,54.0,8,2,,,done,,done charging,515.2493715113505,,718.0543088953606
Car 1,,,,,1,switch,,"Charger 1 (fid=33) not available, trying Charger 0 (fid=115)",516.0,0,
Car 202,,,,,,gave_up,3,"no alternate charger available, gave up",516.1996108255836,,
Car 35,,,,,0,switch,,"Charger 0 (fid=115) not available, trying Charger 1 (fid=33)",517.4841350972821,1,
Car 197,,,,12,,arrived,,arrived,518.0,,
Car 197,,,,,3,switch,,"Charger 3 (fid=12) not available, trying Charger 0 (fid=115)",519.0,0,
Car 32,,,,,,gave_up,3,"no alternate charger available, gave up",520.2146635473263,,
Car 1,,,,,0,switch,,"Charger 0 (fid=115) not available, trying Charger 2 (fid=8)",520.9070790347416,2,
Car 57,,,,,1,switch,,"Charger 1 (fid=33) not available, trying Charger 2 (fid=8)",522.0114304740554,2,
Car 35,,,,,1,switch,,"Charger 1 (fid=33) not available, trying Charger 2 (fid=8)",522.3912141320237,2,
Car 60,,,,76,,arrived,,arrived,525.0,,
Car 197,,,,,0,switch,,"Charger 0 (fid=115) not available, trying Charger 2 (fid=8)",525.4841350972821,2,
Car 60,,,,,3,switch,,"Charger 3 (fid=12) not available, trying Charger 0 (fid=115)",526.0,0,
Car 1,,8,2,,,start_charge,,starting to charge at Charger 2 (fid=8),526.6723154488102,,
Car 57,,,,,,gave_up,2,"no alternate charger available, gave up",528.8348798893579,,
Car 35,,,,,,gave_up,2,"no alternate charger available, gave up",529.2146635473263,,
Car 197,,,,,2,switch,,"Charger 2 (fid=8) not available, trying Charger 1 (fid=33)",532.2493715113507,1,
Car 60,,,,,0,switch,,"Charger 0 (fid=115) not available, trying Charger 2 (fid=8)",532.4841350972821,2,
Car 68,93.0,115,0,,,done,,done charging,534.484135097282,,583.6080301208323
Car 197,,,,,,gave_up,1,"no alternate charger available, gave up",539.0728209266532,,
Car 60,,,,,2,switch,,"Charger 2 (fid=8) not available, trying Charger 1 (fid=33)",539.2493715113507,1,
Car 45,,,,85,,arrived,,arrived,540.0,,
Car 123,116.0,33,1,,,done,,done charging,540.0114304740555,,397.3186153866934
Car 45,,,,,3,switch,,"Charger 3 (fid=12) not available, trying Charger 0 (fid=115)",541.0,0,
Car 60,,33,1,,,start_charge,,starting to charge at Charger 1 (fid=33),545.0728209266532,,
Car 45,,115,0,,,start_charge,,starting to charge at Charger 0 (fid=115),546.4841350972821,,
Car 30,,,,66,,arrived,,arrived,559.0,,
Car 30,,,,,2,switch,,"Charger 2 (fid=8) not available, trying Charger 0 (fid=115)",560.0,0,
Car 64,56.0,12,3,,,done,,done charging,564.361472285118,,399.0491573269666
Car 30,,,,,0,switch,,"Charger 0 (fid=115) not available, trying Charger 3 (fid=12)",566.7652364140686,3,
Car 30,,12,3,,,start_charge,,starting to charge at Charger 3 (fid=12),572.2493715113507,,
Car 162,,,,24,,arrived,,arrived,574.0,,
Car 162,,,,,1,switch,,"Charger 1 (fid=33) not available, trying Charger 2 (fid=8)",575.0,2,
Car 162,,,,,2,switch,,"Charger 2 (fid=8) not available, trying Charger 0 (fid=115)",581.8234494153025,0,
Car 43,,,,38,,arrived,,arrived,585.0,,
Car 43,,,,,1,switch,,"Charger 1 (fid=33) not available, trying Charger 2 (fid=8)",586.0,2,
Car 162,,,,,0,switch,,"Charger 0 (fid=115) not available, trying Charger 3 (fid=12)",588.5886858293711,3,
Car 43,,,,,2,switch,,"Charger 2 (fid=8) not available, trying Charger 0 (fid=115)",592.8234494153025,0,
Car 90,,,,40,,arrived,,arrived,595.0,,
Car 162,,,,,,gave_up,3,"no alternate charger available, gave up",595.0728209266532,,
Car 90,,,,,2,switch,,"Charger 2 (fid=8) not available, trying Charger 3 (fid=12)",596.0,3,
Car 45,50.0,115,0,,,done,,done charging,596.4841350972821,,615.236274837365
Car 43,,115,0,,,start_charge,,starting to charge at Charger 0 (fid=115),598.5886858293711,,
Car 90,,,,,3,switch,,"Charger 3 (fid=12) not available, trying Charger 0 (fid=115)",604.5962358710494,0,
Car 1,84.0,8,2,,,done,,done charging,610.6723154488102,,356.3394949661246
Car 90,,,,,0,switch,,"Charger 0 (fid=115) not available, trying Charger 1 (fid=33)",611.0803709683315,1,
Car 90,,,,,,gave_up,1,"no alternate charger available, gave up",615.9874500030731,,
Car 143,,,,38,,arrived,,arrived,622.0,,
Car 143,,,,,1,switch,,"Charger 1 (fid=33) not available, trying Charger 2 (fid=8)",623.0,2,
Car 30,51.0,12,3,,,done,,done charging,623.2493715113507,,605.0624442206249
Car 143,,8,2,,,start_charge,,starting to charge at Charger 2 (fid=8),628.8234494153025,,
Car 44,,,,51,,arrived,,arrived,631.0,,
Car 75,,,,3,,arrived,,arrived,631.0,,
Car 44,,12,3,,,start_charge,,starting to charge at Charger 3 (fid=12),631.0,,
Car 75,,,,,3,switch,,"Charger 3 (fid=12) not available, trying Charger 0 (fid=115)",632.0,0,
Car 24,,,,34,,arrived,,arrived,633.0,,
Car 24,,,,,0,switch,,"Charger 0 (fid=115) not available, trying Charger 3 (fid=12)",634.0,3,
Car 60,91.0,33,1,,,done,,done charging,636.0728209266532,,837.1032814024647
Car 75,,,,,0,switch,,"Charger 0 (fid=115) not available, trying Charger 1 (fid=33)",638.4841350972821,1,
Car 118,,,,52,,arrived,,arrived,640.0,,
Car 24,,,,,3,switch,,"Charger 3 (fid=12) not available, trying Charger 1 (fid=33)",640.4841350972821,1,
Car 118,,,,,3,switch,,"Charger 3 (fid=12) not available, trying Charger 0 (fid=115)",641.0,0,
Car 75,,33,1,,,start_charge,,starting to charge at Charger 1 (fid=33),642.3912141320237,,
Car 169,,,,34,,arrived,,arrived,644.0,,
Car 169,,,,,1,switch,,"Charger 1 (fid=33) not available, trying Charger 0 (fid=115)",645.0,0,
Car 118,,,,,0,switch,,"Charger 0 (fid=115) not available, trying Charger 2 (fid=8)",647.4841350972821,2,
Car 169,,,,,0,switch,,"Charger 0 (fid=115) not available, trying Charger 2 (fid=8)",649.9070790347416,2,
Car 24,,,,,1,switch,,"Charger 1 (fid=33) not available, trying Charger 2 (fid=8)",650.0114304740555,2,
Car 118,,,,,2,switch,,"Charger 2 (fid=8) not available, trying Charger 1 (fid=33)",654.2493715113507,1,
Car 169,,,,,2,switch,,"Charger 2 (fid=8) not available, trying Charger 3 (fid=12)",656.6723154488102,3,
Car 24,,,,,,gave_up,2,"no alternate charger available, gave up",656.834879889358,,
Car 43,59.0,115,0,,,done,,done charging,657.5886858293711,,432.14913457260855
Car 118,,,,,,gave_up,1,"no alternate charger available, gave up",661.0728209266532,,
Car 22,,,,3,,arrived,,arrived,664.0,,
Car 22,,,,,2,switch,,"Charger 2 (fid=8) not available, trying Charger 0 (fid=115)",665.0,0,
Car 169,,,,,,gave_up,3,"no alternate charger available, gave up",665.2685513198596,,
Car 157,,,,17,,arrived,,arrived,668.0,,
Car 157,,115,0,,,start_charge,,starting to charge at Charger 0 (fid=115),668.0,,
Car 22,,,,,0,switch,,"Charger 0 (fid=115) not available, trying Charger 3 (fid=12)",671.7652364140686,3,
Car 177,,,,29,,arrived,,arrived,678.0,,
Car 22,,,,,3,switch,,"Charger 3 (fid=12) not available, trying Charger 1 (fid=33)",678.2493715113507,1,
Car 44,48.0,12,3,,,done,,done charging,679.0,,345.06830477625186
Car 177,,,,,0,switch,,"Charger 0 (fid=115) not available, trying Charger 3 (fid=12)",679.0,3,
Car 177,,12,3,,,start_charge,,starting to charge at Charger 3 (fid=12),684.4841350972821,,
Car 22,,,,,,gave_up,1,"no alternate charger available, gave up",687.776666888124,,
Car 200,,,,116,,arrived,,arrived,688.0,,
Car 200,,,,,0,switch,,"Charger 0 (fid=115) not available, trying Charger 3 (fid=12)",689.0,3,
Car 200,,,,,3,switch,,"Charger 3 (fid=12) not available, trying Charger 1 (fid=33)",695.4841350972821,1,
Car 51,,,,30,,arrived,,arrived,698.0,,
Car 28,,,,81,,arrived,,arrived,699.0,,
Car 51,,,,,0,switch,,"Charger 0 (fid=115) not available, trying Charger 3 (fid=12)",699.0,3,
Car 28,,,,,3,switch,,"Charger 3 (fid=12) not available, trying Charger 0 (fid=115)",700.0,0,
Car 42,,,,32,,arrived,,arrived,704.0,,
Car 42,,,,,1,switch,,"Charger 1 (fid=33) not available, trying Charger 0 (fid=115)",705.0,0,
Car 200,,,,,1,switch,,"Charger 1 (fid=33) not available, trying Charger 2 (fid=8)",705.0114304740555,2,
Car 51,,,,,3,switch,,"Charger 3 (fid=12) not available, trying Charger 1 (fid=33)",705.4841350972821,1,
Car 28,,,,,0,switch,,"Charger 0 (fid=115) not available, trying Charger 2 (fid=8)",706.4841350972821,2,
Car 42,,,,,0,switch,,"Charger 0 (fid=115) not available, trying Charger 2 (fid=8)",709.9070790347416,2,
Car 200,,,,,,gave_up,2,"no alternate charger available, gave up",711.834879889358,,
Car 28,,,,,2,switch,,"Charger 2 (fid=8) not available, trying Charger 1 (fid=33)",713.2493715113507,1,
Car 143,85.0,8,2,,,done,,done charging,713.8234494153025,,289.25598788029225
Car 51,,,,,1,switch,,"Charger 1 (fid=33) not available, trying Charger 2 (fid=8)",715.0114304740555,2,
Car 42,,8,2,,,start_charge,,starting to charge at Charger 2 (fid=8),715.6723154488102,,
Car 20,,,,63,,arrived,,arrived,718.0,,
Car 20,,,,,2,switch,,"Charger 2 (fid=8) not available, trying Charger 1 (fid=33)",719.0,1,
Car 28,,,,,,gave_up,1,"no alternate charger available, gave up",720.0728209266532,,
Car 51,,,,,,gave_up,2,"no alternate charger available, gave up",721.834879889358,,
Car 20,,,,,1,switch,,"Charger 1 (fid=33) not available, trying Charger 0 (fid=115)",725.8234494153025,0,
Car 20,,,,,0,switch,,"Charger 0 (fid=115) not available, trying Charger 3 (fid=12)",730.7305284500442,3,
Car 75,92.0,33,1,,,done,,done charging,734.3912141320237,,565.4124671575452
Car 171,,,,9,,arrived,,arrived,735.0,,
Car 11,,,,124,,arrived,,arrived,736.0,,
Car 175,,,,36,,arrived,,arrived,736.0,,
Car 171,,,,,2,switch,,"Charger 2 (fid=8) not available, trying Charger 0 (fid=115)",736.0,0,
Car 114,,,,115,,arrived,,arrived,737.0,,
Car 11,,,,,0,switch,,"Charger 0 (fid=115) not available, trying Charger 1 (fid=33)",737.0,1,
Car 175,,,,,0,switch,,"Charger 0 (fid=115) not available, trying Charger 3 (fid=12)",737.0,3,
Car 20,,,,,,gave_up,3,"no alternate charger available, gave up",737.2146635473263,,
Car 178,,,,28,,arrived,,arrived,738.0,,
Car 114,,,,,0,switch,,"Charger 0 (fid=115) not available, trying Charger 1 (fid=33)",738.0,1,
Car 0,,,,5,,arrived,,arrived,739.0,,
Car 178,,,,,0,switch,,"Charger 0 (fid=115) not available, trying Charger 3 (fid=12)",739.0,3,
Car 0,,,,,2,switch,,"Charger 2 (fid=8) not available, trying Charger 1 (fid=33)",740.0,1,
Car 11,,33,1,,,start_charge,,starting to charge at Charger 1 (fid=33),740.9070790347416,,
Car 171,,,,,0,switch,,"Charger 0 (fid=115) not available, trying Charger 1 (fid=33)",742.7652364140686,1,
Car 114,,,,,1,switch,,"Charger 1 (fid=33) not available, trying Charger 3 (fid=12)",742.9070790347416,3,
Car 175,,,,,3,switch,,"Charger 3 (fid=12) not available, trying Charger 1 (fid=33)",743.4841350972821,1,
Car 178,,,,,3,switch,,"Charger 3 (fid=12) not available, trying Charger 1 (fid=33)",745.4841350972821,1,
Car 152,,,,24,,arrived,,arrived,746.0,,
Car 0,,,,,1,switch,,"Charger 1 (fid=33) not available, trying Charger 0 (fid=115)",746.8234494153025,0,
Car 157,79.0,115,0,,,done,,done charging,747.0,,232.49878746010108
Car 152,,,,,0,switch,,"Charger 0 (fid=115) not available, trying Charger 3 (fid=12)",747.0,3,
Car 171,,,,,1,switch,,"Charger 1 (fid=33) not available, trying Charger 3 (fid=12)",747.6723154488102,3,
Car 0,,,,,0,switch,,"Charger 0 (fid=115) not available, trying Charger 3 (fid=12)",751.7305284500442,3,
Car 166,,,,35,,arrived,,arrived,752.0,,
Car 114,,,,,3,switch,,"Charger 3 (fid=12) not available, trying Charger 2 (fid=8)",752.434374411515,2,
Car 166,,,,,0,switch,,"Charger 0 (fid=115) not available, trying Charger 3 (fid=12)",753.0,3,
Car 175,,,,,1,switch,,"Charger 1 (fid=33) not available, trying Charger 2 (fid=8)",753.0114304740555,2,
Car 152,,,,,3,switch,,"Charger 3 (fid=12) not available, trying Charger 1 (fid=33)",753.4841350972821,1,
Car 178,,,,,1,switch,,"Charger 1 (fid=33) not available, trying Charger 2 (fid=8)",755.0114304740555,2,
Car 177,71.0,12,3,,,done,,done charging,755.4841350972821,,315.93422947951876
Car 171,,12,3,,,start_charge,,starting to charge at Charger 3 (fid=12),756.1996108255836,,
Car 0,,,,,,gave_up,3,"no alternate charger available, gave up",758.2146635473263,,
Car 166,,,,,3,switch,,"Charger 3 (fid=12) not available, trying Charger 1 (fid=33)",759.4841350972821,1,
Car 175,,,,,,gave_up,2,"no alternate charger available, gave up",759.834879889358,,
Car 42,45.0,8,2,,,done,,done charging,760.6723154488102,,486.4920682041064
Car 114,,8,2,,,start_charge,,starting to charge at Charger 2 (fid=8),760.6723154488102,,
Car 4,,,,61,,arrived,,arrived,761.0,,
Car 178,,,,,,gave_up,2,"no alternate charger available, gave up",761.834879889358,,
Car 4,,,,,2,switch,,"Charger 2 (fid=8) not available, trying Charger 0 (fid=115)",762.0,0,
Car 152,,,,,1,switch,,"Charger 1 (fid=33) not available, trying Charger 2 (fid=8)",763.0114304740555,2,
Car 38,,,,29,,arrived,,arrived,764.0,,
Car 38,,,,,0,switch,,"Charger 0 (fid=115) not available, trying Charger 3 (fid=12)",765.0,3,
Car 4,,,,,0,switch,,"Charger 0 (fid=115) not available, trying Charger 3 (fid=12)",768.7652364140686,3,
Car 166,,,,,1,switch,,"Charger 1 (fid=33) not available, trying Charger 2 (fid=8)",769.0114304740555,2,
Car 152,,,,,,gave_up,2,"no alternate charger available, gave up",769.834879889358,,
Car 38,,,,,3,switch,,"Charger 3 (fid=12) not available, trying Charger 1 (fid=33)",771.4841350972821,1,
Car 4,,,,,3,switch,,"Charger 3 (fid=12) not available, trying Charger 1 (fid=33)",775.2493715113507,1,
Car 166,,,,,,gave_up,2,"no alternate charger available, gave up",775.834879889358,,
Car 7,,,,48,,arrived,,arrived,778.0,,
Car 7,,,,,1,switch,,"Charger 1 (fid=33) not available, trying Charger 0 (fid=115)",779.0,0,
Car 38,,,,,1,switch,,"Charger 1 (fid=33) not available, trying Charger 2 (fid=8)",781.0114304740555,2,
Car 139,,,,63,,arrived,,arrived,783.0,,
Car 7,,,,,0,switch,,"Charger 0 (fid=115) not available, trying Charger 2 (fid=8)",783.9070790347416,2,
Car 139,,,,,2,switch,,"Charger 2 (fid=8) not available, trying Charger 1 (fid=33)",784.0,1,
Car 4,,,,,,gave_up,1,"no alternate charger available, gave up",784.776666888124,,
Car 38,,,,,,gave_up,2,"no alternate charger available, gave up",787.834879889358,,
Car 40,,,,66,,arrived,,arrived,789.0,,
Car 40,,,,,2,switch,,"Charger 2 (fid=8) not available, trying Charger 0 (fid=115)",790.0,0,
Car 7,,,,,2,switch,,"Charger 2 (fid=8) not available, trying Charger 3 (fid=12)",790.6723154488102,3,
Car 139,,,,,1,switch,,"Charger 1 (fid=33) not available, trying Charger 0 (fid=115)",790.8234494153025,0,
Car 139,,,,,0,switch,,"Charger 0 (fid=115) not available, trying Charger 3 (fid=12)",795.7305284500442,3,
Car 40,,,,,0,switch,,"Charger 0 (fid=115) not available, trying Charger 3 (fid=12)",796.7652364140686,3,
Car 7,,,,,,gave_up,3,"no alternate charger available, gave up",799.2685513198596,,
Car 146,,,,66,,arrived,,arrived,801.0,,
Car 146,,,,,2,switch,,"Charger 2 (fid=8) not available, trying Charger 0 (fid=115)",802.0,0,
Car 139,,,,,,gave_up,3,"no alternate charger available, gave up",802.2146635473263,,
Car 40,,,,,3,switch,,"Charger 3 (fid=12) not available, trying Charger 1 (fid=33)",803.2493715113507,1,
Car 94,,,,26,,arrived,,arrived,808.0,,
Car 146,,,,,0,switch,,"Charger 0 (fid=115) not available, trying Charger 3 (fid=12)",808.7652364140686,3,
Car 85,,,,25,,arrived,,arrived,809.0,,
Car 94,,,,,0,switch,,"Charger 0 (fid=115) not available, trying Charger 3 (fid=12)",809.0,3,
Car 85,,,,,1,switch,,"Charger 1 (fid=33) not available, trying Charger 0 (fid=115)",810.0,0,
Car 40,,,,,,gave_up,1,"no alternate charger available, gave up",812.776666888124,,
Car 85,,,,,0,switch,,"Charger 0 (fid=115) not available, trying Charger 2 (fid=8)",814.9070790347416,2,
Car 146,,,,,3,switch,,"Charger 3 (fid=12) not available, trying Charger 1 (fid=33)",815.2493715113507,1,
Car 94,,,,,3,switch,,"Charger 3 (fid=12) not available, trying Charger 1 (fid=33)",815.4841350972821,1,
Car 164,,,,84,,arrived,,arrived,818.0,,
Car 164,,,,,3,switch,,"Charger 3 (fid=12) not available, trying Charger 0 (fid=115)",819.0,0,
Car 190,,,,15,,arrived,,arrived,821.0,,
Car 85,,,,,2,switch,,"Charger 2 (fid=8) not available, trying Charger 3 (fid=12)",821.6723154488102,3,
Car 190,,,,,3,switch,,"Charger 3 (fid=12) not available, trying Charger 2 (fid=8)",822.0,2,
Car 171,66.0,12,3,,,done,,done charging,822.1996108255836,,559.3426712672874
Car 146,,,,,,gave_up,1,"no alternate charger available, gave up",824.776666888124,,
Car 94,,,,,1,switch,,"Charger 1 (fid=33) not available, trying Charger 2 (fid=8)",825.0114304740555,2,
Car 164,,,,,0,switch,,"Charger 0 (fid=115) not available, trying Charger 2 (fid=8)",825.4841350972821,2,
Car 108,,,,23,,arrived,,arrived,827.0,,
Car 134,,,,29,,arrived,,arrived,828.0,,
Car 108,,,,,1,switch,,"Charger 1 (fid=33) not available, trying Charger 2 (fid=8)",828.0,2,
Car 134,,,,,0,switch,,"Charger 0 (fid=115) not available, trying Charger 3 (fid=12)",829.0,3,
Car 85,,12,3,,,start_charge,,starting to charge at Charger 3 (fid=12),829.2685513198596,,
Car 190,,,,,2,switch,,"Charger 2 (fid=8) not available, trying Charger 0 (fid=115)",830.5962358710494,0,
Car 94,,,,,,gave_up,2,"no alternate charger available, gave up",831.834879889358,,
Car 26,,,,35,,arrived,,arrived,832.0,,
Car 164,,,,,2,switch,,"Charger 2 (fid=8) not available, trying Charger 1 (fid=33)",832.2493715113507,1,
Car 26,,,,,0,switch,,"Charger 0 (fid=115) not available, trying Charger 3 (fid=12)",833.0,3,
Car 108,,,,,2,switch,,"Charger 2 (fid=8) not available, trying Charger 0 (fid=115)",834.8234494153025,0,
Car 134,,,,,3,switch,,"Charger 3 (fid=12) not available, trying Charger 1 (fid=33)",835.4841350972821,1,
Car 190,,,,,0,switch,,"Charger 0 (fid=115) not available, trying Charger 1 (fid=33)",837.361472285118,1,
Car 164,,,,,,gave_up,1,"no alternate charger available, gave up",839.0728209266532,,
Car 26,,,,,3,switch,,"Charger 3 (fid=12) not available, trying Charger 1 (fid=33)",839.4841350972821,1,
Car 108,,,,,0,switch,,"Charger 0 (fid=115) not available, trying Charger 3 (fid=12)",841.5886858293711,3,
Car 190,,,,,,gave_up,1,"no alternate charger available, gave up",842.2685513198596,,
Car 113,,,,78,,arrived,,arrived,844.0,,
Car 113,,,,,2,switch,,"Charger 2 (fid=8) not available, trying Charger 1 (fid=33)",845.0,1,
Car 134,,,,,1,switch,,"Charger 1 (fid=33) not available, trying Charger 2 (fid=8)",845.0114304740555,2,
Car 108,,,,,,gave_up,3,"no alternate charger available, gave up",848.0728209266532,,
Car 13,,,,82,,arrived,,arrived,849.0,,
Car 26,,,,,1,switch,,"Charger 1 (fid=33) not available, trying Charger 2 (fid=8)",849.0114304740555,2,
Car 13,,,,,3,switch,,"Charger 3 (fid=12) not available, trying Charger 0 (fid=115)",850.0,0,
Car 11,110.0,33,1,,,done,,done charging,850.9070790347416,,315.51202513662435
Car 113,,33,1,,,start_charge,,starting to charge at Charger 1 (fid=33),850.9070790347416,,
Car 134,,,,,,gave_up,2,"no alternate charger available, gave up",851.834879889358,,
Car 26,,,,,,gave_up,2,"no alternate charger available, gave up",855.834879889358,,
Car 13,,,,,0,switch,,"Charger 0 (fid=115) not available, trying Charger 2 (fid=8)",856.4841350972821,2,
Car 93,,,,31,,arrived,,arrived,858.0,,
Car 93,,,,,1,switch,,"Charger 1 (fid=33) not available, trying Charger 0 (fid=115)",859.0,0,
Car 13,,,,,2,switch,,"Charger 2 (fid=8) not available, trying Charger 1 (fid=33)",863.2493715113507,1,
Car 93,,,,,0,switch,,"Charger 0 (fid=115) not available, trying Charger 2 (fid=8)",863.9070790347416,2,
Car 114,105.0,8,2,,,done,,done charging,865.6723154488102,,480.2441932919135
Car 33,,,,26,,arrived,,arrived,866.0,,
Car 33,,,,,1,switch,,"Charger 1 (fid=33) not available, trying Charger 0 (fid=115)",867.0,0,
Car 93,,8,2,,,start_charge,,starting to charge at Charger 2 (fid=8),869.6723154488102,,
Car 13,,,,,,gave_up,1,"no alternate charger available, gave up",870.0728209266532,,
Car 33,,,,,0,switch,,"Charger 0 (fid=115) not available, trying Charger 2 (fid=8)",871.9070790347416,2,
Car 199,,,,74,,arrived,,arrived,875.0,,
Car 199,,,,,3,switch,,"Charger 3 (fid=12) not available, trying Charger 0 (fid=115)",876.0,0,
Car 33,,,,,2,switch,,"Charger 2 (fid=8) not available, trying Charger 3 (fid=12)",878.6723154488102,3,
Car 183,,,,50,,arrived,,arrived,880.0,,
Car 183,,,,,2,switch,,"Charger 2 (fid=8) not available, trying Charger 3 (fid=12)",881.0,3,
Car 199,,,,,0,switch,,"Charger 0 (fid=115) not available, trying Charger 1 (fid=33)",882.4841350972821,1,
Car 33,,,,,,gave_up,3,"no alternate charger available, gave up",887.2685513198596,,
Car 199,,,,,1,switch,,"Charger 1 (fid=33) not available, trying Charger 2 (fid=8)",887.3912141320237,2,
Car 69,,,,48,,arrived,,arrived,888.0,,
Car 69,,,,,1,switch,,"Charger 1 (fid=33) not available, trying Charger 0 (fid=115)",889.0,0,
Car 183,,,,,3,switch,,"Charger 3 (fid=12) not available, trying Charger 0 (fid=115)",889.5962358710494,0,
Car 69,,,,,0,switch,,"Charger 0 (fid=115) not available, trying Charger 2 (fid=8)",893.9070790347416,2,
Car 199,,,,,,gave_up,2,"no alternate charger available, gave up",894.2146635473263,,
Car 183,,,,,0,switch,,"Charger 0 (fid=115) not available, trying Charger 1 (fid=33)",896.0803709683315,1,
Car 103,,,,19,,arrived,,arrived,898.0,,
Car 103,,,,,0,switch,,"Charger 0 (fid=115) not available, trying Charger 1 (fid=33)",899.0,1,
Car 69,,,,,2,switch,,"Charger 2 (fid=8) not available, trying Charger 3 (fid=12)",900.6723154488102,3,
Car 183,,,,,,gave_up,1,"no alternate charger available, gave up",900.9874500030731,,
Car 168,,,,54,,arrived,,arrived,902.0,,
Car 110,,,,80,,arrived,,arrived,903.0,,
Car 168,,,,,0,switch,,"Charger 0 (fid=115) not available, trying Charger 2 (fid=8)",903.0,2,
Car 103,,,,,1,switch,,"Charger 1 (fid=33) not available, trying Charger 3 (fid=12)",903.9070790347416,3,
Car 110,,,,,0,switch,,"Charger 0 (fid=115) not available, trying Charger 3 (fid=12)",904.0,3,
Car 69,,,,,,gave_up,3,"no alternate charger available, gave up",909.2685513198596,,
Car 168,,,,,2,switch,,"Charger 2 (fid=8) not available, trying Charger 1 (fid=33)",909.7652364140686,1,
Car 110,,,,,3,switch,,"Charger 3 (fid=12) not available, trying Charger 1 (fid=33)",910.4841350972821,1,
Car 103,,,,,3,switch,,"Charger 3 (fid=12) not available, trying Charger 2 (fid=8)",913.434374411515,2,
Car 168,,,,,1,switch,,"Charger 1 (fid=33) not available, trying Charger 3 (fid=12)",916.5886858293711,3,
Car 85,89.0,12,3,,,done,,done charging,918.2685513198596,,745.2618405321092
Car 110,,,,,1,switch,,"Charger 1 (fid=33) not available, trying Charger 2 (fid=8)",920.0114304740555,2,
Car 103,,,,,,gave_up,2,"no alternate charger available, gave up",922.0306102825645,,
Car 193,,,,124,,arrived,,arrived,924.0,,
Car 193,,,,,0,switch,,"Charger 0 (fid=115) not available, trying Charger 1 (fid=33)",925.0,1,
Car 168,,12,3,,,start_charge,,starting to charge at Charger 3 (fid=12),925.1159812061445,,
Car 110,,,,,,gave_up,2,"no alternate charger available, gave up",926.834879889358,,
Car 192,,,,6,,arrived,,arrived,927.0,,
Car 113,77.0,33,1,,,done,,done charging,927.9070790347416,,479.6135840939225
Car 192,,,,,3,switch,,"Charger 3 (fid=12) not available, trying Charger 0 (fid=115)",928.0,0,
Car 193,,33,1,,,start_charge,,starting to charge at Charger 1 (fid=33),928.9070790347416,,
Car 67,,,,35,,arrived,,arrived,929.0,,
Car 67,,,,,0,switch,,"Charger 0 (fid=115) not available, trying Charger 3 (fid=12)",930.0,3,
Car 192,,,,,0,switch,,"Charger 0 (fid=115) not available, trying Charger 2 (fid=8)",934.4841350972821,2,
Car 21,,,,55,,arrived,,arrived,935.0,,
Car 21,,,,,0,switch,,"Charger 0 (fid=115) not available, trying Charger 2 (fid=8)",936.0,2,
Car 67,,,,,3,switch,,"Charger 3 (fid=12) not available, trying Charger 1 (fid=33)",936.4841350972821,1,
Car 196,,,,90,,arrived,,arrived,937.0,,
Car 196,,,,,3,switch,,"Charger 3 (fid=12) not available, trying Charger 0 (fid=115)",938.0,0,
Car 131,,,,30,,arrived,,arrived,940.0,,
Car 131,,,,,0,switch,,"Charger 0 (fid=115) not available, trying Charger 3 (fid=12)",941.0,3,
Car 192,,,,,2,switch,,"Charger 2 (fid=8) not available, trying Charger 1 (fid=33)",941.2493715113507,1,
Car 132,,,,4,,arrived,,arrived,942.0,,
Car 21,,,,,2,switch,,"Charger 2 (fid=8) not available, trying Charger 1 (fid=33)",942.7652364140686,1,
Car 132,,,,,3,switch,,"Charger 3 (fid=12) not available, trying Charger 0 (fid=115)",943.0,0,
Car 16,,,,73,,arrived,,arrived,944.0,,
Car 107,,,,33,,arrived,,arrived,944.0,,
Car 155,,,,26,,arrived,,arrived,944.0,,
Car 196,,,,,0,switch,,"Charger 0 (fid=115) not available, trying Charger 2 (fid=8)",944.4841350972821,2,
Car 16,,,,,2,switch,,"Charger 2 (fid=8) not available, trying Charger 0 (fid=115)",945.0,0,
Car 107,,,,,1,switch,,"Charger 1 (fid=33) not available, trying Charger 0 (fid=115)",945.0,0,
Car 155,,,,,1,switch,,"Charger 1 (fid=33) not available, trying Charger 0 (fid=115)",945.0,0,
Car 67,,,,,1,switch,,"Charger 1 (fid=33) not available, trying Charger 2 (fid=8)",946.0114304740555,2,
Car 131,,,,,3,switch,,"Charger 3 (fid=12) not available, trying Charger 1 (fid=33)",947.4841350972821,1,
Car 79,,,,23,,arrived,,arrived,948.0,,
Car 84,,,,15,,arrived,,arrived,948.0,,
Car 192,,,,,,gave_up,1,"no alternate charger available, gave up",948.0728209266532,,
Car 79,,,,,0,switch,,"Charger 0 (fid=115) not available, trying Charger 3 (fid=12)",949.0,3,
Car 84,,,,,0,switch,,"Charger 0 (fid=115) not available, trying Charger 3 (fid=12)",949.0,3,
Car 132,,,,,0,switch,,"Charger 0 (fid=115) not available, trying Charger 2 (fid=8)",949.4841350972821,2,
Car 21,,,,,1,switch,,"Charger 1 (fid=33) not available, trying Charger 3 (fid=12)",949.5886858293711,3,
Car 107,,,,,0,switch,,"Charger 0 (fid=115) not available, trying Charger 2 (fid=8)",949.9070790347416,2,
Car 155,,,,,0,switch,,"Charger 0 (fid=115) not available, trying Charger 2 (fid=8)",949.9070790347416,2,
Car 136,,,,75,,arrived,,arrived,951.0,,
Car 196,,,,,2,switch,,"Charger 2 (fid=8) not available, trying Charger 1 (fid=33)",951.2493715113507,1,
Car 16,,,,,0,switch,,"Charger 0 (fid=115) not available, trying Charger 1 (fid=33)",951.7652364140686,1,
Car 136,,,,,3,switch,,"Charger 3 (fid=12) not available, trying Charger 2 (fid=8)",952.0,2,
Car 67,,,,,,gave_up,2,"no alternate charger available, gave up",952.834879889358,,
Car 79,,,,,3,switch,,"Charger 3 (fid=12) not available, trying Charger 1 (fid=33)",955.4841350972821,1,
Car 84,,,,,3,switch,,"Charger 3 (fid=12) not available, trying Charger 1 (fid=33)",955.4841350972821,1,
Car 132,,,,,2,switch,,"Charger 2 (fid=8) not available, trying Charger 1 (fid=33)",956.2493715113507,1,
Car 107,,,,,2,switch,,"Charger 2 (fid=8) not available, trying Charger 3 (fid=12)",956.6723154488102,3,
Car 155,,,,,2,switch,,"Charger 2 (fid=8) not available, trying Charger 3 (fid=12)",956.6723154488102,3,
Car 16,,,,,1,switch,,"Charger 1 (fid=33) not available, trying Charger 3 (fid=12)",956.6723154488102,3,
Car 131,,,,,1,switch,,"Charger 1 (fid=33) not available, trying Charger 2 (fid=8)",957.0114304740555,2,
Car 196,,,,,,gave_up,1,"no alternate charger available, gave up",958.0728209266532,,
Car 21,,,,,,gave_up,3,"no alternate charger available, gave up",959.1159812061445,,
Car 158,,,,21,,arrived,,arrived,960.0,,
Car 174,,,,71,,arrived,,arrived,960.0,,
Car 136,,,,,2,switch,,"Charger 2 (fid=8) not available, trying Charger 0 (fid=115)",960.5962358710494,0,
Car 158,,,,,0,switch,,"Charger 0 (fid=115) not available, trying Charger 1 (fid=33)",961.0,1,
Car 174,,,,,0,switch,,"Charger 0 (fid=115) not available, trying Charger 1 (fid=33)",961.0,1,
Car 132,,,,,,gave_up,1,"no alternate charger available, gave up",963.0728209266532,,
Car 131,,,,,,gave_up,2,"no alternate charger available, gave up",963.834879889358,,
Car 79,,,,,1,switch,,"Charger 1 (fid=33) not available, trying Charger 2 (fid=8)",965.0114304740555,2,
Car 84,,,,,1,switch,,"Charger 1 (fid=33) not available, trying Charger 2 (fid=8)",965.0114304740555,2,
Car 107,,,,,,gave_up,3,"no alternate charger available, gave up",965.2685513198596,,
Car 155,,,,,,gave_up,3,"no alternate charger available, gave up",965.2685513198596,,
Car 158,,,,,1,switch,,"Charger 1 (fid=33) not available, trying Charger 3 (fid=12)",965.9070790347416,3,
Car 174,,,,,1,switch,,"Charger 1 (fid=33) not available, trying Charger 3 (fid=12)",965.9070790347416,3,
Car 16,,,,,,gave_up,3,"no alternate charger available, gave up",966.1996108255836,,
Car 136,,,,,0,switch,,"Charger 0 (fid=115) not available, trying Charger 1 (fid=33)",967.361472285118,1,
Car 46,,,,34,,arrived,,arrived,968.0,,
Car 46,,,,,1,switch,,"Charger 1 (fid=33) not available, trying Charger 0 (fid=115)",969.0,0,
Car 187,,,,55,,arrived,,arrived,970.0,,
Car 187,,,,,0,switch,,"Charger 0 (fid=115) not available, trying Charger 2 (fid=8)",971.0,2,
Car 79,,,,,,gave_up,2,"no alternate charger available, gave up",971.834879889358,,
Car 84,,,,,,gave_up,2,"no alternate charger available, gave up",971.834879889358,,
Car 136,,,,,,gave_up,1,"no alternate charger available, gave up",972.2685513198596,,
Car 46,,,,,0,switch,,"Charger 0 (fid=115) not available, trying Charger 2 (fid=8)",973.9070790347416,2,
Car 158,,,,,3,switch,,"Charger 3 (fid=12) not available, trying Charger 2 (fid=8)",975.434374411515,2,
Car 174,,,,,3,switch,,"Charger 3 (fid=12) not available, trying Charger 2 (fid=8)",975.434374411515,2,
Car 93,106.0,8,2,,,done,,done charging,975.6723154488102,,432.12035773830405
Car 187,,8,2,,,start_charge,,starting to charge at Charger 2 (fid=8),976.7652364140686,,
Car 46,,,,,2,switch,,"Charger 2 (fid=8) not available, trying Charger 3 (fid=12)",980.6723154488102,3,
Car 158,,,,,,gave_up,2,"no alternate charger available, gave up",984.0306102825645,,
Car 174,,,,,,gave_up,2,"no alternate charger available, gave up",984.0306102825645,,
Car 193,58.0,33,1,,,done,,done charging,986.9070790347416,,315.51202513662435
Car 126,,,,29,,arrived,,arrived,987.0,,
Car 112,,,,31,,arrived,,arrived,988.0,,
Car 126,,,,,0,switch,,"Charger 0 (fid=115) not available, trying Charger 3 (fid=12)",988.0,3,
Car 112,,,,,0,switch,,"Charger 0 (fid=115) not available, trying Charger 3 (fid=12)",989.0,3,
Car 46,,,,,,gave_up,3,"no alternate charger available, gave up",989.2685513198596,,
Car 141,,,,76,,arrived,,arrived,990.0,,
Car 92,,,,59,,arrived,,arrived,991.0,,
Car 141,,,,,3,switch,,"Charger 3 (fid=12) not available, trying Charger 0 (fid=115)",991.0,0,
Car 92,,,,,3,switch,,"Charger 3 (fid=12) not available, trying Charger 2 (fid=8)",992.0,2,
Car 126,,,,,3,switch,,"Charger 3 (fid=12) not available, trying Charger 1 (fid=33)",994.4841350972821,1,
Car 112,,,,,3,switch,,"Charger 3 (fid=12) not available, trying Charger 1 (fid=33)",995.4841350972821,1,
Car 50,,,,58,,arrived,,arrived,997.0,,
Car 141,,,,,0,switch,,"Charger 0 (fid=115) not available, trying Charger 2 (fid=8)",997.4841350972821,2,
Car 50,,,,,3,switch,,"Charger 3 (fid=12) not available, trying Charger 2 (fid=8)",998.0,2,
Car 92,,,,,2,switch,,"Charger 2 (fid=8) not available, trying Charger 0 (fid=115)",1000.5962358710494,0,
Car 27,,,,57,,arrived,,arrived,1001.0,,
Car 27,,,,,0,switch,,"Charger 0 (fid=115) not available, trying Charger 2 (fid=8)",1002.0,2,
Car 17,,,,32,,arrived,,arrived,1003.0,,
Car 126,,33,1,,,start_charge,,starting to charge at Charger 1 (fid=33),1003.0114304740555,,
Car 17,,,,,0,switch,,"Charger 0 (fid=115) not available, trying Charger 3 (fid=12)",1004.0,3,
Car 141,,,,,2,switch,,"Charger 2 (fid=8) not available, trying Charger 1 (fid=33)",1004.2493715113507,1,
Car 112,,,,,1,switch,,"Charger 1 (fid=33) not available, trying Charger 2 (fid=8)",1005.0114304740555,2,
Car 50,,,,,2,switch,,"Charger 2 (fid=8) not available, trying Charger 0 (fid=115)",1006.5962358710494,0,
Car 92,,,,,0,switch,,"Charger 0 (fid=115) not available, trying Charger 1 (fid=33)",1007.361472285118,1,
Car 27,,,,,2,switch,,"Charger 2 (fid=8) not available, trying Charger 1 (fid=33)",1008.7652364140686,1,
Car 17,,,,,3,switch,,"Charger 3 (fid=12) not available, trying Charger 1 (fid=33)",1010.4841350972821,1,
Car 141,,,,,,gave_up,1,"no alternate charger available, gave up",1011.0728209266532,,
Car 112,,,,,,gave_up,2,"no alternate charger available, gave up",1011.834879889358,,
Car 92,,,,,,gave_up,1,"no alternate charger available, gave up",1012.2685513198596,,
Car 50,,,,,0,switch,,"Charger 0 (fid=115) not available, trying Charger 1 (fid=33)",1013.361472285118,1,
Car 168,90.0,12,3,,,done,,done charging,1015.1159812061445,,450.35278224606935
Car 27,,,,,1,switch,,"Charger 1 (fid=33) not available, trying Charger 3 (fid=12)",1015.5886858293711,3,
Car 50,,,,,,gave_up,1,"no alternate charger available, gave up",1018.2685513198596,,
Car 17,,,,,1,switch,,"Charger 1 (fid=33) not available, trying Charger 2 (fid=8)",1020.0114304740555,2,
Car 27,,12,3,,,start_charge,,starting to charge at Charger 3 (fid=12),1024.1159812061446,,
Car 18,,,,58,,arrived,,arrived,1025.0,,
Car 18,,,,,3,switch,,"Charger 3 (fid=12) not available, trying Charger 2 (fid=8)",1026.0,2,
Car 17,,,,,,gave_up,2,"no alternate charger available, gave up",1026.834879889358,,
Car 5,,,,31,,arrived,,arrived,1028.0,,
Car 5,,,,,0,switch,,"Charger 0 (fid=115) not available, trying Charger 3 (fid=12)",1029.0,3,
Car 147,,,,70,,arrived,,arrived,1033.0,,
Car 147,,,,,0,switch,,"Charger 0 (fid=115) not available, trying Charger 1 (fid=33)",1034.0,1,
Car 18,,,,,2,switch,,"Charger 2 (fid=8) not available, trying Charger 0 (fid=115)",1034.5962358710494,0,
Car 5,,,,,3,switch,,"Charger 3 (fid=12) not available, trying Charger 1 (fid=33)",1035.484135097282,1,
Car 147,,,,,1,switch,,"Charger 1 (fid=33) not available, trying Charger 3 (fid=12)",1038.9070790347416,3,
Car 56,,,,29,,arrived,,arrived,1040.0,,
Car 56,,,,,1,switch,,"Charger 1 (fid=33) not available, trying Charger 0 (fid=115)",1041.0,0,
Car 18,,,,,0,switch,,"Charger 0 (fid=115) not available, trying Charger 1 (fid=33)",1041.361472285118,1,
Car 5,,,,,1,switch,,"Charger 1 (fid=33) not available, trying Charger 2 (fid=8)",1045.0114304740555,2,
Car 56,,,,,0,switch,,"Charger 0 (fid=115) not available, trying Charger 2 (fid=8)",1045.9070790347416,2,
Car 18,,,,,,gave_up,1,"no alternate charger available, gave up",1046.2685513198596,,
Car 147,,,,,3,switch,,"Charger 3 (fid=12) not available, trying Charger 2 (fid=8)",1048.4343744115151,2,
Car 5,,,,,,gave_up,2,"no alternate charger available, gave up",1051.834879889358,,
Car 56,,,,,2,switch,,"Charger 2 (fid=8) not available, trying Charger 3 (fid=12)",1052.6723154488102,3,
Car 106,,,,29,,arrived,,arrived,1053.0,,
Car 106,,,,,0,switch,,"Charger 0 (fid=115) not available, trying Charger 3 (fid=12)",1054.0,3,
Car 147,,,,,,gave_up,2,"no alternate charger available, gave up",1057.0306102825646,,
Car 106,,,,,3,switch,,"Charger 3 (fid=12) not available, trying Charger 1 (fid=33)",1060.484135097282,1,
Car 49,,,,65,,arrived,,arrived,1061.0,,
Car 56,,,,,,gave_up,3,"no alternate charger available, gave up",1061.2685513198596,,
Car 49,,,,,2,switch,,"Charger 2 (fid=8) not available, trying Charger 1 (fid=33)",1062.0,1,
Car 49,,,,,1,switch,,"Charger 1 (fid=33) not available, trying Charger 0 (fid=115)",1068.8234494153025,0,
Car 31,,,,15,,arrived,,arrived,1069.0,,
Car 31,,,,,0,switch,,"Charger 0 (fid=115) not available, trying Charger 3 (fid=12)",1070.0,3,
Car 106,,,,,1,switch,,"Charger 1 (fid=33) not available, trying Charger 2 (fid=8)",1070.0114304740555,2,
Car 187,95.0,8,2,,,done,,done charging,1071.7652364140686,,351.78410802306263
Car 49,,,,,0,switch,,"Charger 0 (fid=115) not available, trying Charger 3 (fid=12)",1073.7305284500442,3,
Car 71,,,,65,,arrived,,arrived,1075.0,,
Car 71,,8,2,,,start_charge,,starting to charge at Charger 2 (fid=8),1075.0,,
Car 31,,,,,3,switch,,"Charger 3 (fid=12) not available, trying Charger 1 (fid=33)",1076.484135097282,1,
Car 106,,,,,,gave_up,2,"no alternate charger available, gave up",1076.834879889358,,
Car 61,,,,84,,arrived,,arrived,1077.0,,
Car 61,,,,,3,switch,,"Charger 3 (fid=12) not available, trying Charger 0 (fid=115)",1078.0,0,
Car 49,,,,,,gave_up,3,"no alternate charger available, gave up",1080.2146635473262,,
Car 61,,,,,0,switch,,"Charger 0 (fid=115) not available, trying Charger 2 (fid=8)",1084.484135097282,2,
Car 31,,,,,1,switch,,"Charger 1 (fid=33) not available, trying Charger 2 (fid=8)",1086.0114304740555,2,
Car 165,,,,69,,arrived,,arrived,1089.0,,
Car 165,,,,,0,switch,,"Charger 0 (fid=115) not available, trying Charger 1 (fid=33)",1090.0,1,
Car 116,,,,69,,arrived,,arrived,1091.0,,
Car 129,,,,15,,arrived,,arrived,1091.0,,
Car 61,,,,,2,switch,,"Charger 2 (fid=8) not available, trying Charger 1 (fid=33)",1091.2493715113505,1,
Car 116,,,,,0,switch,,"Charger 0 (fid=115) not available, trying Charger 1 (fid=33)",1092.0,1,
Car 129,,,,,3,switch,,"Charger 3 (fid=12) not available, trying Charger 2 (fid=8)",1092.0,2,
Car 31,,,,,,gave_up,2,"no alternate charger available, gave up",1092.834879889358,,
Car 165,,,,,1,switch,,"Charger 1 (fid=33) not available, trying Charger 3 (fid=12)",1094.9070790347416,3,
Car 27,71.0,12,3,,,done,,done charging,1095.1159812061446,,412.40045193614475
Car 116,,,,,1,switch,,"Charger 1 (fid=33) not available, trying Charger 3 (fid=12)",1096.9070790347416,3,
Car 61,,,,,,gave_up,1,"no alternate charger available, gave up",1098.072820926653,,
Car 129,,,,,2,switch,,"Charger 2 (fid=8) not available, trying Charger 0 (fid=115)",1100.5962358710494,0,
Car 126,100.0,33,1,,,done,,done charging,1103.0114304740555,,452.54588733081715
Car 165,,12,3,,,start_charge,,starting to charge at Charger 3 (fid=12),1103.4343744115151,,
Car 116,,,,,3,switch,,"Charger 3 (fid=12) not available, trying Charger 2 (fid=8)",1106.4343744115151,2,
Car 129,,,,,0,switch,,"Charger 0 (fid=115) not available, trying Charger 1 (fid=33)",1107.361472285118,1,
Car 129,,33,1,,,start_charge,,starting to charge at Charger 1 (fid=33),1111.2685513198596,,
Car 188,,,,15,,arrived,,arrived,1115.0,,
Car 116,,,,,,gave_up,2,"no alternate charger available, gave up",1115.0306102825646,,
Car 99,,,,16,,arrived,,arrived,1116.0,,
Car 188,,,,,3,switch,,"Charger 3 (fid=12) not available, trying Charger 2 (fid=8)",1116.0,2,
Car 99,,,,,0,switch,,"Charger 0 (fid=115) not available, trying Charger 2 (fid=8)",1117.0,2,
Car 99,,,,,2,switch,,"Charger 2 (fid=8) not available, trying Charger 1 (fid=33)",1123.7652364140686,1,
Car 188,,,,,2,switch,,"Charger 2 (fid=8) not available, trying Charger 0 (fid=115)",1124.5962358710494,0,
Car 99,,,,,1,switch,,"Charger 1 (fid=33) not available, trying Charger 3 (fid=12)",1130.5886858293711,3,
Car 188,,,,,0,switch,,"Charger 0 (fid=115) not available, trying Charger 1 (fid=33)",1131.361472285118,1,
Car 188,,,,,,gave_up,1,"no alternate charger available, gave up",1136.2685513198596,,
Car 99,,,,,,gave_up,3,"no alternate charger available, gave up",1140.1159812061446,,
Car 203,,,,4,,arrived,,arrived,1144.0,,
Car 203,,,,,3,switch,,"Charger 3 (fid=12) not available, trying Charger 0 (fid=115)",1145.0,0,
Car 149,,,,26,,arrived,,arrived,1149.0,,
Car 149,,,,,0,switch,,"Charger 0 (fid=115) not available, trying Charger 3 (fid=12)",1150.0,3,
Car 25,,,,58,,arrived,,arrived,1151.0,,
Car 203,,,,,0,switch,,"Charger 0 (fid=115) not available, trying Charger 2 (fid=8)",1151.484135097282,2,
Car 25,,,,,3,switch,,"Charger 3 (fid=12) not available, trying Charger 2 (fid=8)",1152.0,2,
Car 149,,,,,3,switch,,"Charger 3 (fid=12) not available, trying Charger 1 (fid=33)",1156.484135097282,1,
Car 203,,,,,2,switch,,"Charger 2 (fid=8) not available, trying Charger 1 (fid=33)",1158.2493715113505,1,
Car 25,,,,,2,switch,,"Charger 2 (fid=8) not available, trying Charger 0 (fid=115)",1160.5962358710494,0,
Car 121,,,,67,,arrived,,arrived,1165.0,,
Car 203,,,,,,gave_up,1,"no alternate charger available, gave up",1165.072820926653,,
Car 121,,,,,1,switch,,"Charger 1 (fid=33) not available, trying Charger 0 (fid=115)",1166.0,0,
Car 149,,,,,1,switch,,"Charger 1 (fid=33) not available, trying Charger 2 (fid=8)",1166.0114304740555,2,
Car 25,,,,,0,switch,,"Charger 0 (fid=115) not available, trying Charger 1 (fid=33)",1167.361472285118,1,
Car 121,,,,,0,switch,,"Charger 0 (fid=115) not available, trying Charger 2 (fid=8)",1170.9070790347416,2,
Car 25,,,,,,gave_up,1,"no alternate charger available, gave up",1172.2685513198596,,
Car 149,,,,,,gave_up,2,"no alternate charger available, gave up",1172.834879889358,,
Car 71,98.0,8,2,,,done,,done charging,1173.0,,127.82298610546863
Car 109,,,,81,,arrived,,arrived,1174.0,,
Car 109,,,,,3,switch,,"Charger 3 (fid=12) not available, trying Charger 0 (fid=115)",1175.0,0,
Car 121,,8,2,,,start_charge,,starting to charge at Charger 2 (fid=8),1176.6723154488102,,
Car 109,,,,,0,switch,,"Charger 0 (fid=115) not available, trying Charger 2 (fid=8)",1181.484135097282,2,
Car 165,82.0,12,3,,,done,,done charging,1185.4343744115151,,450.4516630093521
Car 124,,,,21,,arrived,,arrived,1188.0,,
Car 109,,,,,2,switch,,"Charger 2 (fid=8) not available, trying Charger 1 (fid=33)",1188.2493715113505,1,
Car 163,,,,77,,arrived,,arrived,1189.0,,
Car 124,,,,,0,switch,,"Charger 0 (fid=115) not available, trying Charger 1 (fid=33)",1189.0,1,
Car 163,,12,3,,,start_charge,,starting to charge at Charger 3 (fid=12),1189.0,,
Car 2,,,,75,,arrived,,arrived,1190.0,,
Car 70,,,,66,,arrived,,arrived,1190.0,,
Car 2,,,,,3,switch,,"Charger 3 (fid=12) not available, trying Charger 2 (fid=8)",1191.0,2,
Car 70,,,,,2,switch,,"Charger 2 (fid=8) not available, trying Charger 0 (fid=115)",1191.0,0,
Car 124,,,,,1,switch,,"Charger 1 (fid=33) not available, trying Charger 3 (fid=12)",1193.9070790347416,3,
Car 109,,,,,,gave_up,1,"no alternate charger available, gave up",1195.072820926653,,
Car 70,,,,,0,switch,,"Charger 0 (fid=115) not available, trying Charger 3 (fid=12)",1197.7652364140686,3,
Car 97,,,,81,,arrived,,arrived,1199.0,,
Car 2,,,,,2,switch,,"Charger 2 (fid=8) not available, trying Charger 0 (fid=115)",1199.5962358710494,0,
Car 97,,,,,3,switch,,"Charger 3 (fid=12) not available, trying Charger 0 (fid=115)",1200.0,0,
Car 124,,,,,3,switch,,"Charger 3 (fid=12) not available, trying Charger 2 (fid=8)",1203.4343744115151,2,
Car 189,,,,57,,arrived,,arrived,1204.0,,
Car 70,,,,,3,switch,,"Charger 3 (fid=12) not available, trying Charger 1 (fid=33)",1204.2493715113505,1,
Car 189,,,,,0,switch,,"Charger 0 (fid=115) not available, trying Charger 2 (fid=8)",1205.0,2,
Car 2,,,,,0,switch,,"Charger 0 (fid=115) not available, trying Charger 1 (fid=33)",1206.361472285118,1,
Car 97,,,,,0,switch,,"Charger 0 (fid=115) not available, trying Charger 2 (fid=8)",1206.484135097282,2,
Car 130,,,,55,,arrived,,arrived,1211.0,,
Car 2,,,,,,gave_up,1,"no alternate charger available, gave up",1211.2685513198596,,
Car 189,,,,,2,switch,,"Charger 2 (fid=8) not available, trying Charger 1 (fid=33)",1211.7652364140686,1,
Car 130,,,,,0,switch,,"Charger 0 (fid=115) not available, trying Charger 2 (fid=8)",1212.0,2,
Car 124,,,,,,gave_up,2,"no alternate charger available, gave up",1212.0306102825646,,
Car 97,,,,,2,switch,,"Charger 2 (fid=8) not available, trying Charger 1 (fid=33)",1213.2493715113505,1,
Car 70,,,,,,gave_up,1,"no alternate charger available, gave up",1213.776666888124,,
Car 14,,,,40,,arrived,,arrived,1215.0,,
Car 14,,,,,2,switch,,"Charger 2 (fid=8) not available, trying Charger 3 (fid=12)",1216.0,3,
Car 173,,,,44,,arrived,,arrived,1217.0,,
Car 173,,,,,1,switch,,"Charger 1 (fid=33) not available, trying Charger 0 (fid=115)",1218.0,0,
Car 129,107.0,33,1,,,done,,done charging,1218.2685513198596,,887.8071387767294
Car 189,,33,1,,,start_charge,,starting to charge at Charger 1 (fid=33),1218.2685513198596,,
Car 130,,,,,2,switch,,"Charger 2 (fid=8) not available, trying Charger 1 (fid=33)",1218.7652364140686,1,
Car 97,,,,,,gave_up,1,"no alternate charger available, gave up",1220.072820926653,,
Car 95,,,,30,,arrived,,arrived,1221.0,,
Car 95,,,,,0,switch,,"Charger 0 (fid=115) not available, trying Charger 3 (fid=12)",1222.0,3,
Car 173,,,,,0,switch,,"Charger 0 (fid=115) not available, trying Charger 2 (fid=8)",1222.9070790347416,2,
Car 14,,,,,3,switch,,"Charger 3 (fid=12) not available, trying Charger 0 (fid=115)",1224.5962358710494,0,
Car 130,,,,,1,switch,,"Charger 1 (fid=33) not available, trying Charger 3 (fid=12)",1225.5886858293711,3,
Car 95,,,,,3,switch,,"Charger 3 (fid=12) not available, trying Charger 1 (fid=33)",1228.484135097282,1,
Car 173,,,,,2,switch,,"Charger 2 (fid=8) not available, trying Charger 3 (fid=12)",1229.6723154488102,3,
Car 14,,,,,0,switch,,"Charger 0 (fid=115) not available, trying Charger 1 (fid=33)",1231.0803709683314,1,
Car 130,,,,,,gave_up,3,"no alternate charger available, gave up",1235.1159812061446,,
Car 14,,,,,,gave_up,1,"no alternate charger available, gave up",1235.987450003073,,
Car 95,,,,,1,switch,,"Charger 1 (fid=33) not available, trying Charger 2 (fid=8)",1238.0114304740555,2,
Car 173,,,,,,gave_up,3,"no alternate charger available, gave up",1238.2685513198596,,
Car 95,,,,,,gave_up,2,"no alternate charger available, gave up",1244.834879889358,,
Car 121,72.0,8,2,,,done,,done charging,1248.6723154488102,,356.3394949661246
Car 74,,,,41,,arrived,,arrived,1250.0,,
Car 180,,,,6,,arrived,,arrived,1250.0,,
Car 74,,,,,1,switch,,"Charger 1 (fid=33) not available, trying Charger 0 (fid=115)",1251.0,0,
Car 180,,,,,3,switch,,"Charger 3 (fid=12) not available, trying Charger 0 (fid=115)",1251.0,0,
Car 74,,,,,0,switch,,"Charger 0 (fid=115) not available, trying Charger 2 (fid=8)",1255.9070790347416,2,
Car 80,,,,8,,arrived,,arrived,1256.0,,
Car 133,,,,84,,arrived,,arrived,1256.0,,
Car 80,,8,2,,,start_charge,,starting to charge at Charger 2 (fid=8),1256.0,,
Car 133,,,,,3,switch,,"Charger 3 (fid=12) not available, trying Charger 0 (fid=115)",1257.0,0,
Car 180,,,,,0,switch,,"Charger 0 (fid=115) not available, trying Charger 2 (fid=8)",1257.484135097282,2,
Car 23,,,,31,,arrived,,arrived,1262.0,,
Car 74,,,,,2,switch,,"Charger 2 (fid=8) not available, trying Charger 3 (fid=12)",1262.6723154488102,3,
Car 23,,,,,0,switch,,"Charger 0 (fid=115) not available, trying Charger 3 (fid=12)",1263.0,3,
Car 133,,,,,0,switch,,"Charger 0 (fid=115) not available, trying Charger 2 (fid=8)",1263.484135097282,2,
Car 180,,,,,2,switch,,"Charger 2 (fid=8) not available, trying Charger 1 (fid=33)",1264.2493715113505,1,
Car 23,,,,,3,switch,,"Charger 3 (fid=12) not available, trying Charger 1 (fid=33)",1269.484135097282,1,
Car 133,,,,,2,switch,,"Charger 2 (fid=8) not available, trying Charger 1 (fid=33)",1270.2493715113505,1,
Car 180,,,,,,gave_up,1,"no alternate charger available, gave up",1271.072820926653,,
Car 74,,,,,,gave_up,3,"no alternate charger available, gave up",1271.2685513198596,,
Car 189,56.0,33,1,,,done,,done charging,1274.2685513198596,,400.3921870130467
Car 133,,33,1,,,start_charge,,starting to charge at Charger 1 (fid=33),1276.072820926653,,
Car 23,,,,,1,switch,,"Charger 1 (fid=33) not available, trying Charger 2 (fid=8)",1279.0114304740555,2,
Car 23,,,,,,gave_up,2,"no alternate charger available, gave up",1285.834879889358,,
Car 161,,,,43,,arrived,,arrived,1296.0,,
Car 161,,,,,1,switch,,"Charger 1 (fid=33) not available, trying Charger 0 (fid=115)",1297.0,0,
Car 163,109.0,12,3,,,done,,done charging,1298.0,,329.02248627443487
Car 161,,,,,0,switch,,"Charger 0 (fid=115) not available, trying Charger 2 (fid=8)",1301.9070790347416,2,
Car 3,,,,44,,arrived,,arrived,1307.0,,
Car 3,,,,,1,switch,,"Charger 1 (fid=33) not available, trying Charger 0 (fid=115)",1308.0,0,
Car 161,,,,,2,switch,,"Charger 2 (fid=8) not available, trying Charger 3 (fid=12)",1308.6723154488102,3,
Car 156,,,,24,,arrived,,arrived,1309.0,,
Car 156,,,,,0,switch,,"Charger 0 (fid=115) not available, trying Charger 3 (fid=12)",1310.0,3,
Car 87,,,,44,,arrived,,arrived,1312.0,,
Car 3,,,,,0,switch,,"Charger 0 (fid=115) not available, trying Charger 2 (fid=8)",1312.9070790347416,2,
Car 87,,,,,1,switch,,"Charger 1 (fid=33) not available, trying Charger 0 (fid=115)",1313.0,0,
Car 156,,12,3,,,start_charge,,starting to charge at Charger 3 (fid=12),1315.484135097282,,
Car 161,,,,,,gave_up,3,"no alternate charger available, gave up",1317.2685513198596,,
Car 87,,,,,0,switch,,"Charger 0 (fid=115) not available, trying Charger 2 (fid=8)",1317.9070790347416,2,
Car 3,,,,,2,switch,,"Charger 2 (fid=8) not available, trying Charger 3 (fid=12)",1319.6723154488102,3,
Car 87,,,,,2,switch,,"Charger 2 (fid=8) not available, trying Charger 3 (fid=12)",1324.6723154488102,3,
Car 181,,,,86,,arrived,,arrived,1327.0,,
Car 181,,,,,3,switch,,"Charger 3 (fid=12) not available, trying Charger 0 (fid=115)",1328.0,0,
Car 3,,,,,,gave_up,3,"no alternate charger available, gave up",1328.2685513198596,,
Car 119,,,,19,,arrived,,arrived,1331.0,,
Car 133,55.0,33,1,,,done,,done charging,1331.072820926653,,876.837251882735
Car 119,,,,,0,switch,,"Charger 0 (fid=115) not available, trying Charger 1 (fid=33)",1332.0,1,
Car 87,,,,,,gave_up,3,"no alternate charger available, gave up",1333.2685513198596,,
Car 181,,,,,0,switch,,"Charger 0 (fid=115) not available, trying Charger 2 (fid=8)",1334.484135097282,2,
Car 119,,33,1,,,start_charge,,starting to charge at Charger 1 (fid=33),1335.9070790347416,,
Car 52,,,,2,,arrived,,arrived,1337.0,,
Car 144,,,,71,,arrived,,arrived,1338.0,,
Car 52,,,,,3,switch,,"Charger 3 (fid=12) not available, trying Charger 0 (fid=115)",1338.0,0,
Car 144,,,,,0,switch,,"Charger 0 (fid=115) not available, trying Charger 1 (fid=33)",1339.0,1,
Car 181,,,,,2,switch,,"Charger 2 (fid=8) not available, trying Charger 1 (fid=33)",1341.2493715113505,1,
Car 144,,,,,1,switch,,"Charger 1 (fid=33) not available, trying Charger 3 (fid=12)",1343.9070790347416,3,
Car 52,,,,,0,switch,,"Charger 0 (fid=115) not available, trying Charger 2 (fid=8)",1344.484135097282,2,
Car 115,,,,9,,arrived,,arrived,1348.0,,
Car 181,,,,,,gave_up,1,"no alternate charger available, gave up",1348.072820926653,,
Car 115,,,,,2,switch,,"Charger 2 (fid=8) not available, trying Charger 0 (fid=115)",1349.0,0,
Car 52,,,,,2,switch,,"Charger 2 (fid=8) not available, trying Charger 1 (fid=33)",1351.2493715113505,1,
Car 47,,,,76,,arrived,,arrived,1353.0,,
Car 144,,,,,3,switch,,"Charger 3 (fid=12) not available, trying Charger 2 (fid=8)",1353.4343744115151,2,
Car 47,,,,,3,switch,,"Charger 3 (fid=12) not available, trying Charger 0 (fid=115)",1354.0,0,
Car 19,,,,24,,arrived,,arrived,1355.0,,
Car 115,,,,,0,switch,,"Charger 0 (fid=115) not available, trying Charger 1 (fid=33)",1355.7652364140686,1,
Car 19,,,,,1,switch,,"Charger 1 (fid=33) not available, trying Charger 2 (fid=8)",1356.0,2,
Car 72,,,,91,,arrived,,arrived,1358.0,,
Car 52,,,,,,gave_up,1,"no alternate charger available, gave up",1358.072820926653,,
Car 72,,,,,3,switch,,"Charger 3 (fid=12) not available, trying Charger 0 (fid=115)",1359.0,0,
Car 47,,,,,0,switch,,"Charger 0 (fid=115) not available, trying Charger 2 (fid=8)",1360.484135097282,2,
Car 115,,,,,1,switch,,"Charger 1 (fid=33) not available, trying Charger 3 (fid=12)",1360.6723154488102,3,
Car 144,,,,,,gave_up,2,"no alternate charger available, gave up",1362.0306102825646,,
Car 19,,,,,2,switch,,"Charger 2 (fid=8) not available, trying Charger 0 (fid=115)",1362.8234494153025,0,
Car 117,,,,43,,arrived,,arrived,1365.0,,
Car 72,,,,,0,switch,,"Charger 0 (fid=115) not available, trying Charger 2 (fid=8)",1365.484135097282,2,
Car 117,,,,,1,switch,,"Charger 1 (fid=33) not available, trying Charger 0 (fid=115)",1366.0,0,
Car 47,,,,,2,switch,,"Charger 2 (fid=8) not available, trying Charger 1 (fid=33)",1367.2493715113505,1,
Car 19,,,,,0,switch,,"Charger 0 (fid=115) not available, trying Charger 3 (fid=12)",1369.5886858293711,3,
Car 115,,,,,,gave_up,3,"no alternate charger available, gave up",1370.1996108255837,,
Car 117,,,,,0,switch,,"Charger 0 (fid=115) not available, trying Charger 2 (fid=8)",1370.9070790347416,2,
Car 72,,,,,2,switch,,"Charger 2 (fid=8) not available, trying Charger 1 (fid=33)",1372.2493715113505,1,
Car 47,,,,,,gave_up,1,"no alternate charger available, gave up",1374.072820926653,,
Car 80,120.0,8,2,,,done,,done charging,1376.0,,51.031920891441445
Car 19,,,,,,gave_up,3,"no alternate charger available, gave up",1376.072820926653,,
Car 117,,8,2,,,start_charge,,starting to charge at Charger 2 (fid=8),1376.6723154488102,,
Car 77,,,,4,,arrived,,arrived,1377.0,,
Car 77,,,,,2,switch,,"Charger 2 (fid=8) not available, trying Charger 1 (fid=33)",1378.0,1,
Car 72,,,,,,gave_up,1,"no alternate charger available, gave up",1379.072820926653,,
Car 151,,,,4,,arrived,,arrived,1383.0,,
Car 151,,,,,2,switch,,"Charger 2 (fid=8) not available, trying Charger 1 (fid=33)",1384.0,1,
Car 77,,,,,1,switch,,"Charger 1 (fid=33) not available, trying Charger 0 (fid=115)",1384.8234494153025,0,
Car 140,,,,35,,arrived,,arrived,1385.0,,
Car 140,,,,,0,switch,,"Charger 0 (fid=115) not available, trying Charger 3 (fid=12)",1386.0,3,
Car 77,,,,,0,switch,,"Charger 0 (fid=115) not available, trying Charger 3 (fid=12)",1389.7305284500442,3,
Car 151,,,,,1,switch,,"Charger 1 (fid=33) not available, trying Charger 0 (fid=115)",1390.8234494153025,0,
Car 140,,,,,3,switch,,"Charger 3 (fid=12) not available, trying Charger 1 (fid=33)",1392.484135097282,1,
Car 151,,,,,0,switch,,"Charger 0 (fid=115) not available, trying Charger 3 (fid=12)",1395.7305284500442,3,
Car 77,,,,,,gave_up,3,"no alternate charger available, gave up",1396.2146635473262,,
Car 140,,,,,1,switch,,"Charger 1 (fid=33) not available, trying Charger 2 (fid=8)",1402.0114304740555,2,
Car 151,,,,,,gave_up,3,"no alternate charger available, gave up",1402.2146635473262,,
Car 140,,,,,,gave_up,2,"no alternate charger available, gave up",1408.834879889358,,
Car 156,101.0,12,3,,,done,,done charging,1416.484135097282,,374.61548784826084
Car 88,,,,11,,arrived,,arrived,1418.0,,
Car 88,,,,,0,switch,,"Charger 0 (fid=115) not available, trying Charger 2 (fid=8)",1419.0,2,
Car 96,,,,75,,arrived,,arrived,1424.0,,
Car 96,,12,3,,,start_charge,,starting to charge at Charger 3 (fid=12),1424.0,,
Car 88,,,,,2,switch,,"Charger 2 (fid=8) not available, trying Charger 3 (fid=12)",1425.7652364140686,3,
Car 88,,,,,3,switch,,"Charger 3 (fid=12) not available, trying Charger 1 (fid=33)",1434.361472285118,1,
Car 119,104.0,33,1,,,done,,done charging,1439.9070790347416,,307.52127712072377
