buurtcode,buurtnaam,wijknaam,postcode4,pc6_count,max_afname_code,avg_afname_code,share_afname_code_gt0,max_opwek_code,avg_opwek_code,voedingsgebied_id,main_feeding_area,other_feeding_areas,voedingsgebied_naam,tennet_station,grid_operator,available_afname_mw,needed_afname_mw,remaining_afname_mw,utilization_afname_percent,queue_afname_mw,requests_afname,resolved_year_afname,risk_class,projects
BU07721110,Binnenstad,WK077211,5611,311,3.0,1.03,41.48,0.0,0.0,EHVO,EHVO,EHVN (82); EHVW (63),EHVO Eindhoven Oost,Station Eindhoven Oost 150 kV,Enexis,207.33,153.81,53.52,74.18,49.215,120.0,"2030,0",medium,EHVO_2030 (2030)
BU07721120,Bergen,WK077211,5611,311,3.0,1.03,41.48,0.0,0.0,EHVO,EHVO,EHVN (82); EHVW (63),EHVO Eindhoven Oost,Station Eindhoven Oost 150 kV,Enexis,207.33,153.81,53.52,74.18,49.215,120.0,"2030,0",medium,EHVO_2030 (2030)
BU07721130,Witte Dame,WK077211,5611,311,3.0,1.03,41.48,0.0,0.0,EHVO,EHVO,EHVN (82); EHVW (63),EHVO Eindhoven Oost,Station Eindhoven Oost 150 kV,Enexis,207.33,153.81,53.52,74.18,49.215,120.0,"2030,0",medium,EHVO_2030 (2030)
BU07721140,Fellenoord,WK077211,5612,243,2.0,1.42,71.19,0.0,0.0,EHVN,EHVN,EHVO (70),EHVN Eindhoven Noord,Station Eindhoven Noord 150 kV,Enexis,111.14,102.32,8.82,92.06,83.534,138.0,,medium,EHVN_2027 (2027)
BU07721150,TU-terrein,WK077211,5612,243,2.0,1.42,71.19,0.0,0.0,EHVN,EHVN,EHVO (70),EHVN Eindhoven Noord,Station Eindhoven Noord 150 kV,Enexis,111.14,102.32,8.82,92.06,83.534,138.0,,medium,EHVN_2027 (2027)
BU07722110,Irisbuurt,WK077221,5611,311,3.0,1.03,41.48,0.0,0.0,EHVO,EHVO,EHVN (82); EHVW (63),EHVO Eindhoven Oost,Station Eindhoven Oost 150 kV,Enexis,207.33,153.81,53.52,74.18,49.215,120.0,"2030,0",medium,EHVO_2030 (2030)
BU07722120,Rochusbuurt,WK077221,5611,311,3.0,1.03,41.48,0.0,0.0,EHVO,EHVO,EHVN (82); EHVW (63),EHVO Eindhoven Oost,Station Eindhoven Oost 150 kV,Enexis,207.33,153.81,53.52,74.18,49.215,120.0,"2030,0",medium,EHVO_2030 (2030)
BU07722130,Elzent-Noord,WK077221,5611,311,3.0,1.03,41.48,0.0,0.0,EHVO,EHVO,EHVN (82); EHVW (63),EHVO Eindhoven Oost,Station Eindhoven Oost 150 kV,Enexis,207.33,153.81,53.52,74.18,49.215,120.0,"2030,0",medium,EHVO_2030 (2030)
BU07722140,Tuindorp,WK077221,5614,87,0.0,0.0,0.0,0.0,0.0,EHVO,EHVO,,EHVO Eindhoven Oost,Station Eindhoven Oost 150 kV,Enexis,207.33,153.81,53.52,74.18,49.215,120.0,"2030,0",congested grid area,EHVO_2030 (2030)
BU07722150,Joriskwartier,WK077221,5614,87,0.0,0.0,0.0,0.0,0.0,EHVO,EHVO,,EHVO Eindhoven Oost,Station Eindhoven Oost 150 kV,Enexis,207.33,153.81,53.52,74.18,49.215,120.0,"2030,0",congested grid area,EHVO_2030 (2030)
BU07722160,Bloemenplein,WK077221,5615,189,3.0,2.05,68.25,0.0,0.0,EHVW,EHVW,EHVO (60),EHVW Eindhoven West,Station Eindhoven West 150 kV,Enexis,77.48,88.29,-10.81,113.95,46.178,98.0,,high,EHVW_2026 (2026); EHVW_2028 (2028)
BU07722170,Looiakkers,WK077221,5615,189,3.0,2.05,68.25,0.0,0.0,EHVW,EHVW,EHVO (60),EHVW Eindhoven West,Station Eindhoven West 150 kV,Enexis,77.48,88.29,-10.81,113.95,46.178,98.0,,high,EHVW_2026 (2026); EHVW_2028 (2028)
BU07722180,Elzent-Zuid,WK077221,5615,189,3.0,2.05,68.25,0.0,0.0,EHVW,EHVW,EHVO (60),EHVW Eindhoven West,Station Eindhoven West 150 kV,Enexis,77.48,88.29,-10.81,113.95,46.178,98.0,,high,EHVW_2026 (2026); EHVW_2028 (2028)
BU07722210,Kerstroosplein,WK077222,5644,212,3.0,0.03,0.94,0.0,0.0,EHVO,EHVO,EHVW (2),EHVO Eindhoven Oost,Station Eindhoven Oost 150 kV,Enexis,207.33,153.81,53.52,74.18,49.215,120.0,"2030,0",congested grid area,EHVO_2030 (2030)
BU07722220,Gerardusplein,WK077222,5644,212,3.0,0.03,0.94,0.0,0.0,EHVO,EHVO,EHVW (2),EHVO Eindhoven Oost,Station Eindhoven Oost 150 kV,Enexis,207.33,153.81,53.52,74.18,49.215,120.0,"2030,0",congested grid area,EHVO_2030 (2030)
BU07722230,Genneperzijde,WK077222,5644,212,3.0,0.03,0.94,0.0,0.0,EHVO,EHVO,EHVW (2),EHVO Eindhoven Oost,Station Eindhoven Oost 150 kV,Enexis,207.33,153.81,53.52,74.18,49.215,120.0,"2030,0",congested grid area,EHVO_2030 (2030)
BU07722240,Roosten,WK077222,5644,212,3.0,0.03,0.94,0.0,0.0,EHVO,EHVO,EHVW (2),EHVO Eindhoven Oost,Station Eindhoven Oost 150 kV,Enexis,207.33,153.81,53.52,74.18,49.215,120.0,"2030,0",congested grid area,EHVO_2030 (2030)
BU07722250,Eikenburg,WK077222,5644,212,3.0,0.03,0.94,0.0,0.0,EHVO,EHVO,EHVW (2),EHVO Eindhoven Oost,Station Eindhoven Oost 150 kV,Enexis,207.33,153.81,53.52,74.18,49.215,120.0,"2030,0",congested grid area,EHVO_2030 (2030)
BU07722260,Sportpark Aalsterweg,WK077222,5644,212,3.0,0.03,0.94,0.0,0.0,EHVO,EHVO,EHVW (2),EHVO Eindhoven Oost,Station Eindhoven Oost 150 kV,Enexis,207.33,153.81,53.52,74.18,49.215,120.0,"2030,0",congested grid area,EHVO_2030 (2030)
BU07722300,Puttense Dreef,WK077223,5645,107,0.0,0.0,0.0,0.0,0.0,EHVO,EHVO,,EHVO Eindhoven Oost,Station Eindhoven Oost 150 kV,Enexis,207.33,153.81,53.52,74.18,49.215,120.0,"2030,0",congested grid area,EHVO_2030 (2030)
BU07722310,Poeijers,WK077223,5643,217,0.0,0.0,0.0,0.0,0.0,EHVO,EHVO,,EHVO Eindhoven Oost,Station Eindhoven Oost 150 kV,Enexis,207.33,153.81,53.52,74.18,49.215,120.0,"2030,0",congested grid area,EHVO_2030 (2030)
BU07722320,Burghplan,WK077223,5643,217,0.0,0.0,0.0,0.0,0.0,EHVO,EHVO,,EHVO Eindhoven Oost,Station Eindhoven Oost 150 kV,Enexis,207.33,153.81,53.52,74.18,49.215,120.0,"2030,0",congested grid area,EHVO_2030 (2030)
BU07722330,Sintenbuurt,WK077223,5643,217,0.0,0.0,0.0,0.0,0.0,EHVO,EHVO,,EHVO Eindhoven Oost,Station Eindhoven Oost 150 kV,Enexis,207.33,153.81,53.52,74.18,49.215,120.0,"2030,0",congested grid area,EHVO_2030 (2030)
BU07722340,Tivoli,WK077223,5645,107,0.0,0.0,0.0,0.0,0.0,EHVO,EHVO,,EHVO Eindhoven Oost,Station Eindhoven Oost 150 kV,Enexis,207.33,153.81,53.52,74.18,49.215,120.0,"2030,0",congested grid area,EHVO_2030 (2030)
BU07722350,Gijzenrooi,WK077223,5646,66,0.0,0.0,0.0,0.0,0.0,EHVO,EHVO,,EHVO Eindhoven Oost,Station Eindhoven Oost 150 kV,Enexis,207.33,153.81,53.52,74.18,49.215,120.0,"2030,0",congested grid area,EHVO_2030 (2030)
BU07722360,Nieuwe Erven,WK077223,5643,217,0.0,0.0,0.0,0.0,0.0,EHVO,EHVO,,EHVO Eindhoven Oost,Station Eindhoven Oost 150 kV,Enexis,207.33,153.81,53.52,74.18,49.215,120.0,"2030,0",congested grid area,EHVO_2030 (2030)
BU07722370,Kruidenbuurt,WK077223,5643,217,0.0,0.0,0.0,0.0,0.0,EHVO,EHVO,,EHVO Eindhoven Oost,Station Eindhoven Oost 150 kV,Enexis,207.33,153.81,53.52,74.18,49.215,120.0,"2030,0",congested grid area,EHVO_2030 (2030)
BU07722380,Schuttersbosch,WK077223,5646,66,0.0,0.0,0.0,0.0,0.0,EHVO,EHVO,,EHVO Eindhoven Oost,Station Eindhoven Oost 150 kV,Enexis,207.33,153.81,53.52,74.18,49.215,120.0,"2030,0",congested grid area,EHVO_2030 (2030)
BU07722390,Leenderheide,WK077223,-99997,0,,,,,,,,,,,,,,,,,,,unknown,
BU07722399,Riel,WK077223,5645,107,0.0,0.0,0.0,0.0,0.0,EHVO,EHVO,,EHVO Eindhoven Oost,Station Eindhoven Oost 150 kV,Enexis,207.33,153.81,53.52,74.18,49.215,120.0,"2030,0",congested grid area,EHVO_2030 (2030)
BU07723110,Villapark,WK077231,5613,174,0.0,0.0,0.0,0.0,0.0,EHVO,EHVO,,EHVO Eindhoven Oost,Station Eindhoven Oost 150 kV,Enexis,207.33,153.81,53.52,74.18,49.215,120.0,"2030,0",congested grid area,EHVO_2030 (2030)
BU07723120,Lakerlopen,WK077231,5613,174,0.0,0.0,0.0,0.0,0.0,EHVO,EHVO,,EHVO Eindhoven Oost,Station Eindhoven Oost 150 kV,Enexis,207.33,153.81,53.52,74.18,49.215,120.0,"2030,0",congested grid area,EHVO_2030 (2030)
BU07723210,Doornakkers-West,WK077232,5642,184,0.0,0.0,0.0,0.0,0.0,EHVO,EHVO,,EHVO Eindhoven Oost,Station Eindhoven Oost 150 kV,Enexis,207.33,153.81,53.52,74.18,49.215,120.0,"2030,0",congested grid area,EHVO_2030 (2030)
BU07723220,Doornakkers-Oost,WK077232,5642,184,0.0,0.0,0.0,0.0,0.0,EHVO,EHVO,,EHVO Eindhoven Oost,Station Eindhoven Oost 150 kV,Enexis,207.33,153.81,53.52,74.18,49.215,120.0,"2030,0",congested grid area,EHVO_2030 (2030)
BU07723280,Tongelresche Akkers,WK077232,5642,184,0.0,0.0,0.0,0.0,0.0,EHVO,EHVO,,EHVO Eindhoven Oost,Station Eindhoven Oost 150 kV,Enexis,207.33,153.81,53.52,74.18,49.215,120.0,"2030,0",congested grid area,EHVO_2030 (2030)
BU07723330,"Muschberg, Geestenberg",WK077233,5641,209,0.0,0.0,0.0,0.0,0.0,EHVO,EHVO,,EHVO Eindhoven Oost,Station Eindhoven Oost 150 kV,Enexis,207.33,153.81,53.52,74.18,49.215,120.0,"2030,0",congested grid area,EHVO_2030 (2030)
BU07723340,Urkhoven,WK077233,5641,209,0.0,0.0,0.0,0.0,0.0,EHVO,EHVO,,EHVO Eindhoven Oost,Station Eindhoven Oost 150 kV,Enexis,207.33,153.81,53.52,74.18,49.215,120.0,"2030,0",congested grid area,EHVO_2030 (2030)
BU07723350,'t Hofke,WK077233,5641,209,0.0,0.0,0.0,0.0,0.0,EHVO,EHVO,,EHVO Eindhoven Oost,Station Eindhoven Oost 150 kV,Enexis,207.33,153.81,53.52,74.18,49.215,120.0,"2030,0",congested grid area,EHVO_2030 (2030)
BU07723360,Karpen,WK077233,5631,166,0.0,0.0,0.0,0.0,0.0,EHVO,EHVO,,EHVO Eindhoven Oost,Station Eindhoven Oost 150 kV,Enexis,207.33,153.81,53.52,74.18,49.215,120.0,"2030,0",congested grid area,EHVO_2030 (2030)
BU07723370,Koudenhoven,WK077233,5631,166,0.0,0.0,0.0,0.0,0.0,EHVO,EHVO,,EHVO Eindhoven Oost,Station Eindhoven Oost 150 kV,Enexis,207.33,153.81,53.52,74.18,49.215,120.0,"2030,0",congested grid area,EHVO_2030 (2030)
BU07724100,Limbeek-Zuid,WK077241,5612,243,2.0,1.42,71.19,0.0,0.0,EHVN,EHVN,EHVO (70),EHVN Eindhoven Noord,Station Eindhoven Noord 150 kV,Enexis,111.14,102.32,8.82,92.06,83.534,138.0,,medium,EHVN_2027 (2027)
BU07724110,Limbeek-Noord,WK077241,5612,243,2.0,1.42,71.19,0.0,0.0,EHVN,EHVN,EHVO (70),EHVN Eindhoven Noord,Station Eindhoven Noord 150 kV,Enexis,111.14,102.32,8.82,92.06,83.534,138.0,,medium,EHVN_2027 (2027)
BU07724120,Hemelrijken,WK077241,5612,243,2.0,1.42,71.19,0.0,0.0,EHVN,EHVN,EHVO (70),EHVN Eindhoven Noord,Station Eindhoven Noord 150 kV,Enexis,111.14,102.32,8.82,92.06,83.534,138.0,,medium,EHVN_2027 (2027)
BU07724130,Gildebuurt,WK077241,5612,243,2.0,1.42,71.19,0.0,0.0,EHVN,EHVN,EHVO (70),EHVN Eindhoven Noord,Station Eindhoven Noord 150 kV,Enexis,111.14,102.32,8.82,92.06,83.534,138.0,,medium,EHVN_2027 (2027)
BU07724140,Woenselse Watermolen,WK077241,5612,243,2.0,1.42,71.19,0.0,0.0,EHVN,EHVN,EHVO (70),EHVN Eindhoven Noord,Station Eindhoven Noord 150 kV,Enexis,111.14,102.32,8.82,92.06,83.534,138.0,,medium,EHVN_2027 (2027)
BU07724210,Woensel-West,WK077242,5621,117,2.0,1.83,91.45,0.0,0.0,EHVN,EHVN,,EHVN Eindhoven Noord,Station Eindhoven Noord 150 kV,Enexis,111.14,102.32,8.82,92.06,83.534,138.0,,medium,EHVN_2027 (2027)
BU07724220,Kronehoef,WK077242,5622,181,2.0,2.0,100.0,0.0,0.0,EHVN,EHVN,,EHVN Eindhoven Noord,Station Eindhoven Noord 150 kV,Enexis,111.14,102.32,8.82,92.06,83.534,138.0,,high,EHVN_2027 (2027)
BU07724230,Barrier,WK077242,5622,181,2.0,2.0,100.0,0.0,0.0,EHVN,EHVN,,EHVN Eindhoven Noord,Station Eindhoven Noord 150 kV,Enexis,111.14,102.32,8.82,92.06,83.534,138.0,,high,EHVN_2027 (2027)
BU07724240,Mensfort,WK077242,5622,181,2.0,2.0,100.0,0.0,0.0,EHVN,EHVN,,EHVN Eindhoven Noord,Station Eindhoven Noord 150 kV,Enexis,111.14,102.32,8.82,92.06,83.534,138.0,,high,EHVN_2027 (2027)
BU07724250,Rapenland,WK077242,5623,236,2.0,0.68,33.9,0.0,0.0,EHVO,EHVO,EHVN (80),EHVO Eindhoven Oost,Station Eindhoven Oost 150 kV,Enexis,207.33,153.81,53.52,74.18,49.215,120.0,"2030,0",congested grid area,EHVO_2030 (2030)
BU07724260,Vredeoord,WK077242,5626,96,2.0,1.98,98.96,0.0,0.0,EHVN,EHVN,,EHVN Eindhoven Noord,Station Eindhoven Noord 150 kV,Enexis,111.14,102.32,8.82,92.06,83.534,138.0,,medium,EHVN_2027 (2027)
BU07724310,Generalenbuurt,WK077243,5623,236,2.0,0.68,33.9,0.0,0.0,EHVO,EHVO,EHVN (80),EHVO Eindhoven Oost,Station Eindhoven Oost 150 kV,Enexis,207.33,153.81,53.52,74.18,49.215,120.0,"2030,0",congested grid area,EHVO_2030 (2030)
BU07724320,Oude Toren,WK077243,5623,236,2.0,0.68,33.9,0.0,0.0,EHVO,EHVO,EHVN (80),EHVO Eindhoven Oost,Station Eindhoven Oost 150 kV,Enexis,207.33,153.81,53.52,74.18,49.215,120.0,"2030,0",congested grid area,EHVO_2030 (2030)
BU07724330,Hondsheuvels,WK077243,5631,166,0.0,0.0,0.0,0.0,0.0,EHVO,EHVO,,EHVO Eindhoven Oost,Station Eindhoven Oost 150 kV,Enexis,207.33,153.81,53.52,74.18,49.215,120.0,"2030,0",congested grid area,EHVO_2030 (2030)
BU07724340,Oude Gracht-West,WK077243,5631,166,0.0,0.0,0.0,0.0,0.0,EHVO,EHVO,,EHVO Eindhoven Oost,Station Eindhoven Oost 150 kV,Enexis,207.33,153.81,53.52,74.18,49.215,120.0,"2030,0",congested grid area,EHVO_2030 (2030)
BU07724350,Oude Gracht-Oost,WK077243,5631,166,0.0,0.0,0.0,0.0,0.0,EHVO,EHVO,,EHVO Eindhoven Oost,Station Eindhoven Oost 150 kV,Enexis,207.33,153.81,53.52,74.18,49.215,120.0,"2030,0",congested grid area,EHVO_2030 (2030)
BU07724360,Eckartdal,WK077243,5631,166,0.0,0.0,0.0,0.0,0.0,EHVO,EHVO,,EHVO Eindhoven Oost,Station Eindhoven Oost 150 kV,Enexis,207.33,153.81,53.52,74.18,49.215,120.0,"2030,0",congested grid area,EHVO_2030 (2030)
BU07725110,Driehoeksbos,WK077251,5624,154,2.0,2.0,100.0,0.0,0.0,EHVN,EHVN,,EHVN Eindhoven Noord,Station Eindhoven Noord 150 kV,Enexis,111.14,102.32,8.82,92.06,83.534,138.0,,high,EHVN_2027 (2027)
BU07725120,Prinsejagt,WK077251,5624,154,2.0,2.0,100.0,0.0,0.0,EHVN,EHVN,,EHVN Eindhoven Noord,Station Eindhoven Noord 150 kV,Enexis,111.14,102.32,8.82,92.06,83.534,138.0,,high,EHVN_2027 (2027)
BU07725130,Jagershoef,WK077251,5625,249,2.0,1.55,77.51,0.0,0.0,EHVN,EHVN,EHVO (56),EHVN Eindhoven Noord,Station Eindhoven Noord 150 kV,Enexis,111.14,102.32,8.82,92.06,83.534,138.0,,medium,EHVN_2027 (2027)
BU07725140,'t Hool,WK077251,5625,249,2.0,1.55,77.51,0.0,0.0,EHVN,EHVN,EHVO (56),EHVN Eindhoven Noord,Station Eindhoven Noord 150 kV,Enexis,111.14,102.32,8.82,92.06,83.534,138.0,,medium,EHVN_2027 (2027)
BU07725150,Winkelcentrum,WK077251,5625,249,2.0,1.55,77.51,0.0,0.0,EHVN,EHVN,EHVO (56),EHVN Eindhoven Noord,Station Eindhoven Noord 150 kV,Enexis,111.14,102.32,8.82,92.06,83.534,138.0,,medium,EHVN_2027 (2027)
BU07725160,Vlokhoven,WK077251,5625,249,2.0,1.55,77.51,0.0,0.0,EHVN,EHVN,EHVO (56),EHVN Eindhoven Noord,Station Eindhoven Noord 150 kV,Enexis,111.14,102.32,8.82,92.06,83.534,138.0,,medium,EHVN_2027 (2027)
BU07725200,Kapelbeemd,WK077252,5626,96,2.0,1.98,98.96,0.0,0.0,EHVN,EHVN,,EHVN Eindhoven Noord,Station Eindhoven Noord 150 kV,Enexis,111.14,102.32,8.82,92.06,83.534,138.0,,medium,EHVN_2027 (2027)
BU07725210,Kerkdorp Acht,WK077252,5626,96,2.0,1.98,98.96,0.0,0.0,EHVN,EHVN,,EHVN Eindhoven Noord,Station Eindhoven Noord 150 kV,Enexis,111.14,102.32,8.82,92.06,83.534,138.0,,medium,EHVN_2027 (2027)
BU07725220,Achtse Barrier-Gunterslaer,WK077252,5627,282,2.0,2.0,100.0,0.0,0.0,EHVN,EHVN,,EHVN Eindhoven Noord,Station Eindhoven Noord 150 kV,Enexis,111.14,102.32,8.82,92.06,83.534,138.0,,high,EHVN_2027 (2027)
BU07725230,Achtse Barrier-Spaaihoef,WK077252,5627,282,2.0,2.0,100.0,0.0,0.0,EHVN,EHVN,,EHVN Eindhoven Noord,Station Eindhoven Noord 150 kV,Enexis,111.14,102.32,8.82,92.06,83.534,138.0,,high,EHVN_2027 (2027)
BU07725240,Achtse Barrier-Hoeven,WK077252,5627,282,2.0,2.0,100.0,0.0,0.0,EHVN,EHVN,,EHVN Eindhoven Noord,Station Eindhoven Noord 150 kV,Enexis,111.14,102.32,8.82,92.06,83.534,138.0,,high,EHVN_2027 (2027)
BU07725310,Woenselse Heide,WK077253,5628,258,2.0,0.01,0.39,0.0,0.0,EHVO,EHVO,EHVN (1),EHVO Eindhoven Oost,Station Eindhoven Oost 150 kV,Enexis,207.33,153.81,53.52,74.18,49.215,120.0,"2030,0",congested grid area,EHVO_2030 (2030)
BU07725320,Tempel,WK077253,5628,258,2.0,0.01,0.39,0.0,0.0,EHVO,EHVO,EHVN (1),EHVO Eindhoven Oost,Station Eindhoven Oost 150 kV,Enexis,207.33,153.81,53.52,74.18,49.215,120.0,"2030,0",congested grid area,EHVO_2030 (2030)
BU07725330,Blixembosch-West,WK077253,5629,166,2.0,0.55,27.71,0.0,0.0,EHVO,EHVO,EHVN (46),EHVO Eindhoven Oost,Station Eindhoven Oost 150 kV,Enexis,207.33,153.81,53.52,74.18,49.215,120.0,"2030,0",congested grid area,EHVO_2030 (2030)
BU07725340,Blixembosch-Oost,WK077253,5629,166,2.0,0.55,27.71,0.0,0.0,EHVO,EHVO,EHVN (46),EHVO Eindhoven Oost,Station Eindhoven Oost 150 kV,Enexis,207.33,153.81,53.52,74.18,49.215,120.0,"2030,0",congested grid area,EHVO_2030 (2030)
BU07725350,Castiliëlaan,WK077253,5629,166,2.0,0.55,27.71,0.0,0.0,EHVO,EHVO,EHVN (46),EHVO Eindhoven Oost,Station Eindhoven Oost 150 kV,Enexis,207.33,153.81,53.52,74.18,49.215,120.0,"2030,0",congested grid area,EHVO_2030 (2030)
BU07725410,Eckart,WK077254,5632,303,0.0,0.0,0.0,0.0,0.0,EHVO,EHVO,,EHVO Eindhoven Oost,Station Eindhoven Oost 150 kV,Enexis,207.33,153.81,53.52,74.18,49.215,120.0,"2030,0",congested grid area,EHVO_2030 (2030)
BU07725420,Luytelaer,WK077254,5632,303,0.0,0.0,0.0,0.0,0.0,EHVO,EHVO,,EHVO Eindhoven Oost,Station Eindhoven Oost 150 kV,Enexis,207.33,153.81,53.52,74.18,49.215,120.0,"2030,0",congested grid area,EHVO_2030 (2030)
BU07725430,Vaartbroek,WK077254,5632,303,0.0,0.0,0.0,0.0,0.0,EHVO,EHVO,,EHVO Eindhoven Oost,Station Eindhoven Oost 150 kV,Enexis,207.33,153.81,53.52,74.18,49.215,120.0,"2030,0",congested grid area,EHVO_2030 (2030)
BU07725440,Heesterakker,WK077254,5632,303,0.0,0.0,0.0,0.0,0.0,EHVO,EHVO,,EHVO Eindhoven Oost,Station Eindhoven Oost 150 kV,Enexis,207.33,153.81,53.52,74.18,49.215,120.0,"2030,0",congested grid area,EHVO_2030 (2030)
BU07725450,Esp,WK077254,5633,10,0.0,0.0,0.0,0.0,0.0,EHVO,EHVO,,EHVO Eindhoven Oost,Station Eindhoven Oost 150 kV,Enexis,207.33,153.81,53.52,74.18,49.215,120.0,"2030,0",congested grid area,EHVO_2030 (2030)
BU07725460,Bokt,WK077254,5633,10,0.0,0.0,0.0,0.0,0.0,EHVO,EHVO,,EHVO Eindhoven Oost,Station Eindhoven Oost 150 kV,Enexis,207.33,153.81,53.52,74.18,49.215,120.0,"2030,0",congested grid area,EHVO_2030 (2030)
BU07726110,"Eliasterrein, Vonderkwartier",WK077261,5616,260,3.0,2.91,96.92,0.0,0.0,EHVW,EHVW,EHVN (8),EHVW Eindhoven West,Station Eindhoven West 150 kV,Enexis,77.48,88.29,-10.81,113.95,46.178,98.0,,high,EHVW_2026 (2026); EHVW_2028 (2028)
BU07726120,Philipsdorp,WK077261,5616,260,3.0,2.91,96.92,0.0,0.0,EHVW,EHVW,EHVN (8),EHVW Eindhoven West,Station Eindhoven West 150 kV,Enexis,77.48,88.29,-10.81,113.95,46.178,98.0,,high,EHVW_2026 (2026); EHVW_2028 (2028)
BU07726130,Engelsbergen,WK077261,5616,260,3.0,2.91,96.92,0.0,0.0,EHVW,EHVW,EHVN (8),EHVW Eindhoven West,Station Eindhoven West 150 kV,Enexis,77.48,88.29,-10.81,113.95,46.178,98.0,,high,EHVW_2026 (2026); EHVW_2028 (2028)
BU07726140,Schouwbroek,WK077261,5616,260,3.0,2.91,96.92,0.0,0.0,EHVW,EHVW,EHVN (8),EHVW Eindhoven West,Station Eindhoven West 150 kV,Enexis,77.48,88.29,-10.81,113.95,46.178,98.0,,high,EHVW_2026 (2026); EHVW_2028 (2028)
BU07726150,Schoot,WK077261,5616,260,3.0,2.91,96.92,0.0,0.0,EHVW,EHVW,EHVN (8),EHVW Eindhoven West,Station Eindhoven West 150 kV,Enexis,77.48,88.29,-10.81,113.95,46.178,98.0,,high,EHVW_2026 (2026); EHVW_2028 (2028)
BU07726160,Strijp S,WK077261,5617,26,3.0,0.12,3.85,0.0,0.0,EHVN,EHVN,EHVW (1),EHVN Eindhoven Noord,Station Eindhoven Noord 150 kV,Enexis,111.14,102.32,8.82,92.06,83.534,138.0,,congested grid area,EHVN_2027 (2027)
BU07726210,Hurk,WK077262,5652,213,3.0,2.99,100.0,0.0,0.0,EHVW,EHVW,EHVN (2),EHVW Eindhoven West,Station Eindhoven West 150 kV,Enexis,77.48,88.29,-10.81,113.95,46.178,98.0,,high,EHVW_2026 (2026); EHVW_2028 (2028)
BU07726220,Het Ven,WK077262,5652,213,3.0,2.99,100.0,0.0,0.0,EHVW,EHVW,EHVN (2),EHVW Eindhoven West,Station Eindhoven West 150 kV,Enexis,77.48,88.29,-10.81,113.95,46.178,98.0,,high,EHVW_2026 (2026); EHVW_2028 (2028)
BU07726230,Lievendaal,WK077262,5652,213,3.0,2.99,100.0,0.0,0.0,EHVW,EHVW,EHVN (2),EHVW Eindhoven West,Station Eindhoven West 150 kV,Enexis,77.48,88.29,-10.81,113.95,46.178,98.0,,high,EHVW_2026 (2026); EHVW_2028 (2028)
BU07726240,Drents Dorp,WK077262,5651,96,3.0,2.06,68.75,0.0,0.0,EHVW,EHVW,EHVN (30),EHVW Eindhoven West,Station Eindhoven West 150 kV,Enexis,77.48,88.29,-10.81,113.95,46.178,98.0,,high,EHVW_2026 (2026); EHVW_2028 (2028)
BU07726250,Zwaanstraat,WK077262,5651,96,3.0,2.06,68.75,0.0,0.0,EHVW,EHVW,EHVN (30),EHVW Eindhoven West,Station Eindhoven West 150 kV,Enexis,77.48,88.29,-10.81,113.95,46.178,98.0,,high,EHVW_2026 (2026); EHVW_2028 (2028)
BU07726260,Wielewaal,WK077262,5651,96,3.0,2.06,68.75,0.0,0.0,EHVW,EHVW,EHVN (30),EHVW Eindhoven West,Station Eindhoven West 150 kV,Enexis,77.48,88.29,-10.81,113.95,46.178,98.0,,high,EHVW_2026 (2026); EHVW_2028 (2028)
BU07726270,Herdgang,WK077262,5651,96,3.0,2.06,68.75,0.0,0.0,EHVW,EHVW,EHVN (30),EHVW Eindhoven West,Station Eindhoven West 150 kV,Enexis,77.48,88.29,-10.81,113.95,46.178,98.0,,high,EHVW_2026 (2026); EHVW_2028 (2028)
BU07726280,Mispelhoef,WK077262,5651,96,3.0,2.06,68.75,0.0,0.0,EHVW,EHVW,EHVN (30),EHVW Eindhoven West,Station Eindhoven West 150 kV,Enexis,77.48,88.29,-10.81,113.95,46.178,98.0,,high,EHVW_2026 (2026); EHVW_2028 (2028)
BU07726310,BeA2,WK077263,5657,53,3.0,1.02,33.96,2.0,0.11,EHVN,EHVN,EHVW (18),EHVN Eindhoven Noord,Station Eindhoven Noord 150 kV,Enexis,111.14,102.32,8.82,92.06,83.534,138.0,,medium,EHVN_2027 (2027)
BU07726320,Meerbos,WK077263,5657,53,3.0,1.02,33.96,2.0,0.11,EHVN,EHVN,EHVW (18),EHVN Eindhoven Noord,Station Eindhoven Noord 150 kV,Enexis,111.14,102.32,8.82,92.06,83.534,138.0,,medium,EHVN_2027 (2027)
BU07726330,Grasrijk,WK077263,5658,153,3.0,2.18,72.55,0.0,0.0,EHVW,EHVW,EHVN (42),EHVW Eindhoven West,Station Eindhoven West 150 kV,Enexis,77.48,88.29,-10.81,113.95,46.178,98.0,,high,EHVW_2026 (2026); EHVW_2028 (2028)
BU07726340,Zandrijk,WK077263,5658,153,3.0,2.18,72.55,0.0,0.0,EHVW,EHVW,EHVN (42),EHVW Eindhoven West,Station Eindhoven West 150 kV,Enexis,77.48,88.29,-10.81,113.95,46.178,98.0,,high,EHVW_2026 (2026); EHVW_2028 (2028)
BU07726350,Waterrijk,WK077263,5658,153,3.0,2.18,72.55,0.0,0.0,EHVW,EHVW,EHVN (42),EHVW Eindhoven West,Station Eindhoven West 150 kV,Enexis,77.48,88.29,-10.81,113.95,46.178,98.0,,high,EHVW_2026 (2026); EHVW_2028 (2028)
BU07726360,Park Forum,WK077263,5657,53,3.0,1.02,33.96,2.0,0.11,EHVN,EHVN,EHVW (18),EHVN Eindhoven Noord,Station Eindhoven Noord 150 kV,Enexis,111.14,102.32,8.82,92.06,83.534,138.0,,medium,EHVN_2027 (2027)
BU07726370,Flight Forum,WK077263,5657,53,3.0,1.02,33.96,2.0,0.11,EHVN,EHVN,EHVW (18),EHVN Eindhoven Noord,Station Eindhoven Noord 150 kV,Enexis,111.14,102.32,8.82,92.06,83.534,138.0,,medium,EHVN_2027 (2027)
BU07726380,Eindhoven Airport,WK077263,5657,53,3.0,1.02,33.96,2.0,0.11,EHVN,EHVN,EHVW (18),EHVN Eindhoven Noord,Station Eindhoven Noord 150 kV,Enexis,111.14,102.32,8.82,92.06,83.534,138.0,,medium,EHVN_2027 (2027)
BU07726390,Bosrijk,WK077263,5658,153,3.0,2.18,72.55,0.0,0.0,EHVW,EHVW,EHVN (42),EHVW Eindhoven West,Station Eindhoven West 150 kV,Enexis,77.48,88.29,-10.81,113.95,46.178,98.0,,high,EHVW_2026 (2026); EHVW_2028 (2028)
BU07726399,Meerrijk,WK077263,5658,153,3.0,2.18,72.55,0.0,0.0,EHVW,EHVW,EHVN (42),EHVW Eindhoven West,Station Eindhoven West 150 kV,Enexis,77.48,88.29,-10.81,113.95,46.178,98.0,,high,EHVW_2026 (2026); EHVW_2028 (2028)
BU07727110,Schrijversbuurt,WK077271,5615,189,3.0,2.05,68.25,0.0,0.0,EHVW,EHVW,EHVO (60),EHVW Eindhoven West,Station Eindhoven West 150 kV,Enexis,77.48,88.29,-10.81,113.95,46.178,98.0,,high,EHVW_2026 (2026); EHVW_2028 (2028)
BU07727120,Oude Spoorbaan,WK077271,5615,189,3.0,2.05,68.25,0.0,0.0,EHVW,EHVW,EHVO (60),EHVW Eindhoven West,Station Eindhoven West 150 kV,Enexis,77.48,88.29,-10.81,113.95,46.178,98.0,,high,EHVW_2026 (2026); EHVW_2028 (2028)
BU07727130,Hagenkamp,WK077271,5616,260,3.0,2.91,96.92,0.0,0.0,EHVW,EHVW,EHVN (8),EHVW Eindhoven West,Station Eindhoven West 150 kV,Enexis,77.48,88.29,-10.81,113.95,46.178,98.0,,high,EHVW_2026 (2026); EHVW_2028 (2028)
BU07727210,Genderdal,WK077272,5653,188,3.0,3.0,100.0,0.0,0.0,EHVW,EHVW,,EHVW Eindhoven West,Station Eindhoven West 150 kV,Enexis,77.48,88.29,-10.81,113.95,46.178,98.0,,high,EHVW_2026 (2026); EHVW_2028 (2028)
BU07727220,Blaarthem,WK077272,5654,225,3.0,3.0,100.0,0.0,0.0,EHVW,EHVW,,EHVW Eindhoven West,Station Eindhoven West 150 kV,Enexis,77.48,88.29,-10.81,113.95,46.178,98.0,,high,EHVW_2026 (2026); EHVW_2028 (2028)
BU07727230,Rapelenburg,WK077272,5654,225,3.0,3.0,100.0,0.0,0.0,EHVW,EHVW,,EHVW Eindhoven West,Station Eindhoven West 150 kV,Enexis,77.48,88.29,-10.81,113.95,46.178,98.0,,high,EHVW_2026 (2026); EHVW_2028 (2028)
BU07727240,Bennekel-Oost,WK077272,5654,225,3.0,3.0,100.0,0.0,0.0,EHVW,EHVW,,EHVW Eindhoven West,Station Eindhoven West 150 kV,Enexis,77.48,88.29,-10.81,113.95,46.178,98.0,,high,EHVW_2026 (2026); EHVW_2028 (2028)
BU07727250,"Bennekel-West, Gagelbosch",WK077272,5654,225,3.0,3.0,100.0,0.0,0.0,EHVW,EHVW,,EHVW Eindhoven West,Station Eindhoven West 150 kV,Enexis,77.48,88.29,-10.81,113.95,46.178,98.0,,high,EHVW_2026 (2026); EHVW_2028 (2028)
BU07727260,Gennep,WK077272,5644,212,3.0,0.03,0.94,0.0,0.0,EHVO,EHVO,EHVW (2),EHVO Eindhoven Oost,Station Eindhoven Oost 150 kV,Enexis,207.33,153.81,53.52,74.18,49.215,120.0,"2030,0",congested grid area,EHVO_2030 (2030)
BU07727270,Beemden,WK077272,5656,4,3.0,3.0,100.0,0.0,0.0,EHVW,EHVW,,EHVW Eindhoven West,Station Eindhoven West 150 kV,Enexis,77.48,88.29,-10.81,113.95,46.178,98.0,,high,EHVW_2026 (2026); EHVW_2028 (2028)
BU07727310,Genderbeemd,WK077273,5653,188,3.0,3.0,100.0,0.0,0.0,EHVW,EHVW,,EHVW Eindhoven West,Station Eindhoven West 150 kV,Enexis,77.48,88.29,-10.81,113.95,46.178,98.0,,high,EHVW_2026 (2026); EHVW_2028 (2028)
BU07727320,Hanevoet,WK077273,5655,107,3.0,3.0,100.0,0.0,0.0,EHVW,EHVW,,EHVW Eindhoven West,Station Eindhoven West 150 kV,Enexis,77.48,88.29,-10.81,113.95,46.178,98.0,,high,EHVW_2026 (2026); EHVW_2028 (2028)
BU07727330,Ooievaarsnest,WK077273,5655,107,3.0,3.0,100.0,0.0,0.0,EHVW,EHVW,,EHVW Eindhoven West,Station Eindhoven West 150 kV,Enexis,77.48,88.29,-10.81,113.95,46.178,98.0,,high,EHVW_2026 (2026); EHVW_2028 (2028)
