car,charge_time,charger_fid,charger_id,destination_fid,from_charger_id,kind,last_charger_id,msg,t,to_charger_id,waited,walking_dist_m
Car 0,,,,77,,arrived,,arrived,45.477264176418146,,,
Car 0,,60,6,,,start_charge,,starting to charge at Charger 6 (fid=60),45.477264176418146,,0.0,
Car 1,,,,14,,arrived,,arrived,50.665311091502886,,,
Car 1,,308440,0,,,start_charge,,starting to charge at Charger 0 (fid=308440),50.665311091502886,,0.0,
Car 2,,,,28,,arrived,,arrived,75.5350050175778,,,
Car 2,,308440,0,,,start_charge,,starting to charge at Charger 0 (fid=308440),75.5350050175778,,0.0,
Car 3,,,,46,,arrived,,arrived,85.2342948498507,,,
Car 3,,308702,1,,,start_charge,,starting to charge at Charger 1 (fid=308702),85.2342948498507,,0.0,
Car 1,50.0,308440,0,,,done,,done charging,100.66531109150289,,,132.81305867629422
Car 2,53.0,308440,0,,,done,,done charging,128.53500501757782,,,197.2293398759669
Car 0,98.0,60,6,,,done,,done charging,143.47726417641815,,,158.42291775123473
Car 4,,,,17,,arrived,,arrived,144.29604824702486,,,
Car 4,,308702,1,,,start_charge,,starting to charge at Charger 1 (fid=308702),144.29604824702486,,0.0,
Car 3,65.0,308702,1,,,done,,done charging,150.2342948498507,,,141.95031469366253
Car 5,,,,5,,arrived,,arrived,150.67648328211652,,,
Car 5,,73,5,,,start_charge,,starting to charge at Charger 5 (fid=73),150.67648328211652,,0.0,
Car 5,45.0,73,5,,,done,,done charging,195.67648328211652,,,205.34042148922168
Car 6,,,,37,,arrived,,arrived,198.19876356473566,,,
Car 6,,73,5,,,start_charge,,starting to charge at Charger 5 (fid=73),198.19876356473566,,0.0,
Car 7,,,,4,,arrived,,arrived,227.02791534208637,,,
Car 7,,60,6,,,start_charge,,starting to charge at Charger 6 (fid=60),227.02791534208637,,0.0,
Car 4,107.0,308702,1,,,done,,done charging,251.29604824702486,,,30.763536663362352
Car 8,,,,17,,arrived,,arrived,268.59581724914136,,,
Car 8,,307904,2,,,start_charge,,starting to charge at Charger 2 (fid=307904),268.59581724914136,,0.0,
Car 9,,,,85,,arrived,,arrived,275.0029223673019,,,
Car 9,,308108,4,,,start_charge,,starting to charge at Charger 4 (fid=308108),275.0029223673019,,0.0,
Car 6,108.0,73,5,,,done,,done charging,306.19876356473566,,,89.51947773328097
Car 10,,,,117,,arrived,,arrived,316.91027066398226,,,
Car 10,,,,,2,switch,,"Charger 2 (fid=307904) not available, trying Charger 3 (fid=307905)",321.91027066398226,3,,
Car 10,,307905,3,,,start_charge,,starting to charge at Charger 3 (fid=307905),322.1738968455463,,5.0,
Car 9,55.0,308108,4,,,done,,done charging,330.0029223673019,,,201.56588025333605
Car 11,,,,29,,arrived,,arrived,330.2812113490434,,,
Car 11,,31,7,,,start_charge,,starting to charge at Charger 7 (fid=31),330.2812113490434,,0.0,
Car 7,104.0,60,6,,,done,,done charging,331.0279153420864,,,180.72136149700506
Car 12,,,,36,,arrived,,arrived,345.3482522494334,,,
Car 12,,308440,0,,,start_charge,,starting to charge at Charger 0 (fid=308440),345.3482522494334,,0.0,
Car 13,,,,2,,arrived,,arrived,354.48677311172014,,,
Car 13,,308108,4,,,start_charge,,starting to charge at Charger 4 (fid=308108),354.48677311172014,,0.0,
Car 8,98.0,307904,2,,,done,,done charging,366.59581724914136,,,195.70595856928733
Car 14,,,,115,,arrived,,arrived,375.0303804817464,,,
Car 14,,308440,0,,,start_charge,,starting to charge at Charger 0 (fid=308440),375.0303804817464,,0.0,
Car 15,,,,62,,arrived,,arrived,378.60885415915993,,,
Car 15,,60,6,,,start_charge,,starting to charge at Charger 6 (fid=60),378.60885415915993,,0.0,
Car 10,61.0,307905,3,,,done,,done charging,383.1738968455463,,,195.8532583149443
Car 16,,,,10,,arrived,,arrived,397.1021398005199,,,
Car 16,,73,5,,,start_charge,,starting to charge at Charger 5 (fid=73),397.1021398005199,,0.0,
Car 17,,,,4,,arrived,,arrived,401.03903591492644,,,
Car 17,,73,5,,,start_charge,,starting to charge at Charger 5 (fid=73),401.03903591492644,,0.0,
Car 18,,,,69,,arrived,,arrived,403.7899048956077,,,
Car 19,,,,8,,arrived,,arrived,408.61303415979535,,,
Car 18,,,,,0,switch,,"Charger 0 (fid=308440) not available, trying Charger 7 (fid=31)",408.7899048956077,7,,
Car 18,,31,7,,,start_charge,,starting to charge at Charger 7 (fid=31),411.6632109875761,,5.0,
Car 19,,,,,5,switch,,"Charger 5 (fid=73) not available, trying Charger 6 (fid=60)",413.61303415979535,6,,
Car 20,,,,62,,arrived,,arrived,413.9302972780796,,,
Car 20,,60,6,,,start_charge,,starting to charge at Charger 6 (fid=60),413.9302972780796,,0.0,
Car 21,,,,30,,arrived,,arrived,414.12995702637494,,,
Car 22,,,,78,,arrived,,arrived,414.5847753580944,,,
Car 23,,,,91,,arrived,,arrived,418.9671285622592,,,
Car 23,,308108,4,,,start_charge,,starting to charge at Charger 4 (fid=308108),418.9671285622592,,0.0,
Car 21,,,,,0,switch,,"Charger 0 (fid=308440) not available, trying Charger 2 (fid=307904)",419.12995702637494,2,,
Car 22,,,,,5,switch,,"Charger 5 (fid=73) not available, trying Charger 6 (fid=60)",419.5847753580944,6,,
Car 14,45.0,308440,0,,,done,,done charging,420.0303804817464,,,57.33694120795549
Car 24,,,,65,,arrived,,arrived,420.84250200984116,,,
Car 19,,,,,6,switch,,"Charger 6 (fid=60) not available, trying Charger 1 (fid=308702)",421.6422231813149,1,,
Car 21,,307904,2,,,start_charge,,starting to charge at Charger 2 (fid=307904),423.46644452526823,,5.0,
Car 24,,,,,5,switch,,"Charger 5 (fid=73) not available, trying Charger 1 (fid=308702)",425.84250200984116,1,,
Car 25,,,,9,,arrived,,arrived,426.04207248410194,,,
Car 11,96.0,31,7,,,done,,done charging,426.2812113490434,,,80.05418651475748
Car 13,72.0,308108,4,,,done,,done charging,426.48677311172014,,,133.51194051660465
Car 19,,308702,1,,,start_charge,,starting to charge at Charger 1 (fid=308702),427.3066758007713,,10.0,
Car 22,,,,,6,switch,,"Charger 6 (fid=60) not available, trying Charger 7 (fid=31)",427.61396437961395,7,,
Car 24,,308702,1,,,start_charge,,starting to charge at Charger 1 (fid=308702),429.7635739167842,,5.0,
Car 25,,,,,5,switch,,"Charger 5 (fid=73) not available, trying Charger 6 (fid=60)",431.04207248410194,6,,
Car 22,,31,7,,,start_charge,,starting to charge at Charger 7 (fid=31),433.6167823756623,,10.0,
Car 26,,,,31,,arrived,,arrived,435.6295386235176,,,
Car 26,,308440,0,,,start_charge,,starting to charge at Charger 0 (fid=308440),435.6295386235176,,0.0,
Car 25,,,,,6,switch,,"Charger 6 (fid=60) not available, trying Charger 0 (fid=308440)",439.07126150562146,0,,
Car 12,98.0,308440,0,,,done,,done charging,443.3482522494334,,,170.52989220743032
Car 25,,308440,0,,,start_charge,,starting to charge at Charger 0 (fid=308440),443.6990970378784,,10.0,
Car 27,,,,4,,arrived,,arrived,443.9294125334561,,,
Car 28,,,,68,,arrived,,arrived,446.050310127227,,,
Car 29,,,,35,,arrived,,arrived,448.3285629271628,,,
Car 30,,,,27,,arrived,,arrived,448.620586593163,,,
Car 27,,,,,6,switch,,"Charger 6 (fid=60) not available, trying Charger 2 (fid=307904)",448.9294125334561,2,,
Car 28,,,,,0,switch,,"Charger 0 (fid=308440) not available, trying Charger 7 (fid=31)",451.050310127227,7,,
Car 31,,,,87,,arrived,,arrived,452.9219582301354,,,
Car 31,,308108,4,,,start_charge,,starting to charge at Charger 4 (fid=308108),452.9219582301354,,0.0,
Car 29,,,,,0,switch,,"Charger 0 (fid=308440) not available, trying Charger 2 (fid=307904)",453.3285629271628,2,,
Car 30,,,,,7,switch,,"Charger 7 (fid=31) not available, trying Charger 1 (fid=308702)",453.620586593163,1,,
Car 32,,,,72,,arrived,,arrived,456.65321840662807,,,
Car 27,,,,,2,switch,,"Charger 2 (fid=307904) not available, trying Charger 3 (fid=307905)",457.93156904615955,3,,
Car 27,,307905,3,,,start_charge,,starting to charge at Charger 3 (fid=307905),458.1951952277236,,10.0,
Car 28,,,,,7,switch,,"Charger 7 (fid=31) not available, trying Charger 1 (fid=308702)",458.9236162191954,1,,
Car 30,,,,,1,switch,,"Charger 1 (fid=308702) not available, trying Charger 0 (fid=308440)",459.3239881921475,0,,
Car 32,,,,,0,switch,,"Charger 0 (fid=308440) not available, trying Charger 7 (fid=31)",461.65321840662807,7,,
Car 29,,,,,2,switch,,"Charger 2 (fid=307904) not available, trying Charger 3 (fid=307905)",462.6650504260561,3,,
Car 33,,,,63,,arrived,,arrived,463.18228118423724,,,
Car 28,,,,,1,switch,,"Charger 1 (fid=308702) not available, trying Charger 5 (fid=73)",464.6270178181799,5,,
Car 16,69.0,73,5,,,done,,done charging,466.1021398005199,,,247.0455615545851
Car 33,,73,5,,,start_charge,,starting to charge at Charger 5 (fid=73),466.1021398005199,,2.9198586162826814,
Car 30,,,,,0,switch,,"Charger 0 (fid=308440) not available, trying Charger 5 (fid=73)",467.43444081954596,5,,
Car 29,,,,,3,switch,,"Charger 3 (fid=307905) not available, trying Charger 6 (fid=60)",467.92867660762016,6,,
Car 34,,,,4,,arrived,,arrived,468.30166962078135,,,
Car 35,,,,19,,arrived,,arrived,469.490698628894,,,
Car 32,,,,,7,switch,,"Charger 7 (fid=31) not available, trying Charger 5 (fid=73)",469.5265244985965,5,,
Car 21,47.0,307904,2,,,done,,done charging,470.46644452526823,,,266.9239095785651
Car 17,70.0,73,5,,,done,,done charging,471.03903591492644,,,188.1808241542504
Car 34,,73,5,,,start_charge,,starting to charge at Charger 5 (fid=73),471.03903591492644,,2.7373662941450903,
Car 36,,,,32,,arrived,,arrived,471.9185956662984,,,
Car 28,,,,,5,switch,,"Charger 5 (fid=73) not available, trying Charger 2 (fid=307904)",473.54808972512296,2,,
Car 35,,,,,0,switch,,"Charger 0 (fid=308440) not available, trying Charger 7 (fid=31)",474.490698628894,7,,
Car 37,,,,13,,arrived,,arrived,474.78066319427387,,,
Car 30,,,,,5,switch,,"Charger 5 (fid=73) not available, trying Charger 6 (fid=60)",476.6982198321237,6,,
Car 36,,,,,0,switch,,"Charger 0 (fid=308440) not available, trying Charger 2 (fid=307904)",476.9185956662984,2,,
Car 29,,,,,6,switch,,"Charger 6 (fid=60) not available, trying Charger 5 (fid=73)",476.9471699519444,5,,
Car 23,59.0,308108,4,,,done,,done charging,477.9671285622592,,,184.12729320122304
Car 38,,,,37,,arrived,,arrived,477.99638206624553,,,
Car 32,,,,,5,switch,,"Charger 5 (fid=73) not available, trying Charger 1 (fid=308702)",478.7859617821314,1,,
Car 28,,307904,2,,,start_charge,,starting to charge at Charger 2 (fid=307904),479.1778712649618,,20.0,
Car 37,,,,,7,switch,,"Charger 7 (fid=31) not available, trying Charger 1 (fid=308702)",479.78066319427387,1,,
Car 39,,,,72,,arrived,,arrived,480.06856915886567,,,
Car 35,,,,,7,switch,,"Charger 7 (fid=31) not available, trying Charger 1 (fid=308702)",482.3640047208624,1,,
Car 38,,,,,5,switch,,"Charger 5 (fid=73) not available, trying Charger 1 (fid=308702)",482.99638206624553,1,,
Car 30,,,,,6,switch,,"Charger 6 (fid=60) not available, trying Charger 2 (fid=307904)",484.7274088536432,2,,
Car 40,,,,77,,arrived,,arrived,484.8267491131521,,,
Car 29,,,,,5,switch,,"Charger 5 (fid=73) not available, trying Charger 7 (fid=31)",484.9763589734639,7,,
Car 39,,,,,0,switch,,"Charger 0 (fid=308440) not available, trying Charger 7 (fid=31)",485.06856915886567,7,,
Car 37,,,,,1,switch,,"Charger 1 (fid=308702) not available, trying Charger 0 (fid=308440)",485.48406479325837,0,,
Car 36,,,,,2,switch,,"Charger 2 (fid=307904) not available, trying Charger 3 (fid=307905)",486.2550831651917,3,,
Car 32,,,,,1,switch,,"Charger 1 (fid=308702) not available, trying Charger 2 (fid=307904)",487.7070336890744,2,,
Car 35,,,,,1,switch,,"Charger 1 (fid=308702) not available, trying Charger 5 (fid=73)",488.0674063198469,5,,
Car 40,,,,,6,switch,,"Charger 6 (fid=60) not available, trying Charger 4 (fid=308108)",489.8267491131521,4,,
Car 15,112.0,60,6,,,done,,done charging,490.60885415915993,,,108.72370347766685
Car 41,,,,4,,arrived,,arrived,491.46402549014346,,,
Car 41,,60,6,,,start_charge,,starting to charge at Charger 6 (fid=60),491.46402549014346,,0.0,
Car 36,,,,,3,switch,,"Charger 3 (fid=307905) not available, trying Charger 5 (fid=73)",491.51870934675577,5,,
Car 18,80.0,31,7,,,done,,done charging,491.6632109875761,,,247.5970979711176
Car 39,,31,7,,,start_charge,,starting to charge at Charger 7 (fid=31),491.6632109875761,,8.721335736742049,
Car 24,62.0,308702,1,,,done,,done charging,491.7635739167842,,,308.4011638052468
Car 38,,308702,1,,,start_charge,,starting to charge at Charger 1 (fid=308702),491.7635739167842,,9.846119943595625,
Car 37,,,,,0,switch,,"Charger 0 (fid=308440) not available, trying Charger 5 (fid=73)",493.5945174206568,5,,
Car 30,,,,,2,switch,,"Charger 2 (fid=307904) not available, trying Charger 3 (fid=307905)",493.72956536634666,3,,
Car 40,,308108,4,,,start_charge,,starting to charge at Charger 4 (fid=308108),494.04931747433073,,5.0,
Car 29,,,,,7,switch,,"Charger 7 (fid=31) not available, trying Charger 1 (fid=308702)",494.2357962569988,1,,
Car 42,,,,13,,arrived,,arrived,494.3169557169132,,,
Car 43,,,,32,,arrived,,arrived,494.6346526132279,,,
Car 19,68.0,308702,1,,,done,,done charging,495.3066758007713,,,403.9345218681997
Car 29,,308702,1,,,start_charge,,starting to charge at Charger 1 (fid=308702),495.3066758007713,,30.367477944787993,
Car 35,,,,,5,switch,,"Charger 5 (fid=73) not available, trying Charger 2 (fid=307904)",496.98847822678994,2,,
Car 30,,,,,3,switch,,"Charger 3 (fid=307905) not available, trying Charger 4 (fid=308108)",498.9931915479107,4,,
Car 32,,,,,2,switch,,"Charger 2 (fid=307904) not available, trying Charger 3 (fid=307905)",499.1948130672198,3,,
Car 44,,,,117,,arrived,,arrived,499.2032762803527,,,
Car 42,,,,,7,switch,,"Charger 7 (fid=31) not available, trying Charger 1 (fid=308702)",499.3169557169132,1,,
Car 45,,,,33,,arrived,,arrived,499.5122617648434,,,
Car 26,64.0,308440,0,,,done,,done charging,499.6295386235176,,,136.73927737693603
Car 43,,308440,0,,,start_charge,,starting to charge at Charger 0 (fid=308440),499.6295386235176,,4.99488601028969,
Car 36,,,,,5,switch,,"Charger 5 (fid=73) not available, trying Charger 6 (fid=60)",502.1648277182154,6,,
Car 37,,,,,5,switch,,"Charger 5 (fid=73) not available, trying Charger 2 (fid=307904)",502.85829643323456,2,,
Car 31,50.0,308108,4,,,done,,done charging,502.9219582301354,,,190.81237011260845
Car 30,,308108,4,,,start_charge,,starting to charge at Charger 4 (fid=308108),502.9219582301354,,35.40629683597251,
Car 44,,,,,2,switch,,"Charger 2 (fid=307904) not available, trying Charger 3 (fid=307905)",504.2032762803527,3,,
Car 32,,,,,3,switch,,"Charger 3 (fid=307905) not available, trying Charger 6 (fid=60)",504.45843924878386,6,,
Car 45,,,,,0,switch,,"Charger 0 (fid=308440) not available, trying Charger 2 (fid=307904)",504.5122617648434,2,,
Car 42,,,,,1,switch,,"Charger 1 (fid=308702) not available, trying Charger 0 (fid=308440)",505.0203573158977,0,,
Car 27,47.0,307905,3,,,done,,done charging,505.1951952277236,,,201.90547756079454
Car 44,,307905,3,,,start_charge,,starting to charge at Charger 3 (fid=307905),505.1951952277236,,5.7282927658068274,
Car 46,,,,73,,arrived,,arrived,506.8781742861342,,,
Car 35,,,,,2,switch,,"Charger 2 (fid=307904) not available, trying Charger 3 (fid=307905)",507.6182597666288,3,,
Car 20,95.0,60,6,,,done,,done charging,508.9302972780796,,,108.72370347766685
Car 36,,60,6,,,start_charge,,starting to charge at Charger 6 (fid=60),508.9302972780796,,23.73628053834466,
Car 47,,,,34,,arrived,,arrived,509.61467198791945,,,
Car 46,,,,,5,switch,,"Charger 5 (fid=73) not available, trying Charger 6 (fid=60)",511.8781742861342,6,,
Car 35,,,,,3,switch,,"Charger 3 (fid=307905) not available, trying Charger 6 (fid=60)",512.8818859481928,6,,
Car 42,,,,,0,switch,,"Charger 0 (fid=308440) not available, trying Charger 5 (fid=73)",513.1308099432961,5,,
Car 32,,,,,6,switch,,"Charger 6 (fid=60) not available, trying Charger 4 (fid=308108)",513.4769325931081,4,,
Car 37,,,,,2,switch,,"Charger 2 (fid=307904) not available, trying Charger 3 (fid=307905)",513.4880779730734,3,,
Car 45,,,,,2,switch,,"Charger 2 (fid=307904) not available, trying Charger 3 (fid=307905)",513.8487492637366,3,,
Car 48,,,,73,,arrived,,arrived,514.0506444372403,,,
Car 47,,,,,0,switch,,"Charger 0 (fid=308440) not available, trying Charger 2 (fid=307904)",514.6146719879195,2,,
Car 37,,,,,3,switch,,"Charger 3 (fid=307905) not available, trying Charger 6 (fid=60)",518.7517041546374,6,,
Car 48,,,,,5,switch,,"Charger 5 (fid=73) not available, trying Charger 6 (fid=60)",519.0506444372403,6,,
Car 45,,,,,3,switch,,"Charger 3 (fid=307905) not available, trying Charger 6 (fid=60)",519.1123754453007,6,,
Car 46,,,,,6,switch,,"Charger 6 (fid=60) not available, trying Charger 1 (fid=308702)",519.9073633076538,1,,
Car 49,,,,40,,arrived,,arrived,520.089192073911,,,
Car 35,,,,,6,switch,,"Charger 6 (fid=60) not available, trying Charger 4 (fid=308108)",521.900379292517,4,,
Car 42,,,,,5,switch,,"Charger 5 (fid=73) not available, trying Charger 2 (fid=307904)",522.3945889558738,2,,
Car 32,,,,,,gave_up,4,"no alternate charger available, gave up",522.6995009542868,,,
Car 47,,,,,2,switch,,"Charger 2 (fid=307904) not available, trying Charger 3 (fid=307905)",523.9511594868127,3,,
Car 49,,,,,6,switch,,"Charger 6 (fid=60) not available, trying Charger 4 (fid=308108)",525.089192073911,4,,
Car 48,,,,,6,switch,,"Charger 6 (fid=60) not available, trying Charger 1 (fid=308702)",527.0798334587598,1,,
Car 37,,,,,6,switch,,"Charger 6 (fid=60) not available, trying Charger 4 (fid=308108)",527.7701974989616,4,,
Car 45,,,,,6,switch,,"Charger 6 (fid=60) not available, trying Charger 5 (fid=73)",528.1308687896249,5,,
Car 50,,,,33,,arrived,,arrived,528.1907681567922,,,
Car 47,,,,,3,switch,,"Charger 3 (fid=307905) not available, trying Charger 6 (fid=60)",529.2147856683767,6,,
Car 46,,,,,1,switch,,"Charger 1 (fid=308702) not available, trying Charger 7 (fid=31)",530.5718159271103,7,,
Car 35,,,,,,gave_up,4,"no alternate charger available, gave up",531.1229476536956,,,
Car 51,,,,8,,arrived,,arrived,532.0561665295669,,,
Car 52,,,,50,,arrived,,arrived,532.2282739265193,,,
Car 25,89.0,308440,0,,,done,,done charging,532.6990970378783,,,401.3072546947882
Car 50,,308440,0,,,start_charge,,starting to charge at Charger 0 (fid=308440),532.6990970378783,,4.508328881086186,
Car 42,,,,,2,switch,,"Charger 2 (fid=307904) not available, trying Charger 3 (fid=307905)",533.0243704957127,3,,
Car 49,,,,,4,switch,,"Charger 4 (fid=308108) not available, trying Charger 2 (fid=307904)",534.3117604350897,2,,
Car 22,102.0,31,7,,,done,,done charging,535.6167823756623,,,487.5037521936122
Car 46,,31,7,,,start_charge,,starting to charge at Charger 7 (fid=31),535.6167823756623,,19.34156484956759,
Car 45,,,,,5,switch,,"Charger 5 (fid=73) not available, trying Charger 7 (fid=31)",536.1600578111444,7,,
Car 37,,,,,,gave_up,4,"no alternate charger available, gave up",536.9927658601403,,,
Car 51,,,,,5,switch,,"Charger 5 (fid=73) not available, trying Charger 6 (fid=60)",537.0561665295669,6,,
Car 52,,,,,6,switch,,"Charger 6 (fid=60) not available, trying Charger 4 (fid=308108)",537.2282739265193,4,,
Car 48,,,,,1,switch,,"Charger 1 (fid=308702) not available, trying Charger 7 (fid=31)",537.7442860782163,7,,
Car 53,,,,10,,arrived,,arrived,538.0524150174086,,,
Car 47,,,,,6,switch,,"Charger 6 (fid=60) not available, trying Charger 5 (fid=73)",538.2332790127009,5,,
Car 42,,,,,3,switch,,"Charger 3 (fid=307905) not available, trying Charger 6 (fid=60)",538.2879966772767,6,,
Car 41,49.0,60,6,,,done,,done charging,540.4640254901435,,,180.72136149700506
Car 51,,60,6,,,start_charge,,starting to charge at Charger 6 (fid=60),540.4640254901435,,5.37866993905709,
Car 49,,,,,2,switch,,"Charger 2 (fid=307904) not available, trying Charger 3 (fid=307905)",542.817893449721,3,,
Car 53,,,,,5,switch,,"Charger 5 (fid=73) not available, trying Charger 6 (fid=60)",543.0524150174086,6,,
Car 48,,,,,7,switch,,"Charger 7 (fid=31) not available, trying Charger 0 (fid=308440)",543.4476876772007,0,,
Car 45,,,,,7,switch,,"Charger 7 (fid=31) not available, trying Charger 1 (fid=308702)",545.4194950946793,1,,
Car 47,,,,,5,switch,,"Charger 5 (fid=73) not available, trying Charger 7 (fid=31)",546.2624680342204,7,,
Car 52,,,,,4,switch,,"Charger 4 (fid=308108) not available, trying Charger 2 (fid=307904)",546.4508422876979,2,,
Car 54,,,,70,,arrived,,arrived,546.5434707558662,,,
Car 42,,,,,6,switch,,"Charger 6 (fid=60) not available, trying Charger 4 (fid=308108)",547.3064900216009,4,,
Car 49,,,,,3,switch,,"Charger 3 (fid=307905) not available, trying Charger 5 (fid=73)",548.0815196312851,5,,
Car 28,71.0,307904,2,,,done,,done charging,550.1778712649618,,,364.65366296317865
Car 52,,307904,2,,,start_charge,,starting to charge at Charger 2 (fid=307904),550.1778712649618,,10.22089596263254,
Car 53,,,,,6,switch,,"Charger 6 (fid=60) not available, trying Charger 1 (fid=308702)",551.0816040389282,1,,
Car 45,,,,,1,switch,,"Charger 1 (fid=308702) not available, trying Charger 4 (fid=308108)",551.1228966936637,4,,
Car 48,,,,,0,switch,,"Charger 0 (fid=308440) not available, trying Charger 2 (fid=307904)",551.3209937691691,2,,
Car 54,,,,,0,switch,,"Charger 0 (fid=308440) not available, trying Charger 7 (fid=31)",551.5434707558662,7,,
Car 47,,,,,7,switch,,"Charger 7 (fid=31) not available, trying Charger 1 (fid=308702)",555.5219053177553,1,,
Car 42,,,,,,gave_up,4,"no alternate charger available, gave up",556.5290583827796,,,
Car 49,,,,,5,switch,,"Charger 5 (fid=73) not available, trying Charger 0 (fid=308440)",558.7276380027448,0,,
Car 54,,,,,7,switch,,"Charger 7 (fid=31) not available, trying Charger 5 (fid=73)",559.4167768478346,5,,
Car 48,,,,,2,switch,,"Charger 2 (fid=307904) not available, trying Charger 3 (fid=307905)",560.6574812680624,3,,
Car 47,,,,,1,switch,,"Charger 1 (fid=308702) not available, trying Charger 4 (fid=308108)",561.2253069167398,4,,
Car 53,,,,,1,switch,,"Charger 1 (fid=308702) not available, trying Charger 0 (fid=308440)",561.7460566583846,0,,
Car 34,92.0,73,5,,,done,,done charging,563.0390359149264,,,188.1808241542504
Car 54,,73,5,,,start_charge,,starting to charge at Charger 5 (fid=73),563.6762141313695,,10.0,
Car 45,,,,,,gave_up,4,"no alternate charger available, gave up",564.520972823911,,,
Car 48,,,,,3,switch,,"Charger 3 (fid=307905) not available, trying Charger 4 (fid=308108)",565.9211074496264,4,,
Car 55,,,,4,,arrived,,arrived,566.699341576531,,,
Car 49,,,,,0,switch,,"Charger 0 (fid=308440) not available, trying Charger 1 (fid=308702)",567.9914170153226,1,,
Car 33,103.0,73,5,,,done,,done charging,569.1021398005199,,,216.14456321112897
Car 53,,,,,0,switch,,"Charger 0 (fid=308440) not available, trying Charger 7 (fid=31)",569.8565092857831,7,,
Car 56,,,,73,,arrived,,arrived,570.4764385512344,,,
Car 56,,73,5,,,start_charge,,starting to charge at Charger 5 (fid=73),570.4764385512344,,0.0,
Car 55,,,,,6,switch,,"Charger 6 (fid=60) not available, trying Charger 2 (fid=307904)",571.699341576531,2,,
Car 57,,,,23,,arrived,,arrived,572.4170164182194,,,
Car 58,,,,38,,arrived,,arrived,572.8464546797054,,,
Car 59,,,,7,,arrived,,arrived,573.0760347654331,,,
Car 48,,,,,,gave_up,4,"no alternate charger available, gave up",574.4435772958786,,,
Car 47,,,,,,gave_up,4,"no alternate charger available, gave up",574.6233830469871,,,
Car 60,,,,18,,arrived,,arrived,575.2570238505261,,,
Car 49,,,,,1,switch,,"Charger 1 (fid=308702) not available, trying Charger 7 (fid=31)",576.101869642721,7,,
Car 61,,,,6,,arrived,,arrived,576.191137677683,,,
Car 57,,,,,7,switch,,"Charger 7 (fid=31) not available, trying Charger 1 (fid=308702)",577.4170164182194,1,,
Car 53,,,,,7,switch,,"Charger 7 (fid=31) not available, trying Charger 4 (fid=308108)",577.7298153777515,4,,
Car 58,,,,,1,switch,,"Charger 1 (fid=308702) not available, trying Charger 5 (fid=73)",577.8464546797054,5,,
Car 59,,,,,4,switch,,"Charger 4 (fid=308108) not available, trying Charger 2 (fid=307904)",578.0760347654331,2,,
Car 38,87.0,308702,1,,,done,,done charging,578.7635739167843,,,270.1505183679593
Car 57,,308702,1,,,start_charge,,starting to charge at Charger 1 (fid=308702),578.7635739167843,,5.6431558995803925,
Car 60,,,,,0,switch,,"Charger 0 (fid=308440) not available, trying Charger 2 (fid=307904)",580.2570238505261,2,,
Car 55,,,,,2,switch,,"Charger 2 (fid=307904) not available, trying Charger 3 (fid=307905)",580.7014980892344,3,,
Car 61,,,,,6,switch,,"Charger 6 (fid=60) not available, trying Charger 2 (fid=307904)",581.191137677683,2,,
Car 49,,,,,,gave_up,7,"no alternate charger available, gave up",581.8052712417054,,,
Car 40,88.0,308108,4,,,done,,done charging,582.0493174743308,,,252.25969385824664
Car 62,,,,8,,arrived,,arrived,582.3936845920134,,,
Car 39,92.0,31,7,,,done,,done charging,583.6632109875761,,,288.4307942830711
Car 55,,,,,3,switch,,"Charger 3 (fid=307905) not available, trying Charger 4 (fid=308108)",585.9651242707985,4,,
Car 53,,308108,4,,,start_charge,,starting to charge at Charger 4 (fid=308108),586.4662568845907,,25.0,
Car 59,,,,,2,switch,,"Charger 2 (fid=307904) not available, trying Charger 3 (fid=307905)",586.5821677800644,3,,
Car 58,,,,,5,switch,,"Charger 5 (fid=73) not available, trying Charger 7 (fid=31)",586.7675265866484,7,,
Car 62,,,,,5,switch,,"Charger 5 (fid=73) not available, trying Charger 6 (fid=60)",587.3936845920134,6,,
Car 63,,,,54,,arrived,,arrived,588.8680117974801,,,
Car 60,,,,,2,switch,,"Charger 2 (fid=307904) not available, trying Charger 3 (fid=307905)",589.5935113494194,3,,
Car 61,,,,,2,switch,,"Charger 2 (fid=307904) not available, trying Charger 3 (fid=307905)",590.1932941903864,3,,
Car 58,,31,7,,,start_charge,,starting to charge at Charger 7 (fid=31),591.0269638701833,,10.0,
Car 59,,,,,3,switch,,"Charger 3 (fid=307905) not available, trying Charger 6 (fid=60)",591.8457939616285,6,,
Car 63,,,,,0,switch,,"Charger 0 (fid=308440) not available, trying Charger 5 (fid=73)",593.8680117974801,5,,
Car 30,91.0,308108,4,,,done,,done charging,593.9219582301354,,,775.2486607777283
Car 55,,308108,4,,,start_charge,,starting to charge at Charger 4 (fid=308108),593.9219582301354,,19.434364113084712,
Car 60,,,,,3,switch,,"Charger 3 (fid=307905) not available, trying Charger 5 (fid=73)",594.8571375309834,5,,
Car 62,,,,,6,switch,,"Charger 6 (fid=60) not available, trying Charger 1 (fid=308702)",595.4228736135329,1,,
Car 61,,,,,3,switch,,"Charger 3 (fid=307905) not available, trying Charger 5 (fid=73)",595.4569203719504,5,,
Car 64,,,,23,,arrived,,arrived,595.9700294536144,,,
Car 65,,,,72,,arrived,,arrived,597.830312758428,,,
Car 51,58.0,60,6,,,done,,done charging,598.4640254901435,,,293.72673876710047
Car 59,,60,6,,,start_charge,,starting to charge at Charger 6 (fid=60),598.4640254901435,,17.59973818419087,
Car 44,95.0,307905,3,,,done,,done charging,600.1951952277236,,,195.8532583149443
Car 64,,,,,7,switch,,"Charger 7 (fid=31) not available, trying Charger 1 (fid=308702)",600.9700294536144,1,,
Car 65,,,,,0,switch,,"Charger 0 (fid=308440) not available, trying Charger 7 (fid=31)",602.830312758428,7,,
Car 63,,,,,5,switch,,"Charger 5 (fid=73) not available, trying Charger 1 (fid=308702)",603.1317908100579,1,,
Car 60,,,,,5,switch,,"Charger 5 (fid=73) not available, trying Charger 6 (fid=60)",605.5032559024431,6,,
Car 62,,,,,1,switch,,"Charger 1 (fid=308702) not available, trying Charger 7 (fid=31)",606.0873262329894,7,,
Car 61,,,,,5,switch,,"Charger 5 (fid=73) not available, trying Charger 0 (fid=308440)",606.1030387434101,0,,
Car 64,,,,,1,switch,,"Charger 1 (fid=308702) not available, trying Charger 5 (fid=73)",606.6734310525989,5,,
Car 65,,,,,7,switch,,"Charger 7 (fid=31) not available, trying Charger 5 (fid=73)",610.7036188503964,5,,
Car 66,,,,44,,arrived,,arrived,611.2037716953333,,,
Car 29,116.0,308702,1,,,done,,done charging,611.3066758007712,,,370.0950148535841
Car 63,,308702,1,,,start_charge,,starting to charge at Charger 1 (fid=308702),611.3066758007712,,14.25381308377041,
Car 67,,,,21,,arrived,,arrived,611.3634797132613,,,
Car 62,,,,,7,switch,,"Charger 7 (fid=31) not available, trying Charger 0 (fid=308440)",611.7907278319739,0,,
Car 60,,,,,6,switch,,"Charger 6 (fid=60) not available, trying Charger 7 (fid=31)",613.5324449239627,7,,
Car 61,,,,,0,switch,,"Charger 0 (fid=308440) not available, trying Charger 4 (fid=308108)",615.3668177559879,4,,
Car 64,,,,,5,switch,,"Charger 5 (fid=73) not available, trying Charger 0 (fid=308440)",615.5945029595418,0,,
Car 66,,,,,7,switch,,"Charger 7 (fid=31) not available, trying Charger 1 (fid=308702)",616.2037716953333,1,,
Car 67,,,,,0,switch,,"Charger 0 (fid=308440) not available, trying Charger 7 (fid=31)",616.3634797132613,7,,
Car 68,,,,60,,arrived,,arrived,617.4197701441655,,,
Car 43,119.0,308440,0,,,done,,done charging,618.6295386235176,,,138.7101154122966
Car 62,,308440,0,,,start_charge,,starting to charge at Charger 0 (fid=308440),618.6295386235176,,23.965504699575376,
Car 50,87.0,308440,0,,,done,,done charging,619.6990970378783,,,167.28540777168132
Car 64,,308440,0,,,start_charge,,starting to charge at Charger 0 (fid=308440),619.8582819721196,,15.0,
Car 65,,,,,5,switch,,"Charger 5 (fid=73) not available, trying Charger 1 (fid=308702)",619.9630561339313,1,,
Car 66,,,,,1,switch,,"Charger 1 (fid=308702) not available, trying Charger 0 (fid=308440)",621.9071732943178,0,,
Car 68,,,,,6,switch,,"Charger 6 (fid=60) not available, trying Charger 5 (fid=73)",622.4197701441655,5,,
Car 54,59.0,73,5,,,done,,done charging,622.6762141313695,,,301.73087449833554
Car 69,,,,45,,arrived,,arrived,623.0940687583596,,,
Car 67,,,,,7,switch,,"Charger 7 (fid=31) not available, trying Charger 1 (fid=308702)",624.2367858052297,1,,
Car 60,,,,,7,switch,,"Charger 7 (fid=31) not available, trying Charger 1 (fid=308702)",624.535262920011,1,,
Car 68,,73,5,,,start_charge,,starting to charge at Charger 5 (fid=73),625.448959165685,,5.0,
Car 61,,,,,4,switch,,"Charger 4 (fid=308108) not available, trying Charger 1 (fid=308702)",627.7282767990357,1,,
Car 69,,,,,6,switch,,"Charger 6 (fid=60) not available, trying Charger 5 (fid=73)",628.0940687583596,5,,
Car 65,,,,,1,switch,,"Charger 1 (fid=308702) not available, trying Charger 2 (fid=307904)",628.8841280408743,2,,
Car 36,120.0,60,6,,,done,,done charging,628.9302972780796,,,302.4779826189035
Car 67,,,,,1,switch,,"Charger 1 (fid=308702) not available, trying Charger 5 (fid=73)",629.9401874042142,5,,
Car 66,,,,,0,switch,,"Charger 0 (fid=308440) not available, trying Charger 5 (fid=73)",630.0176259217162,5,,
Car 60,,,,,1,switch,,"Charger 1 (fid=308702) not available, trying Charger 4 (fid=308108)",630.2386645189954,4,,
Car 70,,,,9,,arrived,,arrived,634.5390608498933,,,
Car 71,,,,15,,arrived,,arrived,635.7772116949864,,,
Car 69,,,,,5,switch,,"Charger 5 (fid=73) not available, trying Charger 2 (fid=307904)",636.1232577798792,2,,
Car 72,,,,74,,arrived,,arrived,636.7663907921165,,,
Car 67,,,,,5,switch,,"Charger 5 (fid=73) not available, trying Charger 2 (fid=307904)",638.8612593111571,2,,
Car 66,,,,,5,switch,,"Charger 5 (fid=73) not available, trying Charger 6 (fid=60)",639.281404934294,6,,
Car 73,,,,10,,arrived,,arrived,639.3995633393778,,,
Car 70,,,,,5,switch,,"Charger 5 (fid=73) not available, trying Charger 6 (fid=60)",639.5390608498933,6,,
Car 65,,,,,2,switch,,"Charger 2 (fid=307904) not available, trying Charger 3 (fid=307905)",640.3719074190197,3,,
Car 65,,307905,3,,,start_charge,,starting to charge at Charger 3 (fid=307905),640.6355336005838,,25.0,
Car 71,,,,,4,switch,,"Charger 4 (fid=308108) not available, trying Charger 6 (fid=60)",640.7772116949864,6,,
Car 61,,,,,1,switch,,"Charger 1 (fid=308702) not available, trying Charger 7 (fid=31)",641.126352929283,7,,
Car 46,106.0,31,7,,,done,,done charging,641.6167823756623,,,354.81112571845796
Car 72,,,,,2,switch,,"Charger 2 (fid=307904) not available, trying Charger 3 (fid=307905)",641.7663907921165,3,,
Car 61,,31,7,,,start_charge,,starting to charge at Charger 7 (fid=31),641.8297545282675,,35.0,
Car 66,,60,6,,,start_charge,,starting to charge at Charger 6 (fid=60),642.3105939558135,,20.0,
Car 57,64.0,308702,1,,,done,,done charging,642.7635739167843,,,224.18422580958983
Car 60,,,,,,gave_up,4,"no alternate charger available, gave up",643.6367406492427,,,
Car 73,,,,,5,switch,,"Charger 5 (fid=73) not available, trying Charger 6 (fid=60)",644.3995633393778,6,,
Car 69,,,,,2,switch,,"Charger 2 (fid=307904) not available, trying Charger 3 (fid=307905)",646.753039319718,3,,
Car 72,,,,,3,switch,,"Charger 3 (fid=307905) not available, trying Charger 0 (fid=308440)",647.0300169736805,0,,
Car 70,,,,,6,switch,,"Charger 6 (fid=60) not available, trying Charger 0 (fid=308440)",647.5682498714128,0,,
Car 67,,,,,2,switch,,"Charger 2 (fid=307904) not available, trying Charger 3 (fid=307905)",649.491040850996,3,,
Car 71,,,,,6,switch,,"Charger 6 (fid=60) not available, trying Charger 2 (fid=307904)",649.999780056165,2,,
Car 69,,,,,3,switch,,"Charger 3 (fid=307905) not available, trying Charger 0 (fid=308440)",652.0166655012821,0,,
Car 73,,,,,6,switch,,"Charger 6 (fid=60) not available, trying Charger 1 (fid=308702)",652.4287523608973,1,,
Car 59,56.0,60,6,,,done,,done charging,654.4640254901435,,,336.86303303000426
Car 67,,,,,3,switch,,"Charger 3 (fid=307905) not available, trying Charger 6 (fid=60)",654.7546670325601,6,,
Car 52,106.0,307904,2,,,done,,done charging,656.1778712649618,,,377.18073547249116
Car 71,,307904,2,,,start_charge,,starting to charge at Charger 2 (fid=307904),656.1778712649618,,12.17593469609335,
Car 72,,,,,0,switch,,"Charger 0 (fid=308440) not available, trying Charger 6 (fid=60)",656.3828413041946,6,,
Car 70,,,,,0,switch,,"Charger 0 (fid=308440) not available, trying Charger 1 (fid=308702)",657.1960854036697,1,,
Car 56,87.0,73,5,,,done,,done charging,657.4764385512344,,,62.537028395157705
Car 73,,308702,1,,,start_charge,,starting to charge at Charger 1 (fid=308702),658.0932049803538,,10.0,
Car 67,,60,6,,,start_charge,,starting to charge at Charger 6 (fid=60),658.7731603768842,,30.0,
Car 69,,,,,0,switch,,"Charger 0 (fid=308440) not available, trying Charger 4 (fid=308108)",661.3694898317962,4,,
Car 62,46.0,308440,0,,,done,,done charging,664.6295386235176,,,465.61670218752363
Car 70,,,,,1,switch,,"Charger 1 (fid=308702) not available, trying Charger 7 (fid=31)",665.3065380310682,7,,
Car 74,,,,28,,arrived,,arrived,665.3894616717356,,,
Car 74,,308440,0,,,start_charge,,starting to charge at Charger 0 (fid=308440),665.3894616717356,,0.0,
Car 72,,,,,6,switch,,"Charger 6 (fid=60) not available, trying Charger 4 (fid=308108)",666.0106768364515,4,,
Car 70,,,,,7,switch,,"Charger 7 (fid=31) not available, trying Charger 4 (fid=308108)",671.0099396300526,4,,
Car 69,,,,,4,switch,,"Charger 4 (fid=308108) not available, trying Charger 1 (fid=308702)",673.730948874844,1,,
Car 53,88.0,308108,4,,,done,,done charging,674.4662568845907,,,528.0466743575304
Car 72,,308108,4,,,start_charge,,starting to charge at Charger 4 (fid=308108),674.4662568845907,,24.233011686960594,
Car 70,,,,,4,switch,,"Charger 4 (fid=308108) not available, trying Charger 2 (fid=307904)",684.7463811368918,2,,
Car 69,,,,,1,switch,,"Charger 1 (fid=308702) not available, trying Charger 7 (fid=31)",687.1290250050913,7,,
Car 75,,,,124,,arrived,,arrived,688.5918595205628,,,
Car 69,,,,,,gave_up,7,"no alternate charger available, gave up",692.8324266040757,,,
Car 55,99.0,308108,4,,,done,,done charging,692.9219582301354,,,313.955823227386
Car 70,,,,,2,switch,,"Charger 2 (fid=307904) not available, trying Charger 3 (fid=307905)",693.2525141515232,3,,
Car 75,,,,,0,switch,,"Charger 0 (fid=308440) not available, trying Charger 7 (fid=31)",693.5918595205628,7,,
Car 70,,,,,,gave_up,3,"no alternate charger available, gave up",698.5161403330873,,,
Car 75,,,,,7,switch,,"Charger 7 (fid=31) not available, trying Charger 1 (fid=308702)",701.4651656125312,1,,
Car 68,78.0,73,5,,,done,,done charging,703.448959165685,,,252.33144549257884
Car 71,48.0,307904,2,,,done,,done charging,704.1778712649618,,,440.47351647538386
Car 76,,,,62,,arrived,,arrived,705.4562353179862,,,
Car 75,,,,,1,switch,,"Charger 1 (fid=308702) not available, trying Charger 5 (fid=73)",707.1685672115157,5,,
Car 58,117.0,31,7,,,done,,done charging,708.0269638701833,,,249.7316785358544
Car 76,,,,,6,switch,,"Charger 6 (fid=60) not available, trying Charger 5 (fid=73)",710.4562353179862,5,,
Car 77,,,,18,,arrived,,arrived,710.5476133884109,,,
Car 75,,73,5,,,start_charge,,starting to charge at Charger 5 (fid=73),711.0896391184586,,15.0,
Car 78,,,,37,,arrived,,arrived,712.6062222493665,,,
Car 78,,73,5,,,start_charge,,starting to charge at Charger 5 (fid=73),712.6062222493665,,0.0,
Car 79,,,,9,,arrived,,arrived,713.8903872814727,,,
Car 66,72.0,60,6,,,done,,done charging,714.3105939558135,,,528.6806958111437
Car 61,73.0,31,7,,,done,,done charging,714.8297545282675,,,462.7712522378008
Car 80,,,,13,,arrived,,arrived,715.3849463892107,,,
Car 80,,31,7,,,start_charge,,starting to charge at Charger 7 (fid=31),715.3849463892107,,0.0,
Car 81,,,,63,,arrived,,arrived,715.4028609567769,,,
Car 77,,,,,0,switch,,"Charger 0 (fid=308440) not available, trying Charger 2 (fid=307904)",715.5476133884109,2,,
Car 76,,,,,5,switch,,"Charger 5 (fid=73) not available, trying Charger 2 (fid=307904)",718.4854243395057,2,,
Car 79,,,,,5,switch,,"Charger 5 (fid=73) not available, trying Charger 6 (fid=60)",718.8903872814727,6,,
Car 77,,307904,2,,,start_charge,,starting to charge at Charger 2 (fid=307904),719.8841008873042,,5.0,
Car 81,,,,,5,switch,,"Charger 5 (fid=73) not available, trying Charger 1 (fid=308702)",720.4028609567769,1,,
Car 64,102.0,308440,0,,,done,,done charging,721.8582819721196,,,401.95306091790155
Car 79,,60,6,,,start_charge,,starting to charge at Charger 6 (fid=60),721.9195763029923,,5.0,
Car 63,116.0,308702,1,,,done,,done charging,727.3066758007712,,,238.00146318427056
Car 81,,308702,1,,,start_charge,,starting to charge at Charger 1 (fid=308702),727.3066758007712,,7.982742937051398,
Car 73,70.0,308702,1,,,done,,done charging,728.0932049803538,,,467.77205602025805
Car 76,,,,,2,switch,,"Charger 2 (fid=307904) not available, trying Charger 3 (fid=307905)",729.1152058793446,3,,
Car 76,,,,,3,switch,,"Charger 3 (fid=307905) not available, trying Charger 0 (fid=308440)",734.3788320609086,0,,
Car 82,,,,4,,arrived,,arrived,736.5380472787276,,,
Car 76,,308440,0,,,start_charge,,starting to charge at Charger 0 (fid=308440),738.7316563914227,,20.0,
Car 82,,,,,5,switch,,"Charger 5 (fid=73) not available, trying Charger 1 (fid=308702)",741.5380472787276,1,,
Car 83,,,,68,,arrived,,arrived,743.4777630140775,,,
Car 82,,308702,1,,,start_charge,,starting to charge at Charger 1 (fid=308702),745.4591191856706,,5.0,
Car 84,,,,84,,arrived,,arrived,747.0337863978693,,,
Car 84,,308108,4,,,start_charge,,starting to charge at Charger 4 (fid=308108),747.0337863978693,,0.0,
Car 83,,,,,0,switch,,"Charger 0 (fid=308440) not available, trying Charger 7 (fid=31)",748.4777630140775,7,,
Car 67,92.0,60,6,,,done,,done charging,750.7731603768842,,,398.3259581651463
Car 83,,31,7,,,start_charge,,starting to charge at Charger 7 (fid=31),751.3510691060459,,5.0,
Car 85,,,,63,,arrived,,arrived,752.4359954968833,,,
Car 86,,,,56,,arrived,,arrived,754.7817006447364,,,
Car 87,,,,1,,arrived,,arrived,755.3880710118696,,,
Car 85,,,,,5,switch,,"Charger 5 (fid=73) not available, trying Charger 1 (fid=308702)",757.4359954968833,1,,
Car 65,119.0,307905,3,,,done,,done charging,759.6355336005838,,,318.6912544553779
Car 86,,,,,0,switch,,"Charger 0 (fid=308440) not available, trying Charger 5 (fid=73)",759.7817006447364,5,,
Car 87,,,,,2,switch,,"Charger 2 (fid=307904) not available, trying Charger 3 (fid=307905)",760.3880710118696,3,,
Car 74,95.0,308440,0,,,done,,done charging,760.3894616717356,,,197.2293398759669
Car 87,,307905,3,,,start_charge,,starting to charge at Charger 3 (fid=307905),760.6516971934336,,5.0,
Car 75,50.0,73,5,,,done,,done charging,761.0896391184586,,,359.8526243947614
Car 88,,,,81,,arrived,,arrived,762.3170039912644,,,
Car 86,,73,5,,,start_charge,,starting to charge at Charger 5 (fid=73),764.0454796573141,,5.0,
Car 85,,,,,1,switch,,"Charger 1 (fid=308702) not available, trying Charger 7 (fid=31)",766.3570674038262,7,,
Car 88,,,,,2,switch,,"Charger 2 (fid=307904) not available, trying Charger 3 (fid=307905)",767.3170039912644,3,,
Car 89,,,,55,,arrived,,arrived,768.6977225104727,,,
Car 89,,308440,0,,,start_charge,,starting to charge at Charger 0 (fid=308440),768.6977225104727,,0.0,
Car 90,,,,61,,arrived,,arrived,770.969157911182,,,
Car 90,,60,6,,,start_charge,,starting to charge at Charger 6 (fid=60),770.969157911182,,0.0,
Car 85,,,,,7,switch,,"Charger 7 (fid=31) not available, trying Charger 6 (fid=60)",772.0604690028107,6,,
Car 88,,,,,3,switch,,"Charger 3 (fid=307905) not available, trying Charger 6 (fid=60)",772.5806301728285,6,,
Car 91,,,,86,,arrived,,arrived,773.7023380456005,,,
Car 72,102.0,308108,4,,,done,,done charging,776.4662568845907,,,556.1187974651863
Car 91,,308108,4,,,start_charge,,starting to charge at Charger 4 (fid=308108),776.4662568845907,,2.7639188389902074,
Car 92,,,,33,,arrived,,arrived,776.9858923939272,,,
Car 77,58.0,307904,2,,,done,,done charging,777.8841008873042,,,278.2164119240978
Car 88,,,,,6,switch,,"Charger 6 (fid=60) not available, trying Charger 0 (fid=308440)",781.5991235171526,0,,
Car 92,,,,,0,switch,,"Charger 0 (fid=308440) not available, trying Charger 2 (fid=307904)",781.9858923939272,2,,
Car 85,,,,,6,switch,,"Charger 6 (fid=60) not available, trying Charger 0 (fid=308440)",783.063286998859,0,,
Car 93,,,,7,,arrived,,arrived,784.9423792917988,,,
Car 79,64.0,60,6,,,done,,done charging,785.9195763029923,,,220.30296197597224
Car 92,,307904,2,,,start_charge,,starting to charge at Charger 2 (fid=307904),786.3223798928204,,5.0,
Car 93,,,,,4,switch,,"Charger 4 (fid=308108) not available, trying Charger 2 (fid=307904)",789.9423792917988,2,,
Car 88,,,,,0,switch,,"Charger 0 (fid=308440) not available, trying Charger 4 (fid=308108)",791.2269590494095,4,,
Car 85,,,,,0,switch,,"Charger 0 (fid=308440) not available, trying Charger 2 (fid=307904)",792.6911225311159,2,,
Car 94,,,,54,,arrived,,arrived,794.5821373237113,,,
Car 93,,,,,2,switch,,"Charger 2 (fid=307904) not available, trying Charger 3 (fid=307905)",798.4485123064302,3,,
Car 94,,,,,0,switch,,"Charger 0 (fid=308440) not available, trying Charger 5 (fid=73)",799.5821373237113,5,,
Car 85,,,,,2,switch,,"Charger 2 (fid=307904) not available, trying Charger 3 (fid=307905)",802.0276100300091,3,,
Car 88,,,,,4,switch,,"Charger 4 (fid=308108) not available, trying Charger 5 (fid=73)",803.5884180924573,5,,
Car 93,,,,,3,switch,,"Charger 3 (fid=307905) not available, trying Charger 6 (fid=60)",803.7121384879943,6,,
Car 78,93.0,73,5,,,done,,done charging,805.6062222493665,,,89.51947773328097
Car 94,,73,5,,,start_charge,,starting to charge at Charger 5 (fid=73),805.6062222493665,,6.760305913077445,
Car 85,,,,,3,switch,,"Charger 3 (fid=307905) not available, trying Charger 4 (fid=308108)",807.2912362115732,4,,
Car 93,,60,6,,,start_charge,,starting to charge at Charger 6 (fid=60),807.7306318323184,,15.0,
Car 95,,,,7,,arrived,,arrived,809.18665211815,,,
Car 76,72.0,308440,0,,,done,,done charging,810.7316563914227,,,364.34464245363745
Car 95,,,,,4,switch,,"Charger 4 (fid=308108) not available, trying Charger 2 (fid=307904)",814.18665211815,2,,
Car 88,,,,,5,switch,,"Charger 5 (fid=73) not available, trying Charger 1 (fid=308702)",814.8215090731422,1,,
Car 85,,,,,,gave_up,4,"no alternate charger available, gave up",815.8137060578254,,,
Car 96,,,,4,,arrived,,arrived,816.7669863024428,,,
Car 89,49.0,308440,0,,,done,,done charging,817.6977225104727,,,147.4353700501166
Car 97,,,,74,,arrived,,arrived,817.8088404246884,,,
Car 98,,,,37,,arrived,,arrived,819.6147227173433,,,
Car 96,,,,,6,switch,,"Charger 6 (fid=60) not available, trying Charger 2 (fid=307904)",821.7669863024428,2,,
Car 80,107.0,31,7,,,done,,done charging,822.3849463892107,,,162.1054987224458
Car 95,,,,,2,switch,,"Charger 2 (fid=307904) not available, trying Charger 3 (fid=307905)",822.6927851327814,3,,
Car 97,,,,,2,switch,,"Charger 2 (fid=307904) not available, trying Charger 3 (fid=307905)",822.8088404246884,3,,
Car 81,96.0,308702,1,,,done,,done charging,823.3066758007712,,,306.94508439785955
Car 88,,308702,1,,,start_charge,,starting to charge at Charger 1 (fid=308702),823.3066758007712,,34.56409482068602,
Car 99,,,,78,,arrived,,arrived,823.8893532474509,,,
Car 98,,,,,5,switch,,"Charger 5 (fid=73) not available, trying Charger 1 (fid=308702)",824.6147227173433,1,,
Car 100,,,,33,,arrived,,arrived,827.5995050478134,,,
Car 100,,31,7,,,start_charge,,starting to charge at Charger 7 (fid=31),827.5995050478134,,0.0,
Car 95,,,,,3,switch,,"Charger 3 (fid=307905) not available, trying Charger 6 (fid=60)",827.9564113143455,6,,
Car 97,,,,,3,switch,,"Charger 3 (fid=307905) not available, trying Charger 0 (fid=308440)",828.0724666062524,0,,
Car 99,,,,,5,switch,,"Charger 5 (fid=73) not available, trying Charger 6 (fid=60)",828.8893532474509,6,,
Car 101,,,,38,,arrived,,arrived,830.7046545402909,,,
Car 96,,,,,2,switch,,"Charger 2 (fid=307904) not available, trying Charger 3 (fid=307905)",830.7691428151462,3,,
Car 97,,308440,0,,,start_charge,,starting to charge at Charger 0 (fid=308440),832.4252909367665,,10.0,
Car 84,86.0,308108,4,,,done,,done charging,833.0337863978693,,,209.67160601707343
Car 98,,,,,1,switch,,"Charger 1 (fid=308702) not available, trying Charger 6 (fid=60)",833.5357946242863,6,,
Car 87,73.0,307905,3,,,done,,done charging,833.6516971934336,,,100.47565973158879
Car 96,,307905,3,,,start_charge,,starting to charge at Charger 3 (fid=307905),833.6516971934336,,12.618928196723346,
Car 86,70.0,73,5,,,done,,done charging,834.0454796573141,,,313.01033496396064
Car 102,,,,54,,arrived,,arrived,835.0164730768473,,,
Car 102,,308440,0,,,start_charge,,starting to charge at Charger 0 (fid=308440),835.0164730768473,,0.0,
Car 101,,,,,1,switch,,"Charger 1 (fid=308702) not available, trying Charger 5 (fid=73)",835.7046545402909,5,,
Car 99,,,,,6,switch,,"Charger 6 (fid=60) not available, trying Charger 7 (fid=31)",836.9185422689704,7,,
Car 95,,,,,6,switch,,"Charger 6 (fid=60) not available, trying Charger 5 (fid=73)",836.9749046586696,5,,
Car 101,,73,5,,,start_charge,,starting to charge at Charger 5 (fid=73),839.6257264472339,,5.0,
Car 103,,,,8,,arrived,,arrived,839.7754703612144,,,
Car 91,64.0,308108,4,,,done,,done charging,840.4662568845907,,,197.66507202966864
Car 98,,,,,6,switch,,"Charger 6 (fid=60) not available, trying Charger 7 (fid=31)",844.2002472437428,7,,
Car 82,99.0,308702,1,,,done,,done charging,844.4591191856706,,,278.98134534098097
Car 103,,,,,5,switch,,"Charger 5 (fid=73) not available, trying Charger 6 (fid=60)",844.7754703612144,6,,
Car 95,,,,,5,switch,,"Charger 5 (fid=73) not available, trying Charger 0 (fid=308440)",845.0040936801892,0,,
Car 104,,,,74,,arrived,,arrived,846.0364512129657,,,
Car 105,,,,73,,arrived,,arrived,847.0280575925111,,,
Car 99,,,,,7,switch,,"Charger 7 (fid=31) not available, trying Charger 0 (fid=308440)",847.9213602650187,0,,
Car 90,77.0,60,6,,,done,,done charging,847.969157911182,,,183.80015979036583
Car 103,,60,6,,,start_charge,,starting to charge at Charger 6 (fid=60),847.969157911182,,5.164498528448121,
Car 106,,,,32,,arrived,,arrived,848.7815093347382,,,
Car 104,,,,,2,switch,,"Charger 2 (fid=307904) not available, trying Charger 3 (fid=307905)",851.0364512129657,3,,
Car 105,,,,,5,switch,,"Charger 5 (fid=73) not available, trying Charger 6 (fid=60)",852.0280575925111,6,,
Car 107,,,,83,,arrived,,arrived,853.2276322120697,,,
Car 106,,,,,0,switch,,"Charger 0 (fid=308440) not available, trying Charger 2 (fid=307904)",853.7815093347382,2,,
Car 95,,,,,0,switch,,"Charger 0 (fid=308440) not available, trying Charger 1 (fid=308702)",854.2678726927669,1,,
Car 98,,,,,7,switch,,"Charger 7 (fid=31) not available, trying Charger 0 (fid=308440)",855.203065239791,0,,
Car 99,,,,,0,switch,,"Charger 0 (fid=308440) not available, trying Charger 1 (fid=308702)",855.7946663569871,1,,
Car 104,,,,,3,switch,,"Charger 3 (fid=307905) not available, trying Charger 0 (fid=308440)",856.3000773945298,0,,
Car 95,,308702,1,,,start_charge,,starting to charge at Charger 1 (fid=308702),857.3783253201653,,30.0,
Car 107,,,,,2,switch,,"Charger 2 (fid=307904) not available, trying Charger 3 (fid=307905)",858.2276322120697,3,,
Car 83,108.0,31,7,,,done,,done charging,859.3510691060459,,,242.77065176633693
Car 108,,,,87,,arrived,,arrived,859.9521689531794,,,
Car 108,,308108,4,,,start_charge,,starting to charge at Charger 4 (fid=308108),859.9521689531794,,0.0,
Car 105,,,,,6,switch,,"Charger 6 (fid=60) not available, trying Charger 1 (fid=308702)",860.0572466140306,1,,
Car 94,55.0,73,5,,,done,,done charging,860.6062222493665,,,192.755012807443
Car 98,,,,,0,switch,,"Charger 0 (fid=308440) not available, trying Charger 2 (fid=307904)",863.0763713317594,2,,
Car 106,,,,,2,switch,,"Charger 2 (fid=307904) not available, trying Charger 3 (fid=307905)",863.1179968336314,3,,
Car 107,,,,,3,switch,,"Charger 3 (fid=307905) not available, trying Charger 0 (fid=308440)",863.4912583936338,0,,
Car 99,,,,,1,switch,,"Charger 1 (fid=308702) not available, trying Charger 4 (fid=308108)",863.9051189843856,4,,
Car 104,,,,,0,switch,,"Charger 0 (fid=308440) not available, trying Charger 6 (fid=60)",865.6529017250439,6,,
Car 106,,,,,3,switch,,"Charger 3 (fid=307905) not available, trying Charger 5 (fid=73)",868.3816230151955,5,,
Car 105,,,,,1,switch,,"Charger 1 (fid=308702) not available, trying Charger 7 (fid=31)",870.7216992334871,7,,
Car 105,,31,7,,,start_charge,,starting to charge at Charger 7 (fid=31),871.4251008324716,,15.0,
Car 99,,308108,4,,,start_charge,,starting to charge at Charger 4 (fid=308108),872.3031951146329,,25.0,
Car 98,,,,,2,switch,,"Charger 2 (fid=307904) not available, trying Charger 3 (fid=307905)",872.4128588306527,3,,
Car 107,,,,,0,switch,,"Charger 0 (fid=308440) not available, trying Charger 6 (fid=60)",872.8440827241478,6,,
Car 106,,73,5,,,start_charge,,starting to charge at Charger 5 (fid=73),874.0277413866552,,15.0,
Car 104,,,,,6,switch,,"Charger 6 (fid=60) not available, trying Charger 4 (fid=308108)",875.2807372573008,4,,
Car 98,,,,,3,switch,,"Charger 3 (fid=307905) not available, trying Charger 4 (fid=308108)",877.6764850122167,4,,
Car 97,46.0,308440,0,,,done,,done charging,878.4252909367665,,,447.05119613020776
Car 109,,,,61,,arrived,,arrived,881.8602384114744,,,
Car 107,,,,,6,switch,,"Charger 6 (fid=60) not available, trying Charger 4 (fid=308108)",882.4719182564047,4,,
Car 104,,,,,4,switch,,"Charger 4 (fid=308108) not available, trying Charger 7 (fid=31)",884.5033056184794,7,,
Car 98,,,,,,gave_up,4,"no alternate charger available, gave up",886.1989548584689,,,
Car 109,,,,,6,switch,,"Charger 6 (fid=60) not available, trying Charger 5 (fid=73)",886.8602384114744,5,,
Car 110,,,,88,,arrived,,arrived,887.6749783026346,,,
Car 111,,,,65,,arrived,,arrived,888.9547857920196,,,
Car 107,,,,,4,switch,,"Charger 4 (fid=308108) not available, trying Charger 7 (fid=31)",891.6944866175834,7,,
Car 110,,,,,4,switch,,"Charger 4 (fid=308108) not available, trying Charger 2 (fid=307904)",892.6749783026346,2,,
Car 111,,,,,5,switch,,"Charger 5 (fid=73) not available, trying Charger 1 (fid=308702)",893.9547857920196,1,,
Car 96,61.0,307905,3,,,done,,done charging,894.6516971934336,,,201.90547756079454
Car 109,,,,,5,switch,,"Charger 5 (fid=73) not available, trying Charger 4 (fid=308108)",894.8894274329939,4,,
Car 104,,,,,7,switch,,"Charger 7 (fid=31) not available, trying Charger 1 (fid=308702)",898.2397471253187,1,,
Car 110,,,,,2,switch,,"Charger 2 (fid=307904) not available, trying Charger 3 (fid=307905)",901.181111317266,3,,
Car 110,,307905,3,,,start_charge,,starting to charge at Charger 3 (fid=307905),901.44473749883,,10.0,
Car 112,,,,73,,arrived,,arrived,901.6018076797324,,,
Car 113,,,,54,,arrived,,arrived,902.7140440719368,,,
Car 113,,308440,0,,,start_charge,,starting to charge at Charger 0 (fid=308440),902.7140440719368,,0.0,
Car 111,,,,,1,switch,,"Charger 1 (fid=308702) not available, trying Charger 7 (fid=31)",902.8758576989626,7,,
Car 104,,,,,1,switch,,"Charger 1 (fid=308702) not available, trying Charger 5 (fid=73)",903.9431487243031,5,,
Car 92,119.0,307904,2,,,done,,done charging,905.3223798928204,,,242.2397620738259
Car 107,,,,,7,switch,,"Charger 7 (fid=31) not available, trying Charger 1 (fid=308702)",905.4309281244226,1,,
Car 109,,,,,4,switch,,"Charger 4 (fid=308108) not available, trying Charger 2 (fid=307904)",906.1225184136788,2,,
Car 112,,,,,5,switch,,"Charger 5 (fid=73) not available, trying Charger 6 (fid=60)",906.6018076797324,6,,
Car 95,50.0,308702,1,,,done,,done charging,907.3783253201653,,,622.3455894412435
Car 107,,308702,1,,,start_charge,,starting to charge at Charger 1 (fid=308702),907.3783253201653,,31.243995596758282,
Car 88,85.0,308702,1,,,done,,done charging,908.3066758007712,,,473.4237982569044
Car 111,,,,,7,switch,,"Charger 7 (fid=31) not available, trying Charger 6 (fid=60)",908.579259297947,6,,
Car 109,,307904,2,,,start_charge,,starting to charge at Charger 2 (fid=307904),909.6286514283101,,15.0,
Car 93,105.0,60,6,,,done,,done charging,912.7306318323184,,,336.86303303000426
Car 112,,60,6,,,start_charge,,starting to charge at Charger 6 (fid=60),912.7306318323184,,8.09963513106652,
Car 104,,,,,,gave_up,5,"no alternate charger available, gave up",912.8642206312461,,,
Car 111,,,,,6,switch,,"Charger 6 (fid=60) not available, trying Charger 0 (fid=308440)",919.5820772939953,0,,
Car 105,54.0,31,7,,,done,,done charging,925.4251008324716,,,354.81112571845796
Car 111,,,,,0,switch,,"Charger 0 (fid=308440) not available, trying Charger 2 (fid=307904)",929.2099128262522,2,,
Car 100,103.0,31,7,,,done,,done charging,930.5995050478134,,,126.98757954898174
Car 114,,,,37,,arrived,,arrived,932.0518780956435,,,
Car 115,,,,90,,arrived,,arrived,934.43196220735,,,
Car 116,,,,77,,arrived,,arrived,936.3803050652531,,,
Car 114,,,,,5,switch,,"Charger 5 (fid=73) not available, trying Charger 1 (fid=308702)",937.0518780956435,1,,
Car 99,65.0,308108,4,,,done,,done charging,937.3031951146329,,,568.8836148174486
Car 115,,308108,4,,,start_charge,,starting to charge at Charger 4 (fid=308108),937.3031951146329,,2.871232907282888,
Car 117,,,,79,,arrived,,arrived,938.0999945946875,,,
Car 111,,,,,2,switch,,"Charger 2 (fid=307904) not available, trying Charger 3 (fid=307905)",938.5464003251454,3,,
Car 118,,,,14,,arrived,,arrived,940.8353479537354,,,
Car 114,,308702,1,,,start_charge,,starting to charge at Charger 1 (fid=308702),940.9729500025865,,5.0,
Car 116,,,,,6,switch,,"Charger 6 (fid=60) not available, trying Charger 4 (fid=308108)",941.3803050652531,4,,
Car 117,,,,,2,switch,,"Charger 2 (fid=307904) not available, trying Charger 3 (fid=307905)",943.0999945946875,3,,
Car 111,,,,,3,switch,,"Charger 3 (fid=307905) not available, trying Charger 4 (fid=308108)",943.8100265067095,4,,
Car 106,71.0,73,5,,,done,,done charging,945.0277413866552,,,301.8170691248872
Car 118,,,,,0,switch,,"Charger 0 (fid=308440) not available, trying Charger 2 (fid=307904)",945.8353479537354,2,,
Car 102,112.0,308440,0,,,done,,done charging,947.0164730768473,,,186.2715086920258
Car 117,,,,,3,switch,,"Charger 3 (fid=307905) not available, trying Charger 0 (fid=308440)",948.3636207762515,0,,
Car 101,109.0,73,5,,,done,,done charging,948.6257264472339,,,238.6753192483992
Car 116,,,,,4,switch,,"Charger 4 (fid=308108) not available, trying Charger 2 (fid=307904)",950.6028734264318,2,,
Car 111,,,,,,gave_up,4,"no alternate charger available, gave up",952.3324963529617,,,
Car 117,,308440,0,,,start_charge,,starting to charge at Charger 0 (fid=308440),952.7164451067656,,10.0,
Car 119,,,,24,,arrived,,arrived,954.6009608819423,,,
Car 118,,,,,2,switch,,"Charger 2 (fid=307904) not available, trying Charger 3 (fid=307905)",955.1718354526287,3,,
Car 112,45.0,60,6,,,done,,done charging,957.7306318323184,,,252.3314454925788
Car 116,,,,,2,switch,,"Charger 2 (fid=307904) not available, trying Charger 3 (fid=307905)",959.1090064410631,3,,
Car 119,,,,,0,switch,,"Charger 0 (fid=308440) not available, trying Charger 2 (fid=307904)",959.6009608819423,2,,
Car 118,,,,,3,switch,,"Charger 3 (fid=307905) not available, trying Charger 5 (fid=73)",960.4354616341927,5,,
Car 120,,,,6,,arrived,,arrived,961.2981905913015,,,
Car 120,,60,6,,,start_charge,,starting to charge at Charger 6 (fid=60),961.2981905913015,,0.0,
Car 121,,,,51,,arrived,,arrived,962.1835222566891,,,
Car 116,,,,,3,switch,,"Charger 3 (fid=307905) not available, trying Charger 5 (fid=73)",964.3726326226272,5,,
Car 108,106.0,308108,4,,,done,,done charging,965.9521689531794,,,190.81237011260845
Car 103,118.0,60,6,,,done,,done charging,965.969157911182,,,293.72673876710047
Car 121,,60,6,,,start_charge,,starting to charge at Charger 6 (fid=60),965.969157911182,,3.7856356544929213,
Car 118,,73,5,,,start_charge,,starting to charge at Charger 5 (fid=73),966.0815800056524,,15.0,
Car 122,,,,52,,arrived,,arrived,967.4337098654659,,,
Car 119,,,,,2,switch,,"Charger 2 (fid=307904) not available, trying Charger 3 (fid=307905)",968.9374483808356,3,,
Car 116,,73,5,,,start_charge,,starting to charge at Charger 5 (fid=73),970.0187509940869,,20.0,
Car 123,,,,67,,arrived,,arrived,971.0983164838462,,,
Car 122,,,,,2,switch,,"Charger 2 (fid=307904) not available, trying Charger 3 (fid=307905)",972.4337098654659,3,,
Car 124,,,,79,,arrived,,arrived,972.6345905931988,,,
Car 119,,,,,3,switch,,"Charger 3 (fid=307905) not available, trying Charger 7 (fid=31)",974.2010745623996,7,,
Car 110,74.0,307905,3,,,done,,done charging,975.44473749883,,,253.8173352581834
Car 122,,307905,3,,,start_charge,,starting to charge at Charger 3 (fid=307905),975.44473749883,,7.747401451800101,
Car 123,,,,,1,switch,,"Charger 1 (fid=308702) not available, trying Charger 5 (fid=73)",976.0983164838462,5,,
Car 124,,,,,2,switch,,"Charger 2 (fid=307904) not available, trying Charger 3 (fid=307905)",977.6345905931988,3,,
Car 119,,31,7,,,start_charge,,starting to charge at Charger 7 (fid=31),980.9144864962439,,15.0,
Car 125,,,,42,,arrived,,arrived,982.2083964201113,,,
Car 124,,,,,3,switch,,"Charger 3 (fid=307905) not available, trying Charger 0 (fid=308440)",982.8982167747629,0,,
Car 126,,,,39,,arrived,,arrived,983.4725645593696,,,
Car 123,,,,,5,switch,,"Charger 5 (fid=73) not available, trying Charger 7 (fid=31)",985.0193883907892,7,,
Car 113,83.0,308440,0,,,done,,done charging,985.7140440719368,,,186.2715086920258
Car 125,,,,,1,switch,,"Charger 1 (fid=308702) not available, trying Charger 7 (fid=31)",987.2083964201113,7,,
Car 124,,308440,0,,,start_charge,,starting to charge at Charger 0 (fid=308440),987.251041105277,,10.0,
Car 125,,31,7,,,start_charge,,starting to charge at Charger 7 (fid=31),987.9117980190957,,5.0,
Car 126,,,,,6,switch,,"Charger 6 (fid=60) not available, trying Charger 5 (fid=73)",988.4725645593696,5,,
Car 123,,,,,7,switch,,"Charger 7 (fid=31) not available, trying Charger 0 (fid=308440)",994.2788256743241,0,,
Car 127,,,,8,,arrived,,arrived,994.5571768818925,,,
Car 126,,,,,5,switch,,"Charger 5 (fid=73) not available, trying Charger 4 (fid=308108)",996.5017535808892,4,,
Car 127,,,,,5,switch,,"Charger 5 (fid=73) not available, trying Charger 6 (fid=60)",999.5571768818925,6,,
Car 123,,,,,0,switch,,"Charger 0 (fid=308440) not available, trying Charger 6 (fid=60)",1002.1521317662925,6,,
Car 126,,308108,4,,,start_charge,,starting to charge at Charger 4 (fid=308108),1002.734844561574,,10.0,
Car 109,94.0,307904,2,,,done,,done charging,1003.6286514283101,,,470.8429619798091
Car 107,98.0,308702,1,,,done,,done charging,1005.3783253201653,,,647.9463691693021
Car 127,,,,,6,switch,,"Charger 6 (fid=60) not available, trying Charger 1 (fid=308702)",1007.586365903412,1,,
Car 123,,,,,6,switch,,"Charger 6 (fid=60) not available, trying Charger 2 (fid=307904)",1011.7799672985494,2,,
Car 127,,308702,1,,,start_charge,,starting to charge at Charger 1 (fid=308702),1013.2508185228685,,10.0,
Car 121,49.0,60,6,,,done,,done charging,1014.969157911182,,,217.96398864473332
Car 123,,307904,2,,,start_charge,,starting to charge at Charger 2 (fid=307904),1015.7821238112529,,25.0,
Car 128,,,,3,,arrived,,arrived,1017.6618768143767,,,
Car 114,77.0,308702,1,,,done,,done charging,1017.9729500025865,,,270.1505183679593
Car 118,52.0,73,5,,,done,,done charging,1018.0815800056524,,,293.0378167106464
Car 129,,,,63,,arrived,,arrived,1018.8309990388361,,,
Car 129,,73,5,,,start_charge,,starting to charge at Charger 5 (fid=73),1018.8309990388361,,0.0,
Car 130,,,,70,,arrived,,arrived,1021.3669545401195,,,
Car 131,,,,18,,arrived,,arrived,1022.3627224250815,,,
Car 128,,,,,2,switch,,"Charger 2 (fid=307904) not available, trying Charger 3 (fid=307905)",1022.6618768143767,3,,
Car 132,,,,9,,arrived,,arrived,1026.055274471338,,,
Car 133,,,,61,,arrived,,arrived,1026.09001316245,,,
Car 133,,60,6,,,start_charge,,starting to charge at Charger 6 (fid=60),1026.09001316245,,0.0,
Car 130,,,,,0,switch,,"Charger 0 (fid=308440) not available, trying Charger 7 (fid=31)",1026.3669545401194,7,,
Car 131,,,,,0,switch,,"Charger 0 (fid=308440) not available, trying Charger 2 (fid=307904)",1027.3627224250815,2,,
Car 128,,,,,3,switch,,"Charger 3 (fid=307905) not available, trying Charger 0 (fid=308440)",1027.9255029959409,0,,
Car 134,,,,62,,arrived,,arrived,1030.8190740917812,,,
Car 132,,,,,5,switch,,"Charger 5 (fid=73) not available, trying Charger 6 (fid=60)",1031.055274471338,6,,
Car 135,,,,65,,arrived,,arrived,1031.9613474280238,,,
Car 136,,,,77,,arrived,,arrived,1033.249756278979,,,
Car 130,,,,,7,switch,,"Charger 7 (fid=31) not available, trying Charger 5 (fid=73)",1034.240260632088,5,,
Car 137,,,,31,,arrived,,arrived,1035.59519338757,,,
Car 134,,,,,6,switch,,"Charger 6 (fid=60) not available, trying Charger 5 (fid=73)",1035.8190740917812,5,,
Car 131,,,,,2,switch,,"Charger 2 (fid=307904) not available, trying Charger 3 (fid=307905)",1036.6992099239749,3,,
Car 135,,,,,5,switch,,"Charger 5 (fid=73) not available, trying Charger 1 (fid=308702)",1036.9613474280238,1,,
Car 128,,,,,0,switch,,"Charger 0 (fid=308440) not available, trying Charger 6 (fid=60)",1037.278327326455,6,,
Car 136,,,,,6,switch,,"Charger 6 (fid=60) not available, trying Charger 4 (fid=308108)",1038.249756278979,4,,
Car 122,63.0,307905,3,,,done,,done charging,1038.44473749883,,,142.98481899365913
Car 131,,307905,3,,,start_charge,,starting to charge at Charger 3 (fid=307905),1038.44473749883,,11.481901393290855,
Car 132,,,,,6,switch,,"Charger 6 (fid=60) not available, trying Charger 0 (fid=308440)",1039.0844634928576,0,,
Car 137,,,,,7,switch,,"Charger 7 (fid=31) not available, trying Charger 1 (fid=308702)",1040.59519338757,1,,
Car 135,,308702,1,,,start_charge,,starting to charge at Charger 1 (fid=308702),1040.882419334967,,5.0,
Car 138,,,,78,,arrived,,arrived,1041.017638043792,,,
Car 139,,,,54,,arrived,,arrived,1041.513318078696,,,
Car 119,61.0,31,7,,,done,,done charging,1041.9144864962439,,,320.9668943690992
Car 130,,,,,5,switch,,"Charger 5 (fid=73) not available, trying Charger 1 (fid=308702)",1043.4996979156228,1,,
Car 134,,,,,5,switch,,"Charger 5 (fid=73) not available, trying Charger 2 (fid=307904)",1043.8482631133008,2,,
Car 115,108.0,308108,4,,,done,,done charging,1045.303195114633,,,168.26750078053544
Car 136,,308108,4,,,start_charge,,starting to charge at Charger 4 (fid=308108),1045.303195114633,,7.830870474475205,
Car 140,,,,4,,arrived,,arrived,1045.537129918009,,,
Car 138,,,,,5,switch,,"Charger 5 (fid=73) not available, trying Charger 6 (fid=60)",1046.017638043792,6,,
Car 137,,,,,1,switch,,"Charger 1 (fid=308702) not available, trying Charger 0 (fid=308440)",1046.2985949865545,0,,
Car 139,,,,,0,switch,,"Charger 0 (fid=308440) not available, trying Charger 5 (fid=73)",1046.513318078696,5,,
Car 117,94.0,308440,0,,,done,,done charging,1046.7164451067656,,,267.98194255167226
Car 132,,308440,0,,,start_charge,,starting to charge at Charger 0 (fid=308440),1046.7164451067656,,13.004146081651015,
Car 128,,,,,6,switch,,"Charger 6 (fid=60) not available, trying Charger 4 (fid=308108)",1046.906162858712,4,,
Car 120,87.0,60,6,,,done,,done charging,1048.2981905913016,,,195.7433552035399
Car 140,,60,6,,,start_charge,,starting to charge at Charger 6 (fid=60),1048.2981905913016,,2.7610606732926044,
Car 141,,,,46,,arrived,,arrived,1050.2181903125932,,,
Car 124,64.0,308440,0,,,done,,done charging,1051.251041105277,,,267.98194255167226
Car 137,,308440,0,,,start_charge,,starting to charge at Charger 0 (fid=308440),1051.251041105277,,11.841993491324047,
Car 130,,,,,1,switch,,"Charger 1 (fid=308702) not available, trying Charger 2 (fid=307904)",1052.420769822566,2,,
Car 116,83.0,73,5,,,done,,done charging,1053.018750994087,,,370.9280935506263
Car 139,,73,5,,,start_charge,,starting to charge at Charger 5 (fid=73),1053.018750994087,,7.241653902813141,
Car 138,,,,,6,switch,,"Charger 6 (fid=60) not available, trying Charger 7 (fid=31)",1054.0468270653116,7,,
Car 134,,,,,2,switch,,"Charger 2 (fid=307904) not available, trying Charger 3 (fid=307905)",1054.4780446531397,3,,
Car 141,,,,,1,switch,,"Charger 1 (fid=308702) not available, trying Charger 7 (fid=31)",1055.2181903125932,7,,
Car 141,,31,7,,,start_charge,,starting to charge at Charger 7 (fid=31),1055.9215919115777,,5.0,
Car 128,,,,,4,switch,,"Charger 4 (fid=308108) not available, trying Charger 7 (fid=31)",1056.1287312198906,7,,
Car 142,,,,48,,arrived,,arrived,1058.8155431901193,,,
Car 134,,,,,3,switch,,"Charger 3 (fid=307905) not available, trying Charger 0 (fid=308440)",1059.7416708347039,0,,
Car 142,,,,,7,switch,,"Charger 7 (fid=31) not available, trying Charger 1 (fid=308702)",1063.8155431901193,1,,
Car 143,,,,30,,arrived,,arrived,1063.8958983735217,,,
Car 130,,,,,2,switch,,"Charger 2 (fid=307904) not available, trying Charger 3 (fid=307905)",1063.9085492007114,3,,
Car 127,51.0,308702,1,,,done,,done charging,1064.2508185228685,,,403.9345218681997
Car 142,,308702,1,,,start_charge,,starting to charge at Charger 1 (fid=308702),1064.518944789104,,5.0,
Car 138,,,,,7,switch,,"Charger 7 (fid=31) not available, trying Charger 0 (fid=308440)",1065.04964506136,0,,
Car 144,,,,52,,arrived,,arrived,1068.044795421251,,,
Car 143,,,,,7,switch,,"Charger 7 (fid=31) not available, trying Charger 1 (fid=308702)",1068.8958983735217,1,,
Car 134,,,,,0,switch,,"Charger 0 (fid=308440) not available, trying Charger 4 (fid=308108)",1069.094495165218,4,,
Car 130,,,,,3,switch,,"Charger 3 (fid=307905) not available, trying Charger 6 (fid=60)",1069.1721753822756,6,,
Car 128,,,,,7,switch,,"Charger 7 (fid=31) not available, trying Charger 1 (fid=308702)",1069.8651727267297,1,,
Car 123,55.0,307904,2,,,done,,done charging,1070.7821238112529,,,428.10983954281954
Car 144,,307904,2,,,start_charge,,starting to charge at Charger 2 (fid=307904),1070.7821238112529,,2.7373283900019487,
Car 138,,,,,0,switch,,"Charger 0 (fid=308440) not available, trying Charger 1 (fid=308702)",1072.9229511533285,1,,
Car 143,,,,,1,switch,,"Charger 1 (fid=308702) not available, trying Charger 0 (fid=308440)",1074.5992999725063,0,,
Car 128,,,,,1,switch,,"Charger 1 (fid=308702) not available, trying Charger 5 (fid=73)",1075.5685743257143,5,,
Car 145,,,,28,,arrived,,arrived,1076.2181495186749,,,
Car 125,90.0,31,7,,,done,,done charging,1077.9117980190958,,,104.4043766703916
Car 145,,31,7,,,start_charge,,starting to charge at Charger 7 (fid=31),1077.9117980190958,,1.6936485004209771,
Car 133,52.0,60,6,,,done,,done charging,1078.09001316245,,,183.80015979036583
Car 130,,60,6,,,start_charge,,starting to charge at Charger 6 (fid=60),1078.09001316245,,34.89934443585014,
Car 146,,,,60,,arrived,,arrived,1079.29410892335,,,
Car 129,61.0,73,5,,,done,,done charging,1079.8309990388361,,,216.14456321112897
Car 128,,73,5,,,start_charge,,starting to charge at Charger 5 (fid=73),1079.8309990388361,,35.34135280617886,
Car 138,,,,,1,switch,,"Charger 1 (fid=308702) not available, trying Charger 4 (fid=308108)",1081.033403780727,4,,
Car 134,,,,,4,switch,,"Charger 4 (fid=308108) not available, trying Charger 1 (fid=308702)",1081.4559542082657,1,,
Car 143,,,,,0,switch,,"Charger 0 (fid=308440) not available, trying Charger 5 (fid=73)",1082.7097525999047,5,,
Car 147,,,,22,,arrived,,arrived,1083.48305662959,,,
Car 146,,,,,6,switch,,"Charger 6 (fid=60) not available, trying Charger 5 (fid=73)",1084.29410892335,5,,
Car 147,,,,,0,switch,,"Charger 0 (fid=308440) not available, trying Charger 2 (fid=307904)",1088.48305662959,2,,
Car 148,,,,70,,arrived,,arrived,1090.165476365848,,,
Car 149,,,,54,,arrived,,arrived,1090.4891690670866,,,
Car 143,,,,,5,switch,,"Charger 5 (fid=73) not available, trying Charger 6 (fid=60)",1091.9735316124825,6,,
Car 146,,,,,5,switch,,"Charger 5 (fid=73) not available, trying Charger 2 (fid=307904)",1092.3232979448696,2,,
Car 138,,,,,4,switch,,"Charger 4 (fid=308108) not available, trying Charger 2 (fid=307904)",1094.4314799109743,2,,
Car 134,,,,,1,switch,,"Charger 1 (fid=308702) not available, trying Charger 7 (fid=31)",1094.854030338513,7,,
Car 150,,,,12,,arrived,,arrived,1095.0412403571067,,,
Car 148,,,,,0,switch,,"Charger 0 (fid=308440) not available, trying Charger 7 (fid=31)",1095.165476365848,7,,
Car 149,,,,,0,switch,,"Charger 0 (fid=308440) not available, trying Charger 5 (fid=73)",1095.4891690670866,5,,
Car 147,,,,,2,switch,,"Charger 2 (fid=307904) not available, trying Charger 3 (fid=307905)",1097.8195441284834,3,,
Car 143,,,,,6,switch,,"Charger 6 (fid=60) not available, trying Charger 2 (fid=307904)",1100.0027206340021,2,,
Car 150,,,,,2,switch,,"Charger 2 (fid=307904) not available, trying Charger 3 (fid=307905)",1100.0412403571067,3,,
Car 151,,,,44,,arrived,,arrived,1100.5387524647151,,,
Car 134,,,,,,gave_up,7,"no alternate charger available, gave up",1100.5574319374975,,,
Car 138,,,,,2,switch,,"Charger 2 (fid=307904) not available, trying Charger 3 (fid=307905)",1102.9376129256057,3,,
Car 146,,,,,2,switch,,"Charger 2 (fid=307904) not available, trying Charger 3 (fid=307905)",1102.9530794847085,3,,
Car 148,,,,,7,switch,,"Charger 7 (fid=31) not available, trying Charger 5 (fid=73)",1103.0387824578165,5,,
Car 147,,,,,3,switch,,"Charger 3 (fid=307905) not available, trying Charger 7 (fid=31)",1103.0831703100475,7,,
Car 152,,,,26,,arrived,,arrived,1104.5943237394533,,,
Car 149,,,,,5,switch,,"Charger 5 (fid=73) not available, trying Charger 1 (fid=308702)",1104.7529480796643,1,,
Car 150,,,,,3,switch,,"Charger 3 (fid=307905) not available, trying Charger 4 (fid=308108)",1105.304866538671,4,,
Car 151,,,,,7,switch,,"Charger 7 (fid=31) not available, trying Charger 1 (fid=308702)",1105.5387524647151,1,,
Car 153,,,,6,,arrived,,arrived,1106.5388420219447,,,
Car 126,104.0,308108,4,,,done,,done charging,1106.734844561574,,,495.8403435247413
Car 138,,,,,,gave_up,3,"no alternate charger available, gave up",1108.2012391071698,,,
Car 146,,,,,3,switch,,"Charger 3 (fid=307905) not available, trying Charger 4 (fid=308108)",1108.2167056662727,4,,
Car 154,,,,77,,arrived,,arrived,1108.2975249057772,,,
Car 150,,308108,4,,,start_charge,,starting to charge at Charger 4 (fid=308108),1108.827336384923,,10.0,
Car 143,,,,,2,switch,,"Charger 2 (fid=307904) not available, trying Charger 3 (fid=307905)",1109.0048771467054,3,,
Car 152,,,,,7,switch,,"Charger 7 (fid=31) not available, trying Charger 1 (fid=308702)",1109.5943237394533,1,,
Car 155,,,,77,,arrived,,arrived,1110.516007803758,,,
Car 151,,,,,1,switch,,"Charger 1 (fid=308702) not available, trying Charger 0 (fid=308440)",1111.2421540636997,0,,
Car 153,,,,,6,switch,,"Charger 6 (fid=60) not available, trying Charger 2 (fid=307904)",1111.5388420219447,2,,
Car 137,61.0,308440,0,,,done,,done charging,1112.251041105277,,,239.3463974609693
Car 148,,,,,5,switch,,"Charger 5 (fid=73) not available, trying Charger 1 (fid=308702)",1112.2982197413514,1,,
Car 139,60.0,73,5,,,done,,done charging,1113.018750994087,,,192.755012807443
Car 154,,,,,6,switch,,"Charger 6 (fid=60) not available, trying Charger 4 (fid=308108)",1113.2975249057772,4,,
Car 149,,,,,1,switch,,"Charger 1 (fid=308702) not available, trying Charger 7 (fid=31)",1113.6740199866074,7,,
Car 156,,,,69,,arrived,,arrived,1114.1467643714568,,,
Car 156,,308440,0,,,start_charge,,starting to charge at Charger 0 (fid=308440),1114.1467643714568,,0.0,
Car 143,,,,,3,switch,,"Charger 3 (fid=307905) not available, trying Charger 4 (fid=308108)",1114.2685033282696,4,,
Car 147,,,,,7,switch,,"Charger 7 (fid=31) not available, trying Charger 6 (fid=60)",1114.7965822438919,6,,
Car 152,,,,,1,switch,,"Charger 1 (fid=308702) not available, trying Charger 0 (fid=308440)",1115.2977253384379,0,,
Car 155,,,,,6,switch,,"Charger 6 (fid=60) not available, trying Charger 4 (fid=308108)",1115.516007803758,4,,
Car 157,,,,53,,arrived,,arrived,1115.8074836081646,,,
Car 146,,,,,4,switch,,"Charger 4 (fid=308108) not available, trying Charger 0 (fid=308440)",1116.7391755125248,0,,
Car 140,69.0,60,6,,,done,,done charging,1117.2981905913016,,,180.72136149700506
Car 151,,,,,0,switch,,"Charger 0 (fid=308440) not available, trying Charger 5 (fid=73)",1119.3526066910981,5,,
Car 149,,,,,7,switch,,"Charger 7 (fid=31) not available, trying Charger 6 (fid=60)",1119.377421585592,6,,
Car 158,,,,73,,arrived,,arrived,1120.3584338143833,,,
Car 158,,73,5,,,start_charge,,starting to charge at Charger 5 (fid=73),1120.3584338143833,,0.0,
Car 153,,,,,2,switch,,"Charger 2 (fid=307904) not available, trying Charger 3 (fid=307905)",1120.540998534648,3,,
Car 159,,,,37,,arrived,,arrived,1120.5721070579627,,,
Car 144,50.0,307904,2,,,done,,done charging,1120.7821238112529,,,141.6239609196489
Car 147,,60,6,,,start_charge,,starting to charge at Charger 6 (fid=60),1120.7994002399403,,20.0,
Car 157,,,,,4,switch,,"Charger 4 (fid=308108) not available, trying Charger 6 (fid=60)",1120.8074836081646,6,,
Car 148,,,,,1,switch,,"Charger 1 (fid=308702) not available, trying Charger 2 (fid=307904)",1121.2192916482945,2,,
Car 154,,,,,4,switch,,"Charger 4 (fid=308108) not available, trying Charger 2 (fid=307904)",1122.5200932669559,2,,
Car 143,,,,,,gave_up,4,"no alternate charger available, gave up",1122.7909731745217,,,
Car 152,,,,,0,switch,,"Charger 0 (fid=308440) not available, trying Charger 5 (fid=73)",1123.4081779658363,5,,
Car 155,,,,,4,switch,,"Charger 4 (fid=308108) not available, trying Charger 2 (fid=307904)",1124.7385761649366,2,,
Car 159,,,,,5,switch,,"Charger 5 (fid=73) not available, trying Charger 1 (fid=308702)",1125.5721070579627,1,,
Car 153,,,,,3,switch,,"Charger 3 (fid=307905) not available, trying Charger 5 (fid=73)",1125.8046247162122,5,,
Car 145,48.0,31,7,,,done,,done charging,1125.9117980190958,,,86.1335259121122
Car 154,,307904,2,,,start_charge,,starting to charge at Charger 2 (fid=307904),1126.0262262815872,,10.0,
Car 136,82.0,308108,4,,,done,,done charging,1127.303195114633,,,252.25969385824664
Car 131,89.0,307905,3,,,done,,done charging,1127.44473749883,,,279.577269998108
Car 151,,,,,5,switch,,"Charger 5 (fid=73) not available, trying Charger 6 (fid=60)",1128.6163857036759,6,,
Car 135,88.0,308702,1,,,done,,done charging,1128.882419334967,,,308.4011638052468
Car 146,,,,,0,switch,,"Charger 0 (fid=308440) not available, trying Charger 1 (fid=308702)",1129.1006345555725,1,,
Car 159,,308702,1,,,start_charge,,starting to charge at Charger 1 (fid=308702),1129.4931789649058,,5.0,
Car 157,,,,,6,switch,,"Charger 6 (fid=60) not available, trying Charger 2 (fid=307904)",1130.0300519693433,2,,
Car 160,,,,37,,arrived,,arrived,1130.299593911605,,,
Car 149,,,,,6,switch,,"Charger 6 (fid=60) not available, trying Charger 2 (fid=307904)",1130.3802395816404,2,,
Car 161,,,,37,,arrived,,arrived,1130.725475622097,,,
Car 152,,,,,5,switch,,"Charger 5 (fid=73) not available, trying Charger 6 (fid=60)",1132.671956978414,6,,
Car 148,,,,,2,switch,,"Charger 2 (fid=307904) not available, trying Charger 3 (fid=307905)",1132.70707102644,3,,
Car 148,,307905,3,,,start_charge,,starting to charge at Charger 3 (fid=307905),1132.9706972080041,,25.0,
Car 155,,,,,2,switch,,"Charger 2 (fid=307904) not available, trying Charger 3 (fid=307905)",1133.244709179568,3,,
Car 142,69.0,308702,1,,,done,,done charging,1133.518944789104,,,177.77896445931339
Car 146,,308702,1,,,start_charge,,starting to charge at Charger 1 (fid=308702),1133.518944789104,,31.307857606132984,
Car 162,,,,1,,arrived,,arrived,1135.10892371972,,,
Car 160,,,,,5,switch,,"Charger 5 (fid=73) not available, trying Charger 1 (fid=308702)",1135.299593911605,1,,
Car 161,,,,,5,switch,,"Charger 5 (fid=73) not available, trying Charger 1 (fid=308702)",1135.725475622097,1,,
Car 130,58.0,60,6,,,done,,done charging,1136.09001316245,,,332.0567825876119
Car 151,,60,6,,,start_charge,,starting to charge at Charger 6 (fid=60),1136.09001316245,,24.444438437254576,
Car 153,,,,,5,switch,,"Charger 5 (fid=73) not available, trying Charger 0 (fid=308440)",1136.4507430876718,0,,
Car 163,,,,81,,arrived,,arrived,1137.992934182591,,,
Car 155,,,,,3,switch,,"Charger 3 (fid=307905) not available, trying Charger 5 (fid=73)",1138.5083353611321,5,,
Car 157,,,,,2,switch,,"Charger 2 (fid=307904) not available, trying Charger 3 (fid=307905)",1139.0322084820466,3,,
Car 149,,,,,2,switch,,"Charger 2 (fid=307904) not available, trying Charger 3 (fid=307905)",1139.3823960943437,3,,
Car 162,,,,,2,switch,,"Charger 2 (fid=307904) not available, trying Charger 3 (fid=307905)",1140.10892371972,3,,
Car 152,,,,,6,switch,,"Charger 6 (fid=60) not available, trying Charger 2 (fid=307904)",1140.7011459999337,2,,
Car 164,,,,61,,arrived,,arrived,1140.746179129759,,,
Car 165,,,,19,,arrived,,arrived,1142.741789614105,,,
Car 163,,,,,2,switch,,"Charger 2 (fid=307904) not available, trying Charger 3 (fid=307905)",1142.992934182591,3,,
Car 128,64.0,73,5,,,done,,done charging,1143.8309990388361,,,534.1356973530235
Car 155,,73,5,,,start_charge,,starting to charge at Charger 5 (fid=73),1144.1544537325917,,20.0,
Car 160,,,,,1,switch,,"Charger 1 (fid=308702) not available, trying Charger 6 (fid=60)",1144.220665818548,6,,
Car 157,,,,,3,switch,,"Charger 3 (fid=307905) not available, trying Charger 5 (fid=73)",1144.2958346636108,5,,
Car 149,,,,,3,switch,,"Charger 3 (fid=307905) not available, trying Charger 4 (fid=308108)",1144.6460222759079,4,,
Car 161,,,,,1,switch,,"Charger 1 (fid=308702) not available, trying Charger 6 (fid=60)",1144.6465475290402,6,,
Car 162,,,,,3,switch,,"Charger 3 (fid=307905) not available, trying Charger 4 (fid=308108)",1145.3725499012842,4,,
Car 153,,,,,0,switch,,"Charger 0 (fid=308440) not available, trying Charger 4 (fid=308108)",1145.7145221002495,4,,
Car 164,,,,,6,switch,,"Charger 6 (fid=60) not available, trying Charger 5 (fid=73)",1145.746179129759,5,,
Car 165,,,,,0,switch,,"Charger 0 (fid=308440) not available, trying Charger 7 (fid=31)",1147.741789614105,7,,
Car 149,,308108,4,,,start_charge,,starting to charge at Charger 4 (fid=308108),1148.16849212216,,35.0,
Car 163,,,,,3,switch,,"Charger 3 (fid=307905) not available, trying Charger 6 (fid=60)",1148.2565603641551,6,,
Car 152,,,,,2,switch,,"Charger 2 (fid=307904) not available, trying Charger 3 (fid=307905)",1149.703302512637,3,,
Car 165,,31,7,,,start_charge,,starting to charge at Charger 7 (fid=31),1150.6150957060736,,5.0,
Car 141,95.0,31,7,,,done,,done charging,1150.9215919115777,,,170.1361505637669
Car 132,107.0,308440,0,,,done,,done charging,1153.7164451067656,,,401.3072546947882
Car 164,,,,,5,switch,,"Charger 5 (fid=73) not available, trying Charger 4 (fid=308108)",1153.7753681512786,4,,
Car 162,,,,,4,switch,,"Charger 4 (fid=308108) not available, trying Charger 6 (fid=60)",1153.8950197475363,6,,
Car 166,,,,66,,arrived,,arrived,1154.4078244695813,,,
Car 160,,,,,6,switch,,"Charger 6 (fid=60) not available, trying Charger 7 (fid=31)",1154.8851184380044,7,,
Car 157,,,,,5,switch,,"Charger 5 (fid=73) not available, trying Charger 0 (fid=308440)",1154.9419530350704,0,,
Car 152,,,,,3,switch,,"Charger 3 (fid=307905) not available, trying Charger 4 (fid=308108)",1154.9669286942012,4,,
Car 167,,,,73,,arrived,,arrived,1155.0559598893283,,,
Car 161,,,,,6,switch,,"Charger 6 (fid=60) not available, trying Charger 7 (fid=31)",1155.3110001484965,7,,
Car 168,,,,37,,arrived,,arrived,1156.852989853101,,,
Car 163,,,,,6,switch,,"Charger 6 (fid=60) not available, trying Charger 0 (fid=308440)",1157.2750537084794,0,,
Car 153,,,,,4,switch,,"Charger 4 (fid=308108) not available, trying Charger 1 (fid=308702)",1158.0759811432972,1,,
Car 169,,,,25,,arrived,,arrived,1158.6867600600124,,,
Car 169,,31,7,,,start_charge,,starting to charge at Charger 7 (fid=31),1158.6867600600124,,0.0,
Car 157,,308440,0,,,start_charge,,starting to charge at Charger 0 (fid=308440),1159.205732047648,,25.0,
Car 166,,,,,6,switch,,"Charger 6 (fid=60) not available, trying Charger 5 (fid=73)",1159.4078244695813,5,,
Car 167,,,,,5,switch,,"Charger 5 (fid=73) not available, trying Charger 6 (fid=60)",1160.0559598893283,6,,
Car 170,,,,90,,arrived,,arrived,1160.1549932684077,,,
Car 171,,,,47,,arrived,,arrived,1161.1335336909303,,,
Car 172,,,,37,,arrived,,arrived,1161.4291009554158,,,
Car 168,,,,,5,switch,,"Charger 5 (fid=73) not available, trying Charger 1 (fid=308702)",1161.852989853101,1,,
Car 162,,,,,6,switch,,"Charger 6 (fid=60) not available, trying Charger 0 (fid=308440)",1163.117588108715,0,,
Car 152,,,,,,gave_up,4,"no alternate charger available, gave up",1163.4893985404533,,,
Car 164,,,,,4,switch,,"Charger 4 (fid=308108) not available, trying Charger 2 (fid=307904)",1165.0084591319635,2,,
Car 170,,,,,4,switch,,"Charger 4 (fid=308108) not available, trying Charger 2 (fid=307904)",1165.1549932684077,2,,
Car 160,,,,,7,switch,,"Charger 7 (fid=31) not available, trying Charger 0 (fid=308440)",1165.8879364340528,0,,
Car 171,,,,,7,switch,,"Charger 7 (fid=31) not available, trying Charger 1 (fid=308702)",1166.1335336909303,1,,
Car 161,,,,,7,switch,,"Charger 7 (fid=31) not available, trying Charger 0 (fid=308440)",1166.313818144545,0,,
Car 172,,,,,5,switch,,"Charger 5 (fid=73) not available, trying Charger 1 (fid=308702)",1166.4291009554158,1,,
Car 163,,,,,0,switch,,"Charger 0 (fid=308440) not available, trying Charger 4 (fid=308108)",1166.9028892407364,4,,
Car 166,,,,,5,switch,,"Charger 5 (fid=73) not available, trying Charger 4 (fid=308108)",1167.437013491101,4,,
Car 150,59.0,308108,4,,,done,,done charging,1167.827336384923,,,340.4359214815954
Car 167,,,,,6,switch,,"Charger 6 (fid=60) not available, trying Charger 1 (fid=308702)",1168.085148910848,1,,
Car 168,,,,,1,switch,,"Charger 1 (fid=308702) not available, trying Charger 6 (fid=60)",1170.774061760044,6,,
Car 153,,,,,1,switch,,"Charger 1 (fid=308702) not available, trying Charger 7 (fid=31)",1171.4740572735445,7,,
Car 171,,,,,1,switch,,"Charger 1 (fid=308702) not available, trying Charger 0 (fid=308440)",1171.836935289915,0,,
Car 162,,,,,0,switch,,"Charger 0 (fid=308440) not available, trying Charger 5 (fid=73)",1172.745423640972,5,,
Car 164,,,,,2,switch,,"Charger 2 (fid=307904) not available, trying Charger 3 (fid=307905)",1173.5145921465949,3,,
Car 173,,,,11,,arrived,,arrived,1173.6360131312115,,,
Car 170,,,,,2,switch,,"Charger 2 (fid=307904) not available, trying Charger 3 (fid=307905)",1173.661126283039,3,,
Car 166,,308108,4,,,start_charge,,starting to charge at Charger 4 (fid=308108),1173.6701044717859,,10.0,
Car 160,,,,,0,switch,,"Charger 0 (fid=308440) not available, trying Charger 2 (fid=307904)",1173.7612425260213,2,,
Car 161,,,,,0,switch,,"Charger 0 (fid=308440) not available, trying Charger 2 (fid=307904)",1174.1871242365135,2,,
Car 172,,,,,1,switch,,"Charger 1 (fid=308702) not available, trying Charger 6 (fid=60)",1175.350172862359,6,,
Car 153,,,,,,gave_up,7,"no alternate charger available, gave up",1177.177458872529,,,
Car 173,,,,,6,switch,,"Charger 6 (fid=60) not available, trying Charger 5 (fid=73)",1178.6360131312115,5,,
Car 167,,,,,1,switch,,"Charger 1 (fid=308702) not available, trying Charger 7 (fid=31)",1178.7496015303043,7,,
Car 164,,,,,3,switch,,"Charger 3 (fid=307905) not available, trying Charger 0 (fid=308440)",1178.778218328159,0,,
Car 170,,,,,3,switch,,"Charger 3 (fid=307905) not available, trying Charger 6 (fid=60)",1178.9247524646032,6,,
Car 163,,,,,4,switch,,"Charger 4 (fid=308108) not available, trying Charger 5 (fid=73)",1179.264348283784,5,,
Car 171,,,,,0,switch,,"Charger 0 (fid=308440) not available, trying Charger 5 (fid=73)",1179.9473879173133,5,,
Car 168,,,,,6,switch,,"Charger 6 (fid=60) not available, trying Charger 7 (fid=31)",1181.4385143795005,7,,
Car 162,,,,,5,switch,,"Charger 5 (fid=73) not available, trying Charger 1 (fid=308702)",1182.0092026535497,1,,
Car 160,,,,,2,switch,,"Charger 2 (fid=307904) not available, trying Charger 3 (fid=307905)",1183.0977300249147,3,,
Car 161,,,,,2,switch,,"Charger 2 (fid=307904) not available, trying Charger 3 (fid=307905)",1183.5236117354068,3,,
Car 167,,,,,7,switch,,"Charger 7 (fid=31) not available, trying Charger 0 (fid=308440)",1184.4530031292888,0,,
Car 159,55.0,308702,1,,,done,,done charging,1184.4931789649058,,,270.1505183679593
Car 174,,,,37,,arrived,,arrived,1184.4944626446397,,,
Car 162,,308702,1,,,start_charge,,starting to charge at Charger 1 (fid=308702),1185.9302745604928,,30.0,
Car 172,,,,,6,switch,,"Charger 6 (fid=60) not available, trying Charger 7 (fid=31)",1186.0146254818153,7,,
Car 173,,,,,5,switch,,"Charger 5 (fid=73) not available, trying Charger 0 (fid=308440)",1186.6652021527311,0,,
Car 170,,,,,6,switch,,"Charger 6 (fid=60) not available, trying Charger 0 (fid=308440)",1187.9432458089275,0,,
Car 164,,,,,0,switch,,"Charger 0 (fid=308440) not available, trying Charger 1 (fid=308702)",1188.131042658673,1,,
Car 160,,,,,3,switch,,"Charger 3 (fid=307905) not available, trying Charger 4 (fid=308108)",1188.3613562064788,4,,
Car 161,,,,,3,switch,,"Charger 3 (fid=307905) not available, trying Charger 4 (fid=308108)",1188.787237916971,4,,
Car 171,,,,,5,switch,,"Charger 5 (fid=73) not available, trying Charger 6 (fid=60)",1189.211166929891,6,,
Car 174,,,,,5,switch,,"Charger 5 (fid=73) not available, trying Charger 1 (fid=308702)",1189.4944626446397,1,,
Car 175,,,,31,,arrived,,arrived,1190.2596704621387,,,
Car 163,,,,,5,switch,,"Charger 5 (fid=73) not available, trying Charger 1 (fid=308702)",1190.497439264469,1,,
Car 155,48.0,73,5,,,done,,done charging,1192.1544537325917,,,370.9280935506263
Car 167,,,,,0,switch,,"Charger 0 (fid=308440) not available, trying Charger 2 (fid=307904)",1192.3263092212574,2,,
Car 168,,,,,7,switch,,"Charger 7 (fid=31) not available, trying Charger 0 (fid=308440)",1192.4413323755489,0,,
Car 147,72.0,60,6,,,done,,done charging,1192.7994002399403,,,336.2624450216712
Car 171,,60,6,,,start_charge,,starting to charge at Charger 6 (fid=60),1192.7994002399403,,20.55904428852955,
Car 175,,,,,7,switch,,"Charger 7 (fid=31) not available, trying Charger 1 (fid=308702)",1195.2596704621387,1,,
Car 173,,,,,0,switch,,"Charger 0 (fid=308440) not available, trying Charger 2 (fid=307904)",1195.9289811653089,2,,
Car 164,,,,,1,switch,,"Charger 1 (fid=308702) not available, trying Charger 7 (fid=31)",1196.2414952860715,7,,
Car 160,,,,,,gave_up,4,"no alternate charger available, gave up",1196.883826052731,,,
Car 172,,,,,7,switch,,"Charger 7 (fid=31) not available, trying Charger 0 (fid=308440)",1197.0174434778637,0,,
Car 176,,,,26,,arrived,,arrived,1197.187760389668,,,
Car 161,,,,,,gave_up,4,"no alternate charger available, gave up",1197.309707763223,,,
Car 170,,,,,0,switch,,"Charger 0 (fid=308440) not available, trying Charger 5 (fid=73)",1197.5710813411845,5,,
Car 174,,,,,1,switch,,"Charger 1 (fid=308702) not available, trying Charger 6 (fid=60)",1198.4155345515828,6,,
Car 163,,,,,1,switch,,"Charger 1 (fid=308702) not available, trying Charger 7 (fid=31)",1199.418511171412,7,,
Car 168,,,,,0,switch,,"Charger 0 (fid=308440) not available, trying Charger 2 (fid=307904)",1200.3146384675174,2,,
Car 175,,,,,1,switch,,"Charger 1 (fid=308702) not available, trying Charger 0 (fid=308440)",1200.9630720611233,0,,
Car 167,,,,,2,switch,,"Charger 2 (fid=307904) not available, trying Charger 3 (fid=307905)",1201.6627967201507,3,,
Car 170,,73,5,,,start_charge,,starting to charge at Charger 5 (fid=73),1201.8348603537622,,25.0,
Car 164,,,,,,gave_up,7,"no alternate charger available, gave up",1201.944896885056,,,
Car 176,,,,,7,switch,,"Charger 7 (fid=31) not available, trying Charger 1 (fid=308702)",1202.187760389668,1,,
Car 172,,,,,0,switch,,"Charger 0 (fid=308440) not available, trying Charger 2 (fid=307904)",1204.8907495698322,2,,
Car 163,,,,,,gave_up,7,"no alternate charger available, gave up",1205.1219127703966,,,
Car 173,,,,,2,switch,,"Charger 2 (fid=307904) not available, trying Charger 3 (fid=307905)",1205.2654686642022,3,,
Car 158,86.0,73,5,,,done,,done charging,1206.3584338143833,,,62.537028395157705
Car 169,48.0,31,7,,,done,,done charging,1206.6867600600124,,,153.570729004095
Car 167,,,,,3,switch,,"Charger 3 (fid=307905) not available, trying Charger 4 (fid=308108)",1206.926422901715,4,,
Car 157,48.0,308440,0,,,done,,done charging,1207.205732047648,,,604.0623049381891
Car 175,,308440,0,,,start_charge,,starting to charge at Charger 0 (fid=308440),1207.205732047648,,13.132207359126369,
Car 176,,,,,1,switch,,"Charger 1 (fid=308702) not available, trying Charger 0 (fid=308440)",1207.8911619886526,0,,
Car 174,,,,,6,switch,,"Charger 6 (fid=60) not available, trying Charger 7 (fid=31)",1209.0799871710392,7,,
Car 168,,,,,2,switch,,"Charger 2 (fid=307904) not available, trying Charger 3 (fid=307905)",1209.6511259664107,3,,
Car 173,,,,,3,switch,,"Charger 3 (fid=307905) not available, trying Charger 1 (fid=308702)",1210.5290948457664,1,,
Car 165,63.0,31,7,,,done,,done charging,1213.6150957060736,,,236.03548209210518
Car 156,100.0,308440,0,,,done,,done charging,1214.1467643714568,,,50.96015061371372
Car 176,,308440,0,,,start_charge,,starting to charge at Charger 0 (fid=308440),1214.1467643714568,,13.145149755405782,
Car 172,,,,,2,switch,,"Charger 2 (fid=307904) not available, trying Charger 3 (fid=307905)",1214.2272370687256,3,,
Car 168,,,,,3,switch,,"Charger 3 (fid=307905) not available, trying Charger 4 (fid=308108)",1214.914752147975,4,,
Car 174,,31,7,,,start_charge,,starting to charge at Charger 7 (fid=31),1215.0828051670876,,15.0,
Car 167,,,,,,gave_up,4,"no alternate charger available, gave up",1215.448892747967,,,
Car 177,,,,63,,arrived,,arrived,1217.272674891384,,,
Car 177,,73,5,,,start_charge,,starting to charge at Charger 5 (fid=73),1217.272674891384,,0.0,
Car 172,,,,,3,switch,,"Charger 3 (fid=307905) not available, trying Charger 4 (fid=308108)",1219.4908632502897,4,,
Car 178,,,,61,,arrived,,arrived,1221.5520718352248,,,
Car 173,,,,,1,switch,,"Charger 1 (fid=308702) not available, trying Charger 7 (fid=31)",1222.0332110555325,7,,
Car 173,,31,7,,,start_charge,,starting to charge at Charger 7 (fid=31),1222.736612654517,,30.0,
Car 179,,,,8,,arrived,,arrived,1223.2810341187503,,,
Car 168,,,,,,gave_up,4,"no alternate charger available, gave up",1223.437221994227,,,
Car 154,98.0,307904,2,,,done,,done charging,1224.0262262815872,,,280.6474449116342
Car 180,,,,34,,arrived,,arrived,1224.8650792966348,,,
Car 178,,,,,6,switch,,"Charger 6 (fid=60) not available, trying Charger 5 (fid=73)",1226.5520718352248,5,,
Car 172,,,,,,gave_up,4,"no alternate charger available, gave up",1228.0133330965418,,,
Car 179,,,,,5,switch,,"Charger 5 (fid=73) not available, trying Charger 6 (fid=60)",1228.2810341187503,6,,
Car 180,,,,,0,switch,,"Charger 0 (fid=308440) not available, trying Charger 2 (fid=307904)",1229.8650792966348,2,,
Car 180,,307904,2,,,start_charge,,starting to charge at Charger 2 (fid=307904),1234.2015667955282,,5.0,
Car 178,,,,,5,switch,,"Charger 5 (fid=73) not available, trying Charger 4 (fid=308108)",1234.5812608567444,4,,
Car 179,,,,,6,switch,,"Charger 6 (fid=60) not available, trying Charger 1 (fid=308702)",1236.31022314027,1,,
Car 181,,,,5,,arrived,,arrived,1237.26461073712,,,
Car 182,,,,78,,arrived,,arrived,1238.0248711349552,,,
Car 148,109.0,307905,3,,,done,,done charging,1241.9706972080041,,,326.507136476434
Car 181,,,,,5,switch,,"Charger 5 (fid=73) not available, trying Charger 1 (fid=308702)",1242.26461073712,1,,
Car 183,,,,54,,arrived,,arrived,1242.9371610180874,,,
Car 182,,,,,5,switch,,"Charger 5 (fid=73) not available, trying Charger 6 (fid=60)",1243.0248711349552,6,,
Car 166,71.0,308108,4,,,done,,done charging,1244.6701044717859,,,525.0644167530533
Car 178,,308108,4,,,start_charge,,starting to charge at Charger 4 (fid=308108),1244.6701044717859,,13.855752634356577,
Car 149,98.0,308108,4,,,done,,done charging,1246.16849212216,,,528.5089478547698
Car 179,,,,,1,switch,,"Charger 1 (fid=308702) not available, trying Charger 7 (fid=31)",1246.9746757597263,7,,
Car 183,,,,,0,switch,,"Charger 0 (fid=308440) not available, trying Charger 5 (fid=73)",1247.9371610180874,5,,
Car 146,117.0,308702,1,,,done,,done charging,1250.518944789104,,,471.848903200722
Car 181,,308702,1,,,start_charge,,starting to charge at Charger 1 (fid=308702),1250.518944789104,,9.333262145040862,
Car 182,,,,,6,switch,,"Charger 6 (fid=60) not available, trying Charger 7 (fid=31)",1251.0540601564749,7,,
Car 179,,,,,7,switch,,"Charger 7 (fid=31) not available, trying Charger 0 (fid=308440)",1252.6780773587109,0,,
Car 162,67.0,308702,1,,,done,,done charging,1252.9302745604928,,,571.7653525298967
Car 151,117.0,60,6,,,done,,done charging,1253.09001316245,,,528.6806958111437
Car 184,,,,74,,arrived,,arrived,1256.8143501394734,,,
Car 183,,,,,5,switch,,"Charger 5 (fid=73) not available, trying Charger 1 (fid=308702)",1257.2009400306652,1,,
Car 185,,,,38,,arrived,,arrived,1260.0914533114033,,,
Car 185,,308702,1,,,start_charge,,starting to charge at Charger 1 (fid=308702),1260.0914533114033,,0.0,
Car 179,,,,,0,switch,,"Charger 0 (fid=308440) not available, trying Charger 4 (fid=308108)",1260.5513834506794,4,,
Car 171,68.0,60,6,,,done,,done charging,1260.7994002399403,,,525.2436728919015
Car 184,,,,,2,switch,,"Charger 2 (fid=307904) not available, trying Charger 3 (fid=307905)",1261.8143501394734,3,,
Car 182,,,,,7,switch,,"Charger 7 (fid=31) not available, trying Charger 0 (fid=308440)",1262.0568781525233,0,,
Car 184,,307905,3,,,start_charge,,starting to charge at Charger 3 (fid=307905),1262.0779763210376,,5.0,
Car 183,,,,,1,switch,,"Charger 1 (fid=308702) not available, trying Charger 7 (fid=31)",1266.1220119376082,7,,
Car 179,,308108,4,,,start_charge,,starting to charge at Charger 4 (fid=308108),1267.912842493727,,25.0,
Car 182,,,,,0,switch,,"Charger 0 (fid=308440) not available, trying Charger 1 (fid=308702)",1269.9301842444918,1,,
Car 186,,,,91,,arrived,,arrived,1271.5385724746804,,,
Car 183,,,,,7,switch,,"Charger 7 (fid=31) not available, trying Charger 6 (fid=60)",1271.8254135365928,6,,
Car 187,,,,40,,arrived,,arrived,1274.3649576111575,,,
Car 187,,60,6,,,start_charge,,starting to charge at Charger 6 (fid=60),1274.3649576111575,,0.0,
Car 170,74.0,73,5,,,done,,done charging,1275.8348603537622,,,639.8630267076487
Car 186,,,,,4,switch,,"Charger 4 (fid=308108) not available, trying Charger 2 (fid=307904)",1276.5385724746804,2,,
Car 183,,60,6,,,start_charge,,starting to charge at Charger 6 (fid=60),1277.8282315326412,,20.0,
Car 182,,,,,1,switch,,"Charger 1 (fid=308702) not available, trying Charger 4 (fid=308108)",1278.0406368718902,4,,
Car 188,,,,11,,arrived,,arrived,1280.0641014397502,,,
Car 186,,,,,2,switch,,"Charger 2 (fid=307904) not available, trying Charger 3 (fid=307905)",1285.0447054893118,3,,
Car 188,,,,,6,switch,,"Charger 6 (fid=60) not available, trying Charger 5 (fid=73)",1285.0641014397502,5,,
Car 174,71.0,31,7,,,done,,done charging,1286.0828051670876,,,298.33635423806373
Car 188,,73,5,,,start_charge,,starting to charge at Charger 5 (fid=73),1288.0932904612698,,5.0,
Car 186,,,,,3,switch,,"Charger 3 (fid=307905) not available, trying Charger 6 (fid=60)",1290.308331670876,6,,
Car 182,,,,,4,switch,,"Charger 4 (fid=308108) not available, trying Charger 2 (fid=307904)",1291.4387130021375,2,,
Car 176,82.0,308440,0,,,done,,done charging,1296.1467643714568,,,339.9840018539128
Car 189,,,,57,,arrived,,arrived,1298.243964067758,,,
Car 189,,308440,0,,,start_charge,,starting to charge at Charger 0 (fid=308440),1298.243964067758,,0.0,
Car 190,,,,60,,arrived,,arrived,1299.0499717358007,,,
Car 186,,,,,6,switch,,"Charger 6 (fid=60) not available, trying Charger 0 (fid=308440)",1299.3268250152003,0,,
Car 182,,,,,2,switch,,"Charger 2 (fid=307904) not available, trying Charger 3 (fid=307905)",1299.944846016769,3,,
Car 173,78.0,31,7,,,done,,done charging,1300.736612654517,,,362.4243696107027
Car 190,,,,,6,switch,,"Charger 6 (fid=60) not available, trying Charger 5 (fid=73)",1304.0499717358007,5,,
Car 182,,,,,,gave_up,3,"no alternate charger available, gave up",1305.208472198333,,,
Car 186,,,,,0,switch,,"Charger 0 (fid=308440) not available, trying Charger 5 (fid=73)",1308.9546605474573,5,,
Car 190,,,,,5,switch,,"Charger 5 (fid=73) not available, trying Charger 2 (fid=307904)",1312.0791607573203,2,,
Car 175,105.0,308440,0,,,done,,done charging,1312.205732047648,,,239.3463974609693
Car 178,68.0,308108,4,,,done,,done charging,1312.6701044717859,,,441.14132750683086
Car 186,,,,,5,switch,,"Charger 5 (fid=73) not available, trying Charger 1 (fid=308702)",1318.218439560035,1,,
Car 187,47.0,60,6,,,done,,done charging,1321.3649576111575,,,193.95086709144965
Car 190,,,,,2,switch,,"Charger 2 (fid=307904) not available, trying Charger 3 (fid=307905)",1322.7089422971592,3,,
Car 179,55.0,308108,4,,,done,,done charging,1322.912842493727,,,556.0036556422274
Car 186,,,,,1,switch,,"Charger 1 (fid=308702) not available, trying Charger 7 (fid=31)",1327.139511466978,7,,
Car 186,,31,7,,,start_charge,,starting to charge at Charger 7 (fid=31),1327.8429130659626,,35.0,
Car 190,,,,,3,switch,,"Charger 3 (fid=307905) not available, trying Charger 4 (fid=308108)",1327.9725684787234,4,,
Car 190,,308108,4,,,start_charge,,starting to charge at Charger 4 (fid=308108),1331.4950383249754,,20.0,
Car 177,115.0,73,5,,,done,,done charging,1332.272674891384,,,216.14456321112897
Car 184,75.0,307905,3,,,done,,done charging,1337.0779763210376,,,286.01797827067844
Car 185,82.0,308702,1,,,done,,done charging,1342.0914533114033,,,221.54584266575003
Car 188,54.0,73,5,,,done,,done charging,1342.0932904612698,,,173.53830834201761
Car 191,,,,63,,arrived,,arrived,1342.7188842193857,,,
Car 191,,73,5,,,start_charge,,starting to charge at Charger 5 (fid=73),1342.7188842193857,,0.0,
Car 181,93.0,308702,1,,,done,,done charging,1343.518944789104,,,296.14094267595226
Car 192,,,,26,,arrived,,arrived,1344.8643838010187,,,
Car 192,,308440,0,,,start_charge,,starting to charge at Charger 0 (fid=308440),1344.8643838010187,,0.0,
Car 180,119.0,307904,2,,,done,,done charging,1353.2015667955282,,,237.68822165740877
Car 193,,,,63,,arrived,,arrived,1354.0890852546115,,,
Car 193,,73,5,,,start_charge,,starting to charge at Charger 5 (fid=73),1354.0890852546115,,0.0,
Car 183,85.0,60,6,,,done,,done charging,1362.8282315326412,,,300.79810940588777
Car 194,,,,6,,arrived,,arrived,1372.525403502781,,,
Car 194,,60,6,,,start_charge,,starting to charge at Charger 6 (fid=60),1372.525403502781,,0.0,
Car 186,50.0,31,7,,,done,,done charging,1377.8429130659626,,,779.807144038266
Car 189,83.0,308440,0,,,done,,done charging,1381.243964067758,,,144.90654047807305
Car 190,63.0,308108,4,,,done,,done charging,1394.4950383249754,,,351.73994448617884
Car 192,55.0,308440,0,,,done,,done charging,1399.8643838010187,,,120.13448663969935
Car 195,,,,1,,arrived,,arrived,1404.1360245071448,,,
Car 195,,307904,2,,,start_charge,,starting to charge at Charger 2 (fid=307904),1404.1360245071448,,0.0,
Car 196,,,,46,,arrived,,arrived,1422.1097774360205,,,
Car 196,,308702,1,,,start_charge,,starting to charge at Charger 1 (fid=308702),1422.1097774360205,,0.0,
Car 191,83.0,73,5,,,done,,done charging,1425.7188842193857,,,216.14456321112897
