scenario,seed,num_chargers,total_arrivals,charged,gave_up,pct_gave_up,avg_wait_min,avg_walk_m,util_mean,util_max,chosen_fids
baseline,0,4,102,51,47,46.07843137254902,0.2545454545454545,170.63452361160623,0.7055555555555555,0.8152777777777778,33;50;22;118
baseline,1,4,102,44,54,52.94117647058824,0.19148936170212766,150.1548679504476,0.6390625,0.7736111111111111,18;73;33;27
baseline,2,4,102,52,46,45.09803921568628,0.3392857142857143,165.97013882155306,0.7578125,0.7875,115;33;8;12
baseline,3,4,102,48,52,50.98039215686274,0.38,129.98028829524762,0.7270833333333333,0.8298611111111112,31;76;70;17
baseline,4,4,102,52,48,47.05882352941176,0.48148148148148145,147.32074543704516,0.7399305555555555,0.8166666666666667,31;39;14;4
baseline,5,4,102,51,47,46.07843137254902,0.2909090909090909,137.71881411153421,0.696875,0.7375,80;33;15;46
baseline,6,4,102,48,50,49.01960784313725,0.21153846153846154,166.49743407455736,0.6972222222222222,0.7326388888888888,26;74;30;11
baseline,7,4,102,48,52,50.98039215686274,0.56,154.5872648084212,0.7171875,0.8152777777777778,42;20;51;84
baseline,8,4,102,49,49,48.03921568627451,0.2830188679245283,139.59431140288527,0.6774305555555555,0.8229166666666666,30;48;49;17
baseline,9,4,102,52,46,45.09803921568628,0.2,155.88769669551544,0.6894097222222222,0.7527777777777778,60;79;48;35
more_cars_50pct,0,4,157,59,94,59.87261146496815,0.6825396825396826,185.29513672393068,0.8064236111111112,0.9069444444444444,33;50;22;118
more_cars_50pct,1,4,157,53,102,64.96815286624204,0.46296296296296297,145.2054481717458,0.784375,0.8333333333333334,18;73;33;27
more_cars_50pct,2,4,157,61,94,59.87261146496815,0.8888888888888888,169.61623741548505,0.8291666666666666,0.8618055555555556,115;33;8;12
more_cars_50pct,3,4,157,55,98,62.42038216560509,0.46551724137931033,149.37192301223325,0.7755208333333333,0.86875,31;76;70;17
more_cars_50pct,4,4,157,56,99,63.05732484076433,0.3793103448275862,160.1952343717787,0.7774305555555555,0.8513888888888889,31;39;14;4
more_cars_50pct,5,4,157,57,97,61.78343949044586,0.31666666666666665,141.83679346483578,0.8255208333333334,0.8583333333333333,80;33;15;46
more_cars_50pct,6,4,157,59,95,60.509554140127385,0.6612903225806451,167.93101550035104,0.8501736111111111,0.9027777777777778,26;74;30;11
more_cars_50pct,7,4,157,53,101,64.3312101910828,0.5178571428571429,152.020762912223,0.7527777777777778,0.8458333333333333,42;20;51;84
more_cars_50pct,8,4,157,56,97,61.78343949044586,0.35,156.0249270596277,0.7753472222222222,0.8763888888888889,30;48;49;17
more_cars_50pct,9,4,157,59,93,59.23566878980891,0.5714285714285714,162.36564220386435,0.7935763888888889,0.81875,60;79;48;35
add_chargers_4,0,4,102,51,47,46.07843137254902,0.2545454545454545,170.63452361160623,0.7055555555555555,0.8152777777777778,33;50;22;118
add_chargers_4,1,4,102,44,54,52.94117647058824,0.19148936170212766,150.1548679504476,0.6390625,0.7736111111111111,18;73;33;27
add_chargers_4,2,4,102,52,46,45.09803921568628,0.3392857142857143,165.97013882155306,0.7578125,0.7875,115;33;8;12
add_chargers_4,3,4,102,48,52,50.98039215686274,0.38,129.98028829524762,0.7270833333333333,0.8298611111111112,31;76;70;17
add_chargers_4,4,4,102,52,48,47.05882352941176,0.48148148148148145,147.32074543704516,0.7399305555555555,0.8166666666666667,31;39;14;4
add_chargers_4,5,4,102,51,47,46.07843137254902,0.2909090909090909,137.71881411153421,0.696875,0.7375,80;33;15;46
add_chargers_4,6,4,102,48,50,49.01960784313725,0.21153846153846154,166.49743407455736,0.6972222222222222,0.7326388888888888,26;74;30;11
add_chargers_4,7,4,102,48,52,50.98039215686274,0.56,154.5872648084212,0.7171875,0.8152777777777778,42;20;51;84
add_chargers_4,8,4,102,49,49,48.03921568627451,0.2830188679245283,139.59431140288527,0.6774305555555555,0.8229166666666666,30;48;49;17
add_chargers_4,9,4,102,52,46,45.09803921568628,0.2,155.88769669551544,0.6894097222222222,0.7527777777777778,60;79;48;35
add_chargers_6,0,6,102,74,22,21.568627450980394,0.2125,157.512757182124,0.6707175925925926,0.7361111111111112,33;50;22;118;54;6
add_chargers_6,1,6,102,57,40,39.21568627450981,0.04918032786885246,139.11822026496156,0.558912037037037,0.7611111111111111,18;73;33;27;22;9
add_chargers_6,2,6,102,68,30,29.411764705882355,0.08333333333333333,147.62943514443094,0.6585648148148149,0.7368055555555556,115;33;8;12;11;47
add_chargers_6,3,6,102,67,32,31.372549019607842,0.08571428571428572,133.21950491946035,0.6393518518518518,0.7423611111111111,31;76;70;17;48;78
add_chargers_6,4,6,102,67,32,31.372549019607842,0.2857142857142857,152.08918272992324,0.6168981481481481,0.8145833333333333,31;39;14;4;51;62
add_chargers_6,5,6,102,68,30,29.411764705882355,0.20833333333333334,121.13724560924207,0.6335648148148149,0.6895833333333333,80;33;15;46;26;89
add_chargers_6,6,6,102,65,31,30.392156862745097,0.22535211267605634,148.65054338314994,0.6273148148148148,0.7506944444444444,26;74;30;11;63;22
add_chargers_6,7,6,102,68,31,30.392156862745097,0.39436619718309857,143.063808904909,0.6604166666666667,0.7451388888888889,42;20;51;84;7;10
add_chargers_6,8,6,102,68,29,28.431372549019606,0.0547945205479452,122.43401206435743,0.6372685185185185,0.7673611111111112,30;48;49;17;25;91
add_chargers_6,9,6,102,71,26,25.49019607843137,0.3333333333333333,138.18441455422814,0.6445601851851852,0.7333333333333333,60;79;48;35;18;24
add_chargers_8,0,8,102,82,12,11.76470588235294,0.07777777777777778,132.97587211363992,0.5683159722222222,0.75625,33;50;22;118;54;6;34;66
add_chargers_8,1,8,102,67,28,27.450980392156865,0.0410958904109589,117.87354299373771,0.49461805555555555,0.6972222222222222,18;73;33;27;22;9;33;16
add_chargers_8,2,8,102,76,21,20.588235294117645,0.08641975308641975,126.00844842346815,0.5495659722222223,0.6597222222222222,115;33;8;12;11;47;31;22
add_chargers_8,3,8,102,86,12,11.76470588235294,0.1,123.69458555801816,0.6065972222222222,0.7083333333333334,31;76;70;17;48;78;61;81
add_chargers_8,4,8,102,82,17,16.666666666666664,0.2823529411764706,149.4770489526232,0.5675347222222222,0.7305555555555555,31;39;14;4;51;62;20;12
add_chargers_8,5,8,102,76,21,20.588235294117645,0.14814814814814814,108.30271536260014,0.5279513888888889,0.6895833333333333,80;33;15;46;26;89;32;84
add_chargers_8,6,8,102,79,16,15.686274509803921,0.1744186046511628,131.24386594390452,0.5899305555555555,0.6951388888888889,26;74;30;11;63;22;34;5
add_chargers_8,7,8,102,84,14,13.725490196078432,0.29545454545454547,133.5456272104441,0.5966145833333334,0.7125,42;20;51;84;7;10;30;69
add_chargers_8,8,8,102,79,18,17.647058823529413,0.023809523809523808,123.97322656701664,0.5578125,0.7055555555555556,30;48;49;17;25;91;6;11
add_chargers_8,9,8,102,86,11,10.784313725490197,0.16483516483516483,134.6909909219417,0.5893229166666667,0.6875,60;79;48;35;18;24;115;87
add_chargers_10,0,10,102,90,2,1.9607843137254901,0.02,124.72219310620432,0.4948611111111111,0.7506944444444444,33;50;22;118;54;6;34;66;63;52
add_chargers_10,1,10,102,86,8,7.8431372549019605,0.0967741935483871,115.87345735150323,0.4961805555555555,0.6965277777777777,18;73;33;27;22;9;33;16;64;58
add_chargers_10,2,10,102,87,10,9.803921568627452,0.07608695652173914,123.65035320125595,0.4978472222222222,0.6916666666666667,115;33;8;12;11;47;31;22;15;28
add_chargers_10,3,10,102,94,3,2.941176470588235,0.020202020202020204,121.90856368050035,0.530625,0.7229166666666667,31;76;70;17;48;78;61;81;75;9
add_chargers_10,4,10,102,93,6,5.88235294117647,0.041666666666666664,147.1680345837701,0.514375,0.7166666666666667,31;39;14;4;51;62;20;12;9;3
add_chargers_10,5,10,102,85,12,11.76470588235294,0.06666666666666667,95.26442955625765,0.4802083333333333,0.6409722222222223,80;33;15;46;26;89;32;84;68;4
add_chargers_10,6,10,102,89,6,5.88235294117647,0.09375,118.12570868646786,0.5260416666666667,0.6020833333333333,26;74;30;11;63;22;34;5;1;19
add_chargers_10,7,10,102,90,8,7.8431372549019605,0.06382978723404255,105.81771309158648,0.5284722222222222,0.6451388888888889,42;20;51;84;7;10;30;69;13;47
add_chargers_10,8,10,102,87,10,9.803921568627452,0.0,123.4110209635114,0.4961111111111111,0.63125,30;48;49;17;25;91;6;11;18;32
add_chargers_10,9,10,102,90,7,6.862745098039216,0.021052631578947368,96.40386453139224,0.49312500000000004,0.5784722222222223,60;79;48;35;18;24;115;87;1;44
add_chargers_14,0,14,102,90,1,0.9803921568627451,0.0,91.50931260698228,0.3524305555555555,0.6152777777777778,33;50;22;118;54;6;34;66;63;52;25;31;39;62
add_chargers_14,1,14,102,91,2,1.9607843137254901,0.030303030303030304,95.48824121325133,0.3717261904761905,0.7770833333333333,18;73;33;27;22;9;33;16;64;58;61;84;49;25
add_chargers_14,2,14,102,94,2,1.9607843137254901,0.0,83.75818365181664,0.38437499999999997,0.6569444444444444,115;33;8;12;11;47;31;22;15;28;86;34;40;33
add_chargers_14,3,14,102,97,0,0.0,0.0,81.8236787511695,0.3904761904761905,0.49444444444444446,31;76;70;17;48;78;61;81;75;9;2;32;34;71
add_chargers_14,4,14,102,98,1,0.9803921568627451,0.009900990099009901,99.30129361915456,0.3864583333333333,0.5951388888888889,31;39;14;4;51;62;20;12;9;3;52;71;38;27
add_chargers_14,5,14,102,96,1,0.9803921568627451,0.039603960396039604,78.4408226022688,0.38859126984126985,0.59375,80;33;15;46;26;89;32;84;68;4;60;24;32;7
add_chargers_14,6,14,102,93,2,1.9607843137254901,0.02,95.6596671049887,0.39419642857142856,0.6041666666666666,26;74;30;11;63;22;34;5;1;19;85;76;61;15
add_chargers_14,7,14,102,95,3,2.941176470588235,0.0,84.16823286798817,0.3869047619047619,0.5520833333333334,42;20;51;84;7;10;30;69;13;47;75;8;65;28
add_chargers_14,8,14,102,91,6,5.88235294117647,0.0,91.3497891782336,0.3705853174603174,0.5423611111111111,30;48;49;17;25;91;6;11;18;32;28;65;27;52
add_chargers_14,9,14,102,91,4,3.9215686274509802,0.0,75.87774228416173,0.3566468253968254,0.5423611111111111,60;79;48;35;18;24;115;87;1;44;65;124;78;11
add_chargers_18,0,18,102,91,0,0.0,0.0,66.18696893377681,0.2762345679012346,0.5673611111111111,33;50;22;118;54;6;34;66;63;52;25;31;39;62;46;75;124;28
add_chargers_18,1,18,102,91,1,0.9803921568627451,0.02,66.01842938757906,0.2911265432098766,0.6569444444444444,18;73;33;27;22;9;33;16;64;58;61;84;49;25;27;13;63;4
add_chargers_18,2,18,102,98,0,0.0,0.0,73.20728964401918,0.31091820987654323,0.5979166666666667,115;33;8;12;11;47;31;22;15;28;86;34;40;33;78;28;5;75
add_chargers_18,3,18,102,97,0,0.0,0.0,64.88434829868645,0.2994984567901235,0.525,31;76;70;17;48;78;61;81;75;9;2;32;34;71;30;25;3;51
add_chargers_18,4,18,102,99,0,0.0,0.00980392156862745,80.67954581973672,0.3054012345679012,0.55625,31;39;14;4;51;62;20;12;9;3;52;71;38;27;22;8;29;67
add_chargers_18,5,18,102,96,1,0.9803921568627451,0.0,65.05174681490257,0.30084876543209876,0.4951388888888889,80;33;15;46;26;89;32;84;68;4;60;24;32;7;21;15;48;61
add_chargers_18,6,18,102,95,0,0.0,0.0,75.7036298443001,0.3152006172839506,0.5888888888888889,26;74;30;11;63;22;34;5;1;19;85;76;61;15;48;41;23;3
add_chargers_18,7,18,102,98,0,0.0,0.0,64.29205908554734,0.3111496913580247,0.5993055555555555,42;20;51;84;7;10;30;69;13;47;75;8;65;28;5;12;56;54
add_chargers_18,8,18,102,96,1,0.9803921568627451,0.0,61.86550135820056,0.3048225308641975,0.4826388888888889,30;48;49;17;25;91;6;11;18;32;28;65;27;52;83;4;59;63
add_chargers_18,9,18,102,93,2,1.9607843137254901,0.0,64.98360205191636,0.28838734567901236,0.5423611111111111,60;79;48;35;18;24;115;87;1;44;65;124;78;11;43;71;90;6
add_chargers_22,0,22,102,90,1,0.9803921568627451,0.009900990099009901,68.0637908775196,0.2254419191919192,0.4979166666666667,33;50;22;54;6;34;66;63;52;25;39;62;46;75;28;65;18;37;23;13;80;33
add_chargers_22,1,22,102,91,1,0.9803921568627451,0.02,53.54186064993221,0.2380050505050505,0.6534722222222222,18;73;33;27;22;9;33;16;64;115;58;61;84;49;25;27;13;63;4;50;56;78
add_chargers_22,2,22,102,98,0,0.0,0.0,53.69108228751533,0.2556186868686869,0.48680555555555555,115;33;8;12;11;47;31;22;15;28;86;40;33;78;28;26;5;75;88;21;56;82
add_chargers_22,3,22,102,97,0,0.0,0.0,56.02055543534191,0.24662247474747476,0.4263888888888889,31;76;70;17;48;78;61;81;75;9;34;2;33;34;71;30;25;3;27;117;25;21
add_chargers_22,4,22,102,99,0,0.0,0.0,72.34812199466596,0.24917929292929292,0.49375,31;39;14;4;51;62;20;12;9;3;52;71;38;22;8;29;67;69;47;36;23;117
add_chargers_22,5,22,102,96,1,0.9803921568627451,0.0,54.8064963731237,0.247979797979798,0.43819444444444444,80;33;15;46;26;89;32;117;84;68;4;60;24;32;31;7;21;15;48;61;115;49
add_chargers_22,6,22,102,95,0,0.0,0.0,56.64517129875335,0.25782828282828285,0.47430555555555554,26;74;30;11;63;22;34;5;1;19;85;76;61;34;15;48;41;3;35;115;26;5
add_chargers_22,7,22,102,98,0,0.0,0.0,51.46990163399836,0.2561868686868687,0.5284722222222222,42;20;51;84;7;10;30;69;13;47;75;8;65;28;5;12;56;54;9;31;24;71
add_chargers_22,8,22,102,96,0,0.0,0.0,52.37536280252464,0.24892676767676766,0.5097222222222222,30;48;49;17;25;91;6;11;18;32;28;65;27;52;83;4;59;63;23;50;64;74
add_chargers_22,9,22,102,95,0,0.0,0.0,55.629576988913556,0.2415719696969697,0.4986111111111111,60;79;48;35;18;24;87;1;44;65;124;78;11;43;71;118;90;6;5;49;22;91
add_chargers_26,0,26,102,90,1,0.9803921568627451,0.0,50.58994063211511,0.18931623931623934,0.4409722222222222,33;50;22;54;6;34;66;63;52;25;39;62;46;75;28;65;18;37;23;13;80;33;69;91;78;19
add_chargers_26,1,26,102,95,0,0.0,0.0,41.08262316792131,0.205849358974359,0.3993055555555556,18;73;33;27;22;9;33;16;64;115;58;61;84;49;25;27;13;63;4;50;56;78;1;90;29;35
add_chargers_26,2,26,102,97,0,0.0,0.0,42.05923569519102,0.2125267094017094,0.46805555555555556,115;33;8;12;11;47;31;22;15;28;86;40;33;78;28;26;5;75;88;21;56;82;51;66;48;70
add_chargers_26,3,26,102,97,0,0.0,0.0,47.453112383317915,0.20878739316239317,0.42777777777777776,31;76;70;17;48;78;61;81;75;9;34;2;33;34;71;30;25;3;27;117;25;21;51;82;20;24
add_chargers_26,4,26,102,99,0,0.0,0.0,62.55836087034763,0.20996260683760684,0.49375,31;39;14;4;51;62;20;12;9;3;52;71;38;22;8;29;67;69;47;36;23;117;34;28;4;83
add_chargers_26,5,26,102,97,0,0.0,0.0,56.49717447635062,0.21129807692307695,0.46041666666666664,80;33;15;46;26;89;32;117;84;68;4;60;24;32;31;7;21;15;48;61;115;49;70;14;74;33
add_chargers_26,6,26,102,95,0,0.0,0.0,50.75547883493791,0.218616452991453,0.4708333333333333,26;74;30;11;63;22;34;5;1;19;85;76;61;34;15;48;41;3;35;115;26;5;53;69;70;88
add_chargers_26,7,26,102,98,0,0.0,0.0,48.743957449852005,0.21463675213675215,0.43472222222222223,42;20;51;84;7;10;30;69;13;47;75;8;65;28;5;12;56;54;9;31;24;71;55;28;73;16
add_chargers_26,8,26,102,96,0,0.0,0.0,43.63365183108136,0.20846688034188035,0.45416666666666666,30;48;49;17;25;91;6;11;18;32;28;65;27;52;83;4;59;63;23;50;64;74;115;26;12;22
add_chargers_26,9,26,102,95,0,0.0,0.0,40.265712289122774,0.2033386752136752,0.3506944444444444,60;79;48;35;18;24;87;1;44;65;124;78;11;43;71;118;90;6;5;49;22;91;58;55;21;15
add_chargers_30,0,30,102,90,1,0.9803921568627451,0.0,47.26481101748417,0.16418981481481482,0.4395833333333333,33;50;22;54;6;34;66;63;52;25;39;62;46;75;28;65;18;37;23;13;80;33;69;91;78;19;40;17;10;43
add_chargers_30,1,30,102,93,0,0.0,0.0,40.466378213765175,0.1801851851851852,0.4,18;73;33;27;22;9;33;16;64;115;58;61;84;49;25;27;13;63;4;50;56;78;1;90;29;35;30;76;14;41
add_chargers_30,2,30,102,98,0,0.0,0.0,39.49377010984008,0.18562499999999998,0.46805555555555556,115;33;8;12;11;47;31;22;15;28;86;40;33;78;28;26;5;75;88;21;56;82;51;66;48;70;57;65;35;23
add_chargers_30,3,30,102,97,0,0.0,0.0,40.604375047619115,0.18129629629629632,0.3840277777777778,31;76;70;17;48;78;61;81;75;9;34;2;33;34;71;30;25;3;27;117;25;21;51;82;20;24;22;91;67;50
add_chargers_30,4,30,102,99,0,0.0,0.0,61.64733641691895,0.18252314814814816,0.49375,31;39;14;4;51;62;20;12;9;3;52;71;38;22;8;29;67;69;47;36;23;117;34;28;4;83;116;35;25;22
add_chargers_30,5,30,102,97,0,0.0,0.0,47.12239289925671,0.18444444444444444,0.35833333333333334,80;33;15;46;26;89;32;117;84;68;4;60;24;32;31;7;21;15;48;61;115;49;70;14;74;33;2;28;53;36
add_chargers_30,6,30,102,96,0,0.0,0.0,44.80037569416627,0.19115740740740741,0.3402777777777778,26;74;30;11;63;22;34;5;1;19;85;76;61;34;15;48;41;3;35;115;26;5;53;69;70;88;13;25;73;71
add_chargers_30,7,30,102,97,0,0.0,0.0,39.6702063065113,0.1816898148148148,0.43472222222222223,42;20;51;84;7;10;30;69;13;47;75;8;65;28;5;12;56;54;9;31;24;71;55;28;73;16;29;81;88;29
add_chargers_30,8,30,102,95,0,0.0,0.0,41.712430627779376,0.17965277777777777,0.39375,30;48;49;17;25;91;6;11;18;32;28;65;27;52;83;4;59;63;23;50;64;74;115;26;12;22;124;3;35;67
add_chargers_30,9,30,102,95,0,0.0,0.0,36.99223624779131,0.17520833333333333,0.39861111111111114,60;79;48;35;18;24;87;1;44;65;124;78;11;43;71;118;90;6;5;49;22;91;58;55;21;15;31;7;15;17
scale_both_c4_m1p0,0,4,102,51,47,46.07843137254902,0.2545454545454545,170.63452361160623,0.7055555555555555,0.8152777777777778,33;50;22;118
scale_both_c4_m1p0,1,4,102,44,54,52.94117647058824,0.19148936170212766,150.1548679504476,0.6390625,0.7736111111111111,18;73;33;27
scale_both_c4_m1p0,2,4,102,52,46,45.09803921568628,0.3392857142857143,165.97013882155306,0.7578125,0.7875,115;33;8;12
scale_both_c4_m1p0,3,4,102,48,52,50.98039215686274,0.38,129.98028829524762,0.7270833333333333,0.8298611111111112,31;76;70;17
scale_both_c4_m1p0,4,4,102,52,48,47.05882352941176,0.48148148148148145,147.32074543704516,0.7399305555555555,0.8166666666666667,31;39;14;4
scale_both_c4_m1p0,5,4,102,51,47,46.07843137254902,0.2909090909090909,137.71881411153421,0.696875,0.7375,80;33;15;46
scale_both_c4_m1p0,6,4,102,48,50,49.01960784313725,0.21153846153846154,166.49743407455736,0.6972222222222222,0.7326388888888888,26;74;30;11
scale_both_c4_m1p0,7,4,102,48,52,50.98039215686274,0.56,154.5872648084212,0.7171875,0.8152777777777778,42;20;51;84
scale_both_c4_m1p0,8,4,102,49,49,48.03921568627451,0.2830188679245283,139.59431140288527,0.6774305555555555,0.8229166666666666,30;48;49;17
scale_both_c4_m1p0,9,4,102,52,46,45.09803921568628,0.2,155.88769669551544,0.6894097222222222,0.7527777777777778,60;79;48;35
scale_both_c4_m1p5,0,4,157,59,94,59.87261146496815,0.6825396825396826,185.29513672393068,0.8064236111111112,0.9069444444444444,33;50;22;118
scale_both_c4_m1p5,1,4,157,53,102,64.96815286624204,0.46296296296296297,145.2054481717458,0.784375,0.8333333333333334,18;73;33;27
scale_both_c4_m1p5,2,4,157,61,94,59.87261146496815,0.8888888888888888,169.61623741548505,0.8291666666666666,0.8618055555555556,115;33;8;12
scale_both_c4_m1p5,3,4,157,55,98,62.42038216560509,0.46551724137931033,149.37192301223325,0.7755208333333333,0.86875,31;76;70;17
scale_both_c4_m1p5,4,4,157,56,99,63.05732484076433,0.3793103448275862,160.1952343717787,0.7774305555555555,0.8513888888888889,31;39;14;4
scale_both_c4_m1p5,5,4,157,57,97,61.78343949044586,0.31666666666666665,141.83679346483578,0.8255208333333334,0.8583333333333333,80;33;15;46
scale_both_c4_m1p5,6,4,157,59,95,60.509554140127385,0.6612903225806451,167.93101550035104,0.8501736111111111,0.9027777777777778,26;74;30;11
scale_both_c4_m1p5,7,4,157,53,101,64.3312101910828,0.5178571428571429,152.020762912223,0.7527777777777778,0.8458333333333333,42;20;51;84
scale_both_c4_m1p5,8,4,157,56,97,61.78343949044586,0.35,156.0249270596277,0.7753472222222222,0.8763888888888889,30;48;49;17
scale_both_c4_m1p5,9,4,157,59,93,59.23566878980891,0.5714285714285714,162.36564220386435,0.7935763888888889,0.81875,60;79;48;35
scale_both_c4_m2p0,0,4,204,58,142,69.6078431372549,0.6774193548387096,184.14736639486836,0.8173611111111111,0.8673611111111111,33;50;22;118
scale_both_c4_m2p0,1,4,204,60,141,69.11764705882352,0.6229508196721312,183.83635935458102,0.8644097222222222,0.9173611111111111,18;73;33;27
scale_both_c4_m2p0,2,4,204,64,138,67.64705882352942,0.7424242424242424,167.8796570507827,0.8930555555555556,0.9097222222222222,115;33;8;12
scale_both_c4_m2p0,3,4,204,55,144,70.58823529411765,0.6949152542372882,142.82732377398548,0.8211805555555556,0.9083333333333333,31;76;70;17
scale_both_c4_m2p0,4,4,204,60,142,69.6078431372549,0.6129032258064516,156.77866663152494,0.8078125,0.8958333333333334,31;39;14;4
scale_both_c4_m2p0,5,4,204,60,140,68.62745098039215,0.78125,152.67085678907014,0.8564236111111111,0.9368055555555556,80;33;15;46
scale_both_c4_m2p0,6,4,204,63,138,67.64705882352942,0.7727272727272727,168.62084822700305,0.8914930555555556,0.9013888888888889,26;74;30;11
scale_both_c4_m2p0,7,4,204,59,142,69.6078431372549,0.9032258064516129,163.51884352631555,0.8333333333333334,0.8923611111111112,42;20;51;84
scale_both_c4_m2p0,8,4,204,59,140,68.62745098039215,0.6507936507936508,158.20506467128325,0.8451388888888889,0.8965277777777778,30;48;49;17
scale_both_c4_m2p0,9,4,204,63,136,66.66666666666666,0.582089552238806,165.8647813676233,0.8388888888888889,0.8590277777777777,60;79;48;35
scale_both_c4_m2p5,0,4,251,62,185,73.70517928286853,0.9848484848484849,191.9408069049248,0.8619791666666666,0.8930555555555556,33;50;22;118
scale_both_c4_m2p5,1,4,251,61,183,72.90836653386454,1.4,182.05385141508302,0.9032986111111112,0.9298611111111111,18;73;33;27
scale_both_c4_m2p5,2,4,251,65,183,72.90836653386454,1.1764705882352942,180.81540535604816,0.9083333333333333,0.9298611111111111,115;33;8;12
scale_both_c4_m2p5,3,4,251,59,186,74.10358565737052,1.0634920634920635,133.18391632912892,0.8692708333333333,0.9354166666666667,31;76;70;17
scale_both_c4_m2p5,4,4,251,63,182,72.50996015936255,0.8208955223880597,159.05562179191057,0.8414930555555555,0.9013888888888889,31;39;14;4
scale_both_c4_m2p5,5,4,251,62,185,73.70517928286853,0.9848484848484849,171.45099238066092,0.9036458333333334,0.9534722222222223,80;33;15;46
scale_both_c4_m2p5,6,4,251,64,181,72.11155378486056,0.7205882352941176,172.76313986509183,0.8894097222222221,0.9215277777777777,26;74;30;11
scale_both_c4_m2p5,7,4,251,58,190,75.69721115537848,0.9344262295081968,151.7091269555374,0.8552083333333333,0.9013888888888889,42;20;51;84
scale_both_c4_m2p5,8,4,251,58,187,74.5019920318725,1.2903225806451613,170.35769669502892,0.8369791666666666,0.8958333333333334,30;48;49;17
scale_both_c4_m2p5,9,4,251,65,182,72.50996015936255,1.0294117647058822,163.3782711651618,0.8753472222222223,0.91875,60;79;48;35
scale_both_c4_m3,0,4,306,64,237,77.45098039215686,1.088235294117647,181.48067145456952,0.876736111111111,0.9409722222222222,33;50;22;118
scale_both_c4_m3,1,4,306,63,236,77.12418300653596,1.3582089552238805,178.3386290483983,0.8973958333333334,0.9222222222222223,18;73;33;27
scale_both_c4_m3,2,4,306,65,235,76.79738562091504,0.9565217391304348,174.73563874521776,0.9041666666666667,0.9340277777777778,115;33;8;12
scale_both_c4_m3,3,4,306,65,235,76.79738562091504,1.0724637681159421,152.25359392232252,0.903125,0.9479166666666666,31;76;70;17
scale_both_c4_m3,4,4,306,64,236,77.12418300653596,1.0,144.97539753633464,0.8807291666666667,0.9423611111111111,31;39;14;4
scale_both_c4_m3,5,4,306,66,235,76.79738562091504,1.463768115942029,179.23762964257568,0.9336805555555555,0.9513888888888888,80;33;15;46
scale_both_c4_m3,6,4,306,63,239,78.10457516339869,0.6417910447761194,174.88227646767976,0.9147569444444444,0.9416666666666667,26;74;30;11
scale_both_c4_m3,7,4,306,60,242,79.08496732026144,0.8253968253968254,149.19738089431513,0.8560763888888889,0.9145833333333333,42;20;51;84
scale_both_c4_m3,8,4,306,61,238,77.77777777777779,0.8769230769230769,148.532558293934,0.8572916666666667,0.9145833333333333,30;48;49;17
scale_both_c4_m3,9,4,306,65,236,77.12418300653596,0.9130434782608695,174.84529628563536,0.8987847222222223,0.9319444444444445,60;79;48;35
scale_both_c6_m1p0,0,6,102,74,22,21.568627450980394,0.2125,157.512757182124,0.6707175925925926,0.7361111111111112,33;50;22;118;54;6
scale_both_c6_m1p0,1,6,102,57,40,39.21568627450981,0.04918032786885246,139.11822026496156,0.558912037037037,0.7611111111111111,18;73;33;27;22;9
scale_both_c6_m1p0,2,6,102,68,30,29.411764705882355,0.08333333333333333,147.62943514443094,0.6585648148148149,0.7368055555555556,115;33;8;12;11;47
scale_both_c6_m1p0,3,6,102,67,32,31.372549019607842,0.08571428571428572,133.21950491946035,0.6393518518518518,0.7423611111111111,31;76;70;17;48;78
scale_both_c6_m1p0,4,6,102,67,32,31.372549019607842,0.2857142857142857,152.08918272992324,0.6168981481481481,0.8145833333333333,31;39;14;4;51;62
scale_both_c6_m1p0,5,6,102,68,30,29.411764705882355,0.20833333333333334,121.13724560924207,0.6335648148148149,0.6895833333333333,80;33;15;46;26;89
scale_both_c6_m1p0,6,6,102,65,31,30.392156862745097,0.22535211267605634,148.65054338314994,0.6273148148148148,0.7506944444444444,26;74;30;11;63;22
scale_both_c6_m1p0,7,6,102,68,31,30.392156862745097,0.39436619718309857,143.063808904909,0.6604166666666667,0.7451388888888889,42;20;51;84;7;10
scale_both_c6_m1p0,8,6,102,68,29,28.431372549019606,0.0547945205479452,122.43401206435743,0.6372685185185185,0.7673611111111112,30;48;49;17;25;91
scale_both_c6_m1p0,9,6,102,71,26,25.49019607843137,0.3333333333333333,138.18441455422814,0.6445601851851852,0.7333333333333333,60;79;48;35;18;24
scale_both_c6_m1p5,0,6,157,86,65,41.40127388535032,0.5652173913043478,168.72778047311522,0.7773148148148148,0.8701388888888889,33;50;22;118;54;6
scale_both_c6_m1p5,1,6,157,73,80,50.955414012738856,0.27631578947368424,150.08569223677037,0.7015046296296297,0.7618055555555555,18;73;33;27;22;9
scale_both_c6_m1p5,2,6,157,88,66,42.038216560509554,0.5054945054945055,162.22732737680138,0.8188657407407408,0.8875,115;33;8;12;11;47
scale_both_c6_m1p5,3,6,157,76,77,49.044585987261144,0.175,148.89829892052447,0.730787037037037,0.8256944444444444,31;76;70;17;48;78
scale_both_c6_m1p5,4,6,157,81,72,45.85987261146497,0.4588235294117647,164.72228742553375,0.7224537037037037,0.8569444444444444,31;39;14;4;51;62
scale_both_c6_m1p5,5,6,157,78,75,47.77070063694268,0.25609756097560976,135.86142071241642,0.7531249999999999,0.8486111111111111,80;33;15;46;26;89
scale_both_c6_m1p5,6,6,157,83,70,44.5859872611465,0.45977011494252873,148.57934684558063,0.7960648148148147,0.8416666666666667,26;74;30;11;63;22
scale_both_c6_m1p5,7,6,157,72,80,50.955414012738856,0.5454545454545454,153.6157543370532,0.725925925925926,0.8520833333333333,42;20;51;84;7;10
scale_both_c6_m1p5,8,6,157,79,72,45.85987261146497,0.21428571428571427,142.95647286255203,0.7202546296296296,0.8368055555555556,30;48;49;17;25;91
scale_both_c6_m1p5,9,6,157,83,68,43.31210191082803,0.3977272727272727,144.97700765916483,0.7531249999999999,0.83125,60;79;48;35;18;24
scale_both_c6_m2p0,0,6,204,90,108,52.94117647058824,0.6979166666666666,172.92007460454295,0.8180555555555555,0.8826388888888889,33;50;22;118;54;6
scale_both_c6_m2p0,1,6,204,82,117,57.35294117647059,0.47058823529411764,148.19902203695838,0.7978009259259259,0.8513888888888889,18;73;33;27;22;9
scale_both_c6_m2p0,2,6,204,91,109,53.431372549019606,0.6842105263157895,159.98968009388506,0.8703703703703703,0.9236111111111112,115;33;8;12;11;47
scale_both_c6_m2p0,3,6,204,82,117,57.35294117647059,0.3218390804597701,134.16491615918582,0.7703703703703703,0.8590277777777777,31;76;70;17;48;78
scale_both_c6_m2p0,4,6,204,85,114,55.88235294117647,0.5,162.53427774391872,0.7561342592592593,0.8375,31;39;14;4;51;62
scale_both_c6_m2p0,5,6,204,84,116,56.86274509803921,0.5568181818181818,141.13255258599116,0.8237268518518519,0.9368055555555556,80;33;15;46;26;89
scale_both_c6_m2p0,6,6,204,88,111,54.41176470588235,0.6451612903225806,158.12519295904548,0.840162037037037,0.8965277777777778,26;74;30;11;63;22
scale_both_c6_m2p0,7,6,204,81,118,57.84313725490197,0.627906976744186,161.0979800467062,0.7827546296296296,0.9173611111111111,42;20;51;84;7;10
scale_both_c6_m2p0,8,6,204,85,112,54.90196078431373,0.7777777777777778,153.50528498808023,0.7949074074074075,0.9152777777777777,30;48;49;17;25;91
scale_both_c6_m2p0,9,6,204,89,108,52.94117647058824,0.5157894736842106,153.05738384438786,0.8114583333333334,0.8479166666666667,60;79;48;35;18;24
scale_both_c6_m2p5,0,6,251,96,149,59.36254980079681,0.6470588235294118,175.4986249558785,0.8618055555555556,0.91875,33;50;22;118;54;6
scale_both_c6_m2p5,1,6,251,90,152,60.55776892430279,0.9479166666666666,175.50112487576618,0.8636574074074074,0.9208333333333333,18;73;33;27;22;9
scale_both_c6_m2p5,2,6,251,94,153,60.95617529880478,0.7142857142857143,162.9580225970135,0.8652777777777777,0.9368055555555556,115;33;8;12;11;47
scale_both_c6_m2p5,3,6,251,85,159,63.34661354581673,0.8131868131868132,136.88892879720302,0.8138888888888888,0.8805555555555555,31;76;70;17;48;78
scale_both_c6_m2p5,4,6,251,93,150,59.76095617529881,0.6060606060606061,168.2238814584513,0.8206018518518517,0.8965277777777778,31;39;14;4;51;62
scale_both_c6_m2p5,5,6,251,89,158,62.94820717131474,0.6989247311827957,161.0017042962329,0.8668981481481483,0.9638888888888889,80;33;15;46;26;89
scale_both_c6_m2p5,6,6,251,93,152,60.55776892430279,0.5714285714285714,167.53985885323814,0.8556712962962963,0.9131944444444444,26;74;30;11;63;22
scale_both_c6_m2p5,7,6,251,85,161,64.14342629482071,0.8,155.70400225836096,0.8229166666666666,0.9298611111111111,42;20;51;84;7;10
scale_both_c6_m2p5,8,6,251,88,154,61.354581673306775,1.1382978723404256,158.22264363712435,0.840162037037037,0.9166666666666666,30;48;49;17;25;91
scale_both_c6_m2p5,9,6,251,94,150,59.76095617529881,0.85,142.38336679675652,0.8508101851851851,0.8805555555555555,60;79;48;35;18;24
scale_both_c6_m3,0,6,306,100,199,65.0326797385621,0.9905660377358491,171.15324126215455,0.8784722222222222,0.9333333333333333,33;50;22;118;54;6
scale_both_c6_m3,1,6,306,91,206,67.3202614379085,0.979381443298969,185.3357692663982,0.8910879629629629,0.9159722222222222,18;73;33;27;22;9
scale_both_c6_m3,2,6,306,99,200,65.359477124183,0.9142857142857143,182.15631853631743,0.9085648148148149,0.9423611111111111,115;33;8;12;11;47
scale_both_c6_m3,3,6,306,97,201,65.68627450980392,0.9514563106796117,138.35395618921035,0.8848379629629629,0.9402777777777778,31;76;70;17;48;78
scale_both_c6_m3,4,6,306,93,206,67.3202614379085,0.9387755102040817,170.06660018709906,0.8408564814814814,0.8902777777777777,31;39;14;4;51;62
scale_both_c6_m3,5,6,306,95,205,66.99346405228758,1.06,167.41585124591842,0.8967592592592593,0.9659722222222222,80;33;15;46;26;89
scale_both_c6_m3,6,6,306,96,205,66.99346405228758,0.69,178.74656674103844,0.9141203703703704,0.9541666666666667,26;74;30;11;63;22
scale_both_c6_m3,7,6,306,91,209,68.30065359477125,0.7916666666666666,160.97851136085595,0.859837962962963,0.93125,42;20;51;84;7;10
scale_both_c6_m3,8,6,306,90,207,67.64705882352942,0.9166666666666666,126.13123107880564,0.8512731481481483,0.9368055555555556,30;48;49;17;25;91
scale_both_c6_m3,9,6,306,97,202,66.01307189542483,0.9029126213592233,154.0329611018302,0.9004629629629629,0.9236111111111112,60;79;48;35;18;24
scale_both_c8_m1p0,0,8,102,82,12,11.76470588235294,0.07777777777777778,132.97587211363992,0.5683159722222222,0.75625,33;50;22;118;54;6;34;66
scale_both_c8_m1p0,1,8,102,67,28,27.450980392156865,0.0410958904109589,117.87354299373771,0.49461805555555555,0.6972222222222222,18;73;33;27;22;9;33;16
scale_both_c8_m1p0,2,8,102,76,21,20.588235294117645,0.08641975308641975,126.00844842346815,0.5495659722222223,0.6597222222222222,115;33;8;12;11;47;31;22
scale_both_c8_m1p0,3,8,102,86,12,11.76470588235294,0.1,123.69458555801816,0.6065972222222222,0.7083333333333334,31;76;70;17;48;78;61;81
scale_both_c8_m1p0,4,8,102,82,17,16.666666666666664,0.2823529411764706,149.4770489526232,0.5675347222222222,0.7305555555555555,31;39;14;4;51;62;20;12
scale_both_c8_m1p0,5,8,102,76,21,20.588235294117645,0.14814814814814814,108.30271536260014,0.5279513888888889,0.6895833333333333,80;33;15;46;26;89;32;84
scale_both_c8_m1p0,6,8,102,79,16,15.686274509803921,0.1744186046511628,131.24386594390452,0.5899305555555555,0.6951388888888889,26;74;30;11;63;22;34;5
scale_both_c8_m1p0,7,8,102,84,14,13.725490196078432,0.29545454545454547,133.5456272104441,0.5966145833333334,0.7125,42;20;51;84;7;10;30;69
scale_both_c8_m1p0,8,8,102,79,18,17.647058823529413,0.023809523809523808,123.97322656701664,0.5578125,0.7055555555555556,30;48;49;17;25;91;6;11
scale_both_c8_m1p0,9,8,102,86,11,10.784313725490197,0.16483516483516483,134.6909909219417,0.5893229166666667,0.6875,60;79;48;35;18;24;115;87
scale_both_c8_m1p5,0,8,157,101,48,30.573248407643312,0.1743119266055046,159.9445306345027,0.6934895833333333,0.8354166666666667,33;50;22;118;54;6;34;66
scale_both_c8_m1p5,1,8,157,96,55,35.03184713375796,0.19801980198019803,137.44328613427564,0.6927083333333334,0.8118055555555556,18;73;33;27;22;9;33;16
scale_both_c8_m1p5,2,8,157,104,48,30.573248407643312,0.27522935779816515,139.11570302070814,0.7479166666666667,0.8652777777777778,115;33;8;12;11;47;31;22
scale_both_c8_m1p5,3,8,157,102,50,31.84713375796178,0.34579439252336447,155.09879892816903,0.7326388888888888,0.8159722222222222,31;76;70;17;48;78;61;81
scale_both_c8_m1p5,4,8,157,100,51,32.48407643312102,0.27358490566037735,151.6987143882299,0.6842013888888889,0.7701388888888889,31;39;14;4;51;62;20;12
scale_both_c8_m1p5,5,8,157,95,56,35.6687898089172,0.22772277227722773,138.7414227320041,0.6807291666666666,0.8131944444444444,80;33;15;46;26;89;32;84
scale_both_c8_m1p5,6,8,157,105,47,29.936305732484076,0.2818181818181818,142.71342505008263,0.7565104166666666,0.8520833333333333,26;74;30;11;63;22;34;5
scale_both_c8_m1p5,7,8,157,102,49,31.210191082802545,0.4722222222222222,151.16236924926008,0.7235243055555556,0.9076388888888889,42;20;51;84;7;10;30;69
scale_both_c8_m1p5,8,8,157,103,49,31.210191082802545,0.2037037037037037,143.31804742414678,0.7270833333333333,0.8270833333333333,30;48;49;17;25;91;6;11
scale_both_c8_m1p5,9,8,157,104,46,29.29936305732484,0.35135135135135137,127.78541258062477,0.7059895833333334,0.8256944444444444,60;79;48;35;18;24;115;87
scale_both_c8_m2p0,0,8,204,111,85,41.66666666666667,0.5462184873949579,163.41792831168854,0.7576388888888889,0.8576388888888888,33;50;22;118;54;6;34;66
scale_both_c8_m2p0,1,8,204,109,88,43.13725490196079,0.4824561403508772,143.90498814241207,0.7835069444444445,0.8625,18;73;33;27;22;9;33;16
scale_both_c8_m2p0,2,8,204,111,88,43.13725490196079,0.4827586206896552,150.99290273905117,0.8090277777777778,0.9083333333333333,115;33;8;12;11;47;31;22
scale_both_c8_m2p0,3,8,204,105,92,45.09803921568628,0.6071428571428571,145.13847965989575,0.7842881944444444,0.85625,31;76;70;17;48;78;61;81
scale_both_c8_m2p0,4,8,204,113,86,42.15686274509804,0.4067796610169492,157.63515516212055,0.7520833333333333,0.8145833333333333,31;39;14;4;51;62;20;12
scale_both_c8_m2p0,5,8,204,105,93,45.588235294117645,0.32432432432432434,132.70698703452948,0.7614583333333333,0.8784722222222222,80;33;15;46;26;89;32;84
scale_both_c8_m2p0,6,8,204,112,86,42.15686274509804,0.3559322033898305,145.909693488318,0.7924479166666667,0.8763888888888889,26;74;30;11;63;22;34;5
scale_both_c8_m2p0,7,8,204,108,88,43.13725490196079,0.6293103448275862,140.2937289484601,0.7569444444444444,0.8923611111111112,42;20;51;84;7;10;30;69
scale_both_c8_m2p0,8,8,204,116,82,40.19607843137255,0.5655737704918032,159.54751303871274,0.7947048611111112,0.9125,30;48;49;17;25;91;6;11
scale_both_c8_m2p0,9,8,204,113,83,40.68627450980392,0.36363636363636365,130.35635542295302,0.7712673611111112,0.8534722222222222,60;79;48;35;18;24;115;87
scale_both_c8_m2p5,0,8,251,120,123,49.00398406374502,0.765625,172.37682546917506,0.8239583333333333,0.9430555555555555,33;50;22;118;54;6;34;66
scale_both_c8_m2p5,1,8,251,118,124,49.40239043824701,0.704,147.64430709960544,0.8635416666666667,0.9270833333333334,18;73;33;27;22;9;33;16
scale_both_c8_m2p5,2,8,251,119,126,50.199203187250994,0.744,164.40895185910216,0.8643229166666666,0.9104166666666667,115;33;8;12;11;47;31;22
scale_both_c8_m2p5,3,8,251,111,132,52.589641434262944,0.8135593220338984,146.06896346047148,0.8236111111111111,0.8805555555555555,31;76;70;17;48;78;61;81
scale_both_c8_m2p5,4,8,251,120,121,48.20717131474104,0.4765625,160.42123109647895,0.8030381944444445,0.8576388888888888,31;39;14;4;51;62;20;12
scale_both_c8_m2p5,5,8,251,115,129,51.39442231075697,0.6147540983606558,146.57757005962384,0.8228298611111111,0.91875,80;33;15;46;26;89;32;84
scale_both_c8_m2p5,6,8,251,122,123,49.00398406374502,0.5546875,163.57785531261072,0.8528645833333334,0.9256944444444445,26;74;30;11;63;22;34;5
scale_both_c8_m2p5,7,8,251,112,131,52.191235059760956,0.8,142.0222271280345,0.8058159722222222,0.9020833333333333,42;20;51;84;7;10;30;69
scale_both_c8_m2p5,8,8,251,118,124,49.40239043824701,1.0476190476190477,150.951830802088,0.8362847222222223,0.9055555555555556,30;48;49;17;25;91;6;11
scale_both_c8_m2p5,9,8,251,123,120,47.808764940239044,0.6564885496183206,135.8614283231977,0.8317708333333333,0.8597222222222223,60;79;48;35;18;24;115;87
scale_both_c8_m3,0,8,306,126,171,55.88235294117647,0.7835820895522388,167.14197917544382,0.8564236111111111,0.89375,33;50;22;118;54;6;34;66
scale_both_c8_m3,1,8,306,120,175,57.18954248366013,0.8359375,163.40915040053966,0.88046875,0.9395833333333333,18;73;33;27;22;9;33;16
scale_both_c8_m3,2,8,306,125,171,55.88235294117647,0.9097744360902256,168.72898917363239,0.8858506944444444,0.9194444444444444,115;33;8;12;11;47;31;22
scale_both_c8_m3,3,8,306,123,173,56.5359477124183,0.7786259541984732,145.67507695040348,0.8592881944444445,0.9208333333333333,31;76;70;17;48;78;61;81
scale_both_c8_m3,4,8,306,118,178,58.16993464052288,0.6984126984126984,160.01670427781693,0.8276041666666667,0.8868055555555555,31;39;14;4;51;62;20;12
scale_both_c8_m3,5,8,306,123,175,57.18954248366013,0.7441860465116279,155.4588884815347,0.8783854166666667,0.96875,80;33;15;46;26;89;32;84
scale_both_c8_m3,6,8,306,124,175,57.18954248366013,0.7692307692307693,181.04708364282558,0.8914930555555556,0.9361111111111111,26;74;30;11;63;22;34;5
scale_both_c8_m3,7,8,306,121,176,57.51633986928104,0.9534883720930233,157.28804578847448,0.8527777777777777,0.9388888888888889,42;20;51;84;7;10;30;69
scale_both_c8_m3,8,8,306,122,174,56.86274509803921,0.9153846153846154,147.45895448479374,0.8467881944444444,0.9243055555555556,30;48;49;17;25;91;6;11
scale_both_c8_m3,9,8,306,124,174,56.86274509803921,0.7121212121212122,147.43659890825464,0.8598958333333333,0.9055555555555556,60;79;48;35;18;24;115;87
scale_both_c10_m1p0,0,10,102,90,2,1.9607843137254901,0.02,124.72219310620432,0.4948611111111111,0.7506944444444444,33;50;22;118;54;6;34;66;63;52
scale_both_c10_m1p0,1,10,102,86,8,7.8431372549019605,0.0967741935483871,115.87345735150323,0.4961805555555555,0.6965277777777777,18;73;33;27;22;9;33;16;64;58
scale_both_c10_m1p0,2,10,102,87,10,9.803921568627452,0.07608695652173914,123.65035320125595,0.4978472222222222,0.6916666666666667,115;33;8;12;11;47;31;22;15;28
scale_both_c10_m1p0,3,10,102,94,3,2.941176470588235,0.020202020202020204,121.90856368050035,0.530625,0.7229166666666667,31;76;70;17;48;78;61;81;75;9
scale_both_c10_m1p0,4,10,102,93,6,5.88235294117647,0.041666666666666664,147.1680345837701,0.514375,0.7166666666666667,31;39;14;4;51;62;20;12;9;3
scale_both_c10_m1p0,5,10,102,85,12,11.76470588235294,0.06666666666666667,95.26442955625765,0.4802083333333333,0.6409722222222223,80;33;15;46;26;89;32;84;68;4
scale_both_c10_m1p0,6,10,102,89,6,5.88235294117647,0.09375,118.12570868646786,0.5260416666666667,0.6020833333333333,26;74;30;11;63;22;34;5;1;19
scale_both_c10_m1p0,7,10,102,90,8,7.8431372549019605,0.06382978723404255,105.81771309158648,0.5284722222222222,0.6451388888888889,42;20;51;84;7;10;30;69;13;47
scale_both_c10_m1p0,8,10,102,87,10,9.803921568627452,0.0,123.4110209635114,0.4961111111111111,0.63125,30;48;49;17;25;91;6;11;18;32
scale_both_c10_m1p0,9,10,102,90,7,6.862745098039216,0.021052631578947368,96.40386453139224,0.49312500000000004,0.5784722222222223,60;79;48;35;18;24;115;87;1;44
scale_both_c10_m1p5,0,10,157,122,25,15.92356687898089,0.25757575757575757,153.72370164842073,0.6739583333333333,0.8236111111111111,33;50;22;118;54;6;34;66;63;52
scale_both_c10_m1p5,1,10,157,115,35,22.29299363057325,0.2727272727272727,127.35147165255887,0.6558333333333334,0.81875,18;73;33;27;22;9;33;16;64;58
scale_both_c10_m1p5,2,10,157,119,33,21.019108280254777,0.3064516129032258,144.60328155309514,0.684375,0.8305555555555556,115;33;8;12;11;47;31;22;15;28
scale_both_c10_m1p5,3,10,157,117,34,21.656050955414013,0.25203252032520324,151.24013619524075,0.6627083333333333,0.8069444444444445,31;76;70;17;48;78;61;81;75;9
scale_both_c10_m1p5,4,10,157,120,32,20.382165605095544,0.072,150.2683024729135,0.6504166666666666,0.7631944444444444,31;39;14;4;51;62;20;12;9;3
scale_both_c10_m1p5,5,10,157,108,41,26.11464968152866,0.1810344827586207,117.19110529448396,0.6218055555555556,0.8381944444444445,80;33;15;46;26;89;32;84;68;4
scale_both_c10_m1p5,6,10,157,122,29,18.471337579617835,0.2109375,130.2370725534296,0.7060416666666667,0.7881944444444444,26;74;30;11;63;22;34;5;1;19
scale_both_c10_m1p5,7,10,157,113,36,22.929936305732486,0.32231404958677684,132.26494247995802,0.6694444444444445,0.8083333333333333,42;20;51;84;7;10;30;69;13;47
scale_both_c10_m1p5,8,10,157,119,31,19.745222929936308,0.14285714285714285,138.02420002606917,0.6736805555555556,0.7465277777777778,30;48;49;17;25;91;6;11;18;32
scale_both_c10_m1p5,9,10,157,124,25,15.92356687898089,0.1893939393939394,126.84047688834272,0.6688194444444444,0.7701388888888889,60;79;48;35;18;24;115;87;1;44
scale_both_c10_m2p0,0,10,204,136,58,28.431372549019606,0.3150684931506849,160.927174589466,0.7496527777777777,0.8569444444444444,33;50;22;118;54;6;34;66;63;52
scale_both_c10_m2p0,1,10,204,133,64,31.372549019607842,0.41007194244604317,151.16343672403667,0.7573611111111112,0.8951388888888889,18;73;33;27;22;9;33;16;64;58
scale_both_c10_m2p0,2,10,204,135,64,31.372549019607842,0.40714285714285714,161.00835023256613,0.7807638888888888,0.9034722222222222,115;33;8;12;11;47;31;22;15;28
scale_both_c10_m2p0,3,10,204,128,68,33.33333333333333,0.3897058823529412,150.95967480408382,0.7259722222222222,0.8569444444444444,31;76;70;17;48;78;61;81;75;9
scale_both_c10_m2p0,4,10,204,132,64,31.372549019607842,0.3,157.9488951456753,0.7214583333333333,0.8458333333333333,31;39;14;4;51;62;20;12;9;3
scale_both_c10_m2p0,5,10,204,131,66,32.35294117647059,0.37681159420289856,129.49352242398598,0.7486111111111111,0.8965277777777778,80;33;15;46;26;89;32;84;68;4
scale_both_c10_m2p0,6,10,204,138,58,28.431372549019606,0.3835616438356164,142.2517337227611,0.7745833333333334,0.8631944444444445,26;74;30;11;63;22;34;5;1;19
scale_both_c10_m2p0,7,10,204,130,64,31.372549019607842,0.45714285714285713,137.90232329571714,0.754375,0.8493055555555555,42;20;51;84;7;10;30;69;13;47
scale_both_c10_m2p0,8,10,204,136,61,29.901960784313726,0.3146853146853147,144.05884456744707,0.7609027777777777,0.8430555555555556,30;48;49;17;25;91;6;11;18;32
scale_both_c10_m2p0,9,10,204,141,53,25.98039215686275,0.3509933774834437,133.67030334216113,0.7570138888888889,0.7965277777777777,60;79;48;35;18;24;115;87;1;44
scale_both_c10_m2p5,0,10,251,143,98,39.04382470119522,0.5163398692810458,172.64068746327348,0.8025694444444446,0.9180555555555555,33;50;22;118;54;6;34;66;63;52
scale_both_c10_m2p5,1,10,251,141,99,39.44223107569721,0.76,163.71170290060368,0.8303472222222222,0.9083333333333333,18;73;33;27;22;9;33;16;64;58
scale_both_c10_m2p5,2,10,251,146,100,39.8406374501992,0.6158940397350994,162.43211224463514,0.835138888888889,0.9284722222222223,115;33;8;12;11;47;31;22;15;28
scale_both_c10_m2p5,3,10,251,136,106,42.23107569721115,0.6458333333333334,152.54566725483906,0.7964583333333334,0.9076388888888889,31;76;70;17;48;78;61;81;75;9
scale_both_c10_m2p5,4,10,251,147,92,36.65338645418327,0.36942675159235666,162.21116512315652,0.7888194444444444,0.8715277777777778,31;39;14;4;51;62;20;12;9;3
scale_both_c10_m2p5,5,10,251,141,103,41.03585657370518,0.5608108108108109,136.9316849501907,0.8161805555555557,0.9284722222222223,80;33;15;46;26;89;32;84;68;4
scale_both_c10_m2p5,6,10,251,148,94,37.45019920318725,0.5796178343949044,160.83132272266548,0.8388194444444445,0.9131944444444444,26;74;30;11;63;22;34;5;1;19
scale_both_c10_m2p5,7,10,251,136,105,41.832669322709165,0.5821917808219178,144.1518753350518,0.7931250000000001,0.8763888888888889,42;20;51;84;7;10;30;69;13;47
scale_both_c10_m2p5,8,10,251,147,94,37.45019920318725,0.6369426751592356,152.20606970906775,0.8288194444444444,0.8854166666666666,30;48;49;17;25;91;6;11;18;32
scale_both_c10_m2p5,9,10,251,147,94,37.45019920318725,0.47435897435897434,138.2347331093885,0.8057638888888888,0.8826388888888889,60;79;48;35;18;24;115;87;1;44
scale_both_c10_m3,0,10,306,153,142,46.40522875816993,0.7423312883435583,172.759860122079,0.8454166666666666,0.9180555555555555,33;50;22;118;54;6;34;66;63;52
scale_both_c10_m3,1,10,306,150,145,47.385620915032675,0.7987421383647799,172.63637152511558,0.861736111111111,0.925,18;73;33;27;22;9;33;16;64;58
scale_both_c10_m3,2,10,306,155,140,45.751633986928105,0.8292682926829268,171.09494246198904,0.8698611111111111,0.9680555555555556,115;33;8;12;11;47;31;22;15;28
scale_both_c10_m3,3,10,306,148,147,48.03921568627451,0.8544303797468354,163.13192129625298,0.8463194444444444,0.9284722222222223,31;76;70;17;48;78;61;81;75;9
scale_both_c10_m3,4,10,306,147,147,48.03921568627451,0.46496815286624205,168.12496274930194,0.8061805555555555,0.8743055555555556,31;39;14;4;51;62;20;12;9;3
scale_both_c10_m3,5,10,306,148,147,48.03921568627451,0.6835443037974683,140.42372966409994,0.8493055555555555,0.9430555555555555,80;33;15;46;26;89;32;84;68;4
scale_both_c10_m3,6,10,306,154,145,47.385620915032675,0.577639751552795,162.79987151225455,0.8855555555555557,0.9368055555555556,26;74;30;11;63;22;34;5;1;19
scale_both_c10_m3,7,10,306,144,152,49.673202614379086,0.6274509803921569,148.67899732693238,0.836111111111111,0.8965277777777778,42;20;51;84;7;10;30;69;13;47
scale_both_c10_m3,8,10,306,151,143,46.73202614379085,0.8260869565217391,149.25904808183708,0.8495138888888889,0.9055555555555556,30;48;49;17;25;91;6;11;18;32
scale_both_c10_m3,9,10,306,152,143,46.73202614379085,0.5925925925925926,143.3173460118345,0.8438194444444445,0.8833333333333333,60;79;48;35;18;24;115;87;1;44
scale_both_c14_m1p0,0,14,102,90,1,0.9803921568627451,0.0,91.50931260698228,0.3524305555555555,0.6152777777777778,33;50;22;118;54;6;34;66;63;52;25;31;39;62
scale_both_c14_m1p0,1,14,102,91,2,1.9607843137254901,0.030303030303030304,95.48824121325133,0.3717261904761905,0.7770833333333333,18;73;33;27;22;9;33;16;64;58;61;84;49;25
scale_both_c14_m1p0,2,14,102,94,2,1.9607843137254901,0.0,83.75818365181664,0.38437499999999997,0.6569444444444444,115;33;8;12;11;47;31;22;15;28;86;34;40;33
scale_both_c14_m1p0,3,14,102,97,0,0.0,0.0,81.8236787511695,0.3904761904761905,0.49444444444444446,31;76;70;17;48;78;61;81;75;9;2;32;34;71
scale_both_c14_m1p0,4,14,102,98,1,0.9803921568627451,0.009900990099009901,99.30129361915456,0.3864583333333333,0.5951388888888889,31;39;14;4;51;62;20;12;9;3;52;71;38;27
scale_both_c14_m1p0,5,14,102,96,1,0.9803921568627451,0.039603960396039604,78.4408226022688,0.38859126984126985,0.59375,80;33;15;46;26;89;32;84;68;4;60;24;32;7
scale_both_c14_m1p0,6,14,102,93,2,1.9607843137254901,0.02,95.6596671049887,0.39419642857142856,0.6041666666666666,26;74;30;11;63;22;34;5;1;19;85;76;61;15
scale_both_c14_m1p0,7,14,102,95,3,2.941176470588235,0.0,84.16823286798817,0.3869047619047619,0.5520833333333334,42;20;51;84;7;10;30;69;13;47;75;8;65;28
scale_both_c14_m1p0,8,14,102,91,6,5.88235294117647,0.0,91.3497891782336,0.3705853174603174,0.5423611111111111,30;48;49;17;25;91;6;11;18;32;28;65;27;52
scale_both_c14_m1p0,9,14,102,91,4,3.9215686274509802,0.0,75.87774228416173,0.3566468253968254,0.5423611111111111,60;79;48;35;18;24;115;87;1;44;65;124;78;11
scale_both_c14_m1p5,0,14,157,136,8,5.095541401273886,0.03355704697986577,120.81360022323068,0.5371031746031746,0.7069444444444445,33;50;22;118;54;6;34;66;63;52;25;31;39;62
scale_both_c14_m1p5,1,14,157,133,14,8.9171974522293,0.13380281690140844,114.98966818728063,0.5361607142857142,0.7805555555555556,18;73;33;27;22;9;33;16;64;58;61;84;49;25
scale_both_c14_m1p5,2,14,157,137,13,8.280254777070063,0.11805555555555555,108.6787672720368,0.5706845238095238,0.7576388888888889,115;33;8;12;11;47;31;22;15;28;86;34;40;33
scale_both_c14_m1p5,3,14,157,140,10,6.369426751592357,0.05442176870748299,110.77410180110645,0.5608630952380952,0.7215277777777778,31;76;70;17;48;78;61;81;75;9;2;32;34;71
scale_both_c14_m1p5,4,14,157,140,10,6.369426751592357,0.12244897959183673,128.36046736252393,0.5513392857142857,0.7388888888888889,31;39;14;4;51;62;20;12;9;3;52;71;38;27
scale_both_c14_m1p5,5,14,157,133,15,9.554140127388536,0.09154929577464789,94.40225016286337,0.5486607142857143,0.7777777777777778,80;33;15;46;26;89;32;84;68;4;60;24;32;7
scale_both_c14_m1p5,6,14,157,137,13,8.280254777070063,0.09027777777777778,105.86494709237502,0.5672123015873016,0.7909722222222222,26;74;30;11;63;22;34;5;1;19;85;76;61;15
scale_both_c14_m1p5,7,14,157,134,15,9.554140127388536,0.09154929577464789,114.05873604184218,0.5482638888888889,0.6611111111111111,42;20;51;84;7;10;30;69;13;47;75;8;65;28
scale_both_c14_m1p5,8,14,157,137,11,7.006369426751593,0.03424657534246575,110.02330128656654,0.5539186507936508,0.6291666666666667,30;48;49;17;25;91;6;11;18;32;28;65;27;52
scale_both_c14_m1p5,9,14,157,140,8,5.095541401273886,0.013422818791946308,90.82674940011135,0.5439980158730159,0.7451388888888889,60;79;48;35;18;24;115;87;1;44;65;124;78;11
scale_both_c14_m2p0,0,14,204,167,23,11.27450980392157,0.12154696132596685,140.19309215090564,0.6611607142857142,0.86875,33;50;22;118;54;6;34;66;63;52;25;31;39;62
scale_both_c14_m2p0,1,14,204,161,31,15.196078431372548,0.23255813953488372,134.7272253360549,0.6605654761904762,0.8625,18;73;33;27;22;9;33;16;64;58;61;84;49;25
scale_both_c14_m2p0,2,14,204,165,33,16.176470588235293,0.19883040935672514,127.07962316014998,0.6818452380952381,0.8465277777777778,115;33;8;12;11;47;31;22;15;28;86;34;40;33
scale_both_c14_m2p0,3,14,204,163,32,15.686274509803921,0.1511627906976744,126.32678535286942,0.6681547619047619,0.7763888888888889,31;76;70;17;48;78;61;81;75;9;2;32;34;71
scale_both_c14_m2p0,4,14,204,166,28,13.725490196078432,0.2159090909090909,126.37208654454076,0.6475694444444444,0.8111111111111111,31;39;14;4;51;62;20;12;9;3;52;71;38;27
scale_both_c14_m2p0,5,14,204,161,33,16.176470588235293,0.11695906432748537,112.90089981947266,0.6578869047619048,0.8854166666666666,80;33;15;46;26;89;32;84;68;4;60;24;32;7
scale_both_c14_m2p0,6,14,204,163,34,16.666666666666664,0.2235294117647059,129.8489543072755,0.6679563492063493,0.8340277777777778,26;74;30;11;63;22;34;5;1;19;85;76;61;15
scale_both_c14_m2p0,7,14,204,162,30,14.705882352941178,0.16091954022988506,125.5262235093719,0.6547123015873016,0.8194444444444444,42;20;51;84;7;10;30;69;13;47;75;8;65;28
scale_both_c14_m2p0,8,14,204,166,28,13.725490196078432,0.17613636363636365,125.04399021400341,0.6646825396825397,0.7416666666666667,30;48;49;17;25;91;6;11;18;32;28;65;27;52
scale_both_c14_m2p0,9,14,204,168,24,11.76470588235294,0.16666666666666666,120.89015312054298,0.6607638888888889,0.8298611111111112,60;79;48;35;18;24;115;87;1;44;65;124;78;11
scale_both_c14_m2p5,0,14,251,184,53,21.115537848605577,0.21717171717171718,140.33370531467355,0.7292162698412697,0.8743055555555556,33;50;22;118;54;6;34;66;63;52;25;31;39;62
scale_both_c14_m2p5,1,14,251,181,55,21.91235059760956,0.3247422680412371,135.03734615466834,0.7388392857142857,0.8506944444444444,18;73;33;27;22;9;33;16;64;58;61;84;49;25
scale_both_c14_m2p5,2,14,251,189,55,21.91235059760956,0.39285714285714285,144.13161196261444,0.767361111111111,0.8708333333333333,115;33;8;12;11;47;31;22;15;28;86;34;40;33
scale_both_c14_m2p5,3,14,251,177,64,25.49800796812749,0.32085561497326204,135.59640466971575,0.7405257936507936,0.8527777777777777,31;76;70;17;48;78;61;81;75;9;2;32;34;71
scale_both_c14_m2p5,4,14,251,188,49,19.52191235059761,0.22885572139303484,148.43796004175758,0.7390873015873015,0.8138888888888889,31;39;14;4;51;62;20;12;9;3;52;71;38;27
scale_both_c14_m2p5,5,14,251,184,57,22.709163346613543,0.36597938144329895,128.92222084316097,0.750843253968254,0.9222222222222223,80;33;15;46;26;89;32;84;68;4;60;24;32;7
scale_both_c14_m2p5,6,14,251,189,54,21.51394422310757,0.34517766497461927,140.3887313769716,0.758531746031746,0.8708333333333333,26;74;30;11;63;22;34;5;1;19;85;76;61;15
scale_both_c14_m2p5,7,14,251,178,59,23.50597609561753,0.4375,135.27372426611274,0.7164186507936509,0.8256944444444444,42;20;51;84;7;10;30;69;13;47;75;8;65;28
scale_both_c14_m2p5,8,14,251,188,51,20.318725099601593,0.28,135.42328980157515,0.7550595238095238,0.8284722222222223,30;48;49;17;25;91;6;11;18;32;28;65;27;52
scale_both_c14_m2p5,9,14,251,188,49,19.52191235059761,0.19402985074626866,125.67756033042917,0.7407738095238096,0.8201388888888889,60;79;48;35;18;24;115;87;1;44;65;124;78;11
scale_both_c14_m3,0,14,306,199,92,30.065359477124183,0.5117370892018779,150.25003779832244,0.7984126984126984,0.8770833333333333,33;50;22;118;54;6;34;66;63;52;25;31;39;62
scale_both_c14_m3,1,14,306,199,91,29.73856209150327,0.5211267605633803,151.5469993358431,0.8105654761904761,0.9159722222222222,18;73;33;27;22;9;33;16;64;58;61;84;49;25
scale_both_c14_m3,2,14,306,200,92,30.065359477124183,0.5586854460093896,151.40354579688776,0.8169642857142857,0.8763888888888889,115;33;8;12;11;47;31;22;15;28;86;34;40;33
scale_both_c14_m3,3,14,306,199,94,30.718954248366014,0.41037735849056606,142.7580758396401,0.8004960317460317,0.8881944444444444,31;76;70;17;48;78;61;81;75;9;2;32;34;71
scale_both_c14_m3,4,14,306,198,92,30.065359477124183,0.5849056603773585,152.2494169787704,0.7961805555555556,0.8743055555555556,31;39;14;4;51;62;20;12;9;3;52;71;38;27
scale_both_c14_m3,5,14,306,201,94,30.718954248366014,0.6729857819905213,139.82775940359426,0.814781746031746,0.93125,80;33;15;46;26;89;32;84;68;4;60;24;32;7
scale_both_c14_m3,6,14,306,200,97,31.699346405228756,0.5119617224880383,152.12482202358902,0.8137896825396825,0.9034722222222222,26;74;30;11;63;22;34;5;1;19;85;76;61;15
scale_both_c14_m3,7,14,306,199,93,30.392156862745097,0.5283018867924528,147.97141234665713,0.7977678571428571,0.8868055555555555,42;20;51;84;7;10;30;69;13;47;75;8;65;28
scale_both_c14_m3,8,14,306,203,88,28.75816993464052,0.5299539170506913,139.9031789187642,0.8205853174603174,0.8909722222222223,30;48;49;17;25;91;6;11;18;32;28;65;27;52
scale_both_c14_m3,9,14,306,201,90,29.411764705882355,0.5395348837209303,135.9444038158787,0.8097718253968254,0.9104166666666667,60;79;48;35;18;24;115;87;1;44;65;124;78;11
scale_both_c18_m1p0,0,18,102,91,0,0.0,0.0,66.18696893377681,0.2762345679012346,0.5673611111111111,33;50;22;118;54;6;34;66;63;52;25;31;39;62;46;75;124;28
scale_both_c18_m1p0,1,18,102,91,1,0.9803921568627451,0.02,66.01842938757906,0.2911265432098766,0.6569444444444444,18;73;33;27;22;9;33;16;64;58;61;84;49;25;27;13;63;4
scale_both_c18_m1p0,2,18,102,98,0,0.0,0.0,73.20728964401918,0.31091820987654323,0.5979166666666667,115;33;8;12;11;47;31;22;15;28;86;34;40;33;78;28;5;75
scale_both_c18_m1p0,3,18,102,97,0,0.0,0.0,64.88434829868645,0.2994984567901235,0.525,31;76;70;17;48;78;61;81;75;9;2;32;34;71;30;25;3;51
scale_both_c18_m1p0,4,18,102,99,0,0.0,0.00980392156862745,80.67954581973672,0.3054012345679012,0.55625,31;39;14;4;51;62;20;12;9;3;52;71;38;27;22;8;29;67
scale_both_c18_m1p0,5,18,102,96,1,0.9803921568627451,0.0,65.05174681490257,0.30084876543209876,0.4951388888888889,80;33;15;46;26;89;32;84;68;4;60;24;32;7;21;15;48;61
scale_both_c18_m1p0,6,18,102,95,0,0.0,0.0,75.7036298443001,0.3152006172839506,0.5888888888888889,26;74;30;11;63;22;34;5;1;19;85;76;61;15;48;41;23;3
scale_both_c18_m1p0,7,18,102,98,0,0.0,0.0,64.29205908554734,0.3111496913580247,0.5993055555555555,42;20;51;84;7;10;30;69;13;47;75;8;65;28;5;12;56;54
scale_both_c18_m1p0,8,18,102,96,1,0.9803921568627451,0.0,61.86550135820056,0.3048225308641975,0.4826388888888889,30;48;49;17;25;91;6;11;18;32;28;65;27;52;83;4;59;63
scale_both_c18_m1p0,9,18,102,93,2,1.9607843137254901,0.0,64.98360205191636,0.28838734567901236,0.5423611111111111,60;79;48;35;18;24;115;87;1;44;65;124;78;11;43;71;90;6
scale_both_c18_m1p5,0,18,157,141,0,0.0,0.0,94.63861006896532,0.43329475308641974,0.6409722222222223,33;50;22;118;54;6;34;66;63;52;25;31;39;62;46;75;124;28
scale_both_c18_m1p5,1,18,157,141,4,2.547770700636943,0.039473684210526314,86.02230326781884,0.44992283950617284,0.7347222222222223,18;73;33;27;22;9;33;16;64;58;61;84;49;25;27;13;63;4
scale_both_c18_m1p5,2,18,157,149,3,1.910828025477707,0.06493506493506493,94.02247476921191,0.47843364197530863,0.65,115;33;8;12;11;47;31;22;15;28;86;34;40;33;78;28;5;75
scale_both_c18_m1p5,3,18,157,145,5,3.1847133757961785,0.02631578947368421,84.90656884544664,0.4548611111111111,0.6798611111111111,31;76;70;17;48;78;61;81;75;9;2;32;34;71;30;25;3;51
scale_both_c18_m1p5,4,18,157,146,4,2.547770700636943,0.006535947712418301,92.7428996202406,0.45281635802469133,0.6451388888888889,31;39;14;4;51;62;20;12;9;3;52;71;38;27;22;8;29;67
scale_both_c18_m1p5,5,18,157,144,3,1.910828025477707,0.0,78.62145171818867,0.46041666666666664,0.5888888888888889,80;33;15;46;26;89;32;84;68;4;60;24;32;7;21;15;48;61
scale_both_c18_m1p5,6,18,157,146,1,0.6369426751592357,0.0,89.64710612310192,0.47538580246913587,0.7152777777777778,26;74;30;11;63;22;34;5;1;19;85;76;61;15;48;41;23;3
scale_both_c18_m1p5,7,18,157,146,3,1.910828025477707,0.08441558441558442,91.00031336623822,0.46643518518518523,0.7180555555555556,42;20;51;84;7;10;30;69;13;47;75;8;65;28;5;12;56;54
scale_both_c18_m1p5,8,18,157,144,4,2.547770700636943,0.0,87.31857099360107,0.45254629629629634,0.5986111111111111,30;48;49;17;25;91;6;11;18;32;28;65;27;52;83;4;59;63
scale_both_c18_m1p5,9,18,157,146,2,1.2738853503184715,0.012903225806451613,79.05112144305683,0.4490740740740741,0.6159722222222223,60;79;48;35;18;24;115;87;1;44;65;124;78;11;43;71;90;6
scale_both_c18_m2p0,0,18,204,181,8,3.9215686274509802,0.025510204081632654,101.06850811192415,0.5592978395061728,0.7680555555555556,33;50;22;118;54;6;34;66;63;52;25;31;39;62;46;75;124;28
scale_both_c18_m2p0,1,18,204,181,8,3.9215686274509802,0.1076923076923077,101.97608897962087,0.5764274691358025,0.7611111111111111,18;73;33;27;22;9;33;16;64;58;61;84;49;25;27;13;63;4
scale_both_c18_m2p0,2,18,204,186,13,6.372549019607843,0.08376963350785341,110.0237208909116,0.5984953703703704,0.7972222222222223,115;33;8;12;11;47;31;22;15;28;86;34;40;33;78;28;5;75
scale_both_c18_m2p0,3,18,204,182,12,5.88235294117647,0.07291666666666667,107.33847613726294,0.5755787037037038,0.7763888888888889,31;76;70;17;48;78;61;81;75;9;2;32;34;71;30;25;3;51
scale_both_c18_m2p0,4,18,204,180,14,6.862745098039216,0.07368421052631578,108.12347570716959,0.5494598765432098,0.7180555555555556,31;39;14;4;51;62;20;12;9;3;52;71;38;27;22;8;29;67
scale_both_c18_m2p0,5,18,204,182,11,5.392156862745098,0.04145077720207254,92.68904858099089,0.5732638888888889,0.7451388888888889,80;33;15;46;26;89;32;84;68;4;60;24;32;7;21;15;48;61
scale_both_c18_m2p0,6,18,204,186,7,3.431372549019608,0.07106598984771574,110.8023880787805,0.5881172839506172,0.78125,26;74;30;11;63;22;34;5;1;19;85;76;61;15;48;41;23;3
scale_both_c18_m2p0,7,18,204,184,8,3.9215686274509802,0.08163265306122448,102.8888508719112,0.5842592592592593,0.7597222222222222,42;20;51;84;7;10;30;69;13;47;75;8;65;28;5;12;56;54
scale_both_c18_m2p0,8,18,204,183,10,4.901960784313726,0.04639175257731959,104.2925368378825,0.5742283950617284,0.6805555555555556,30;48;49;17;25;91;6;11;18;32;28;65;27;52;83;4;59;63
scale_both_c18_m2p0,9,18,204,187,5,2.450980392156863,0.03015075376884422,106.7412286805072,0.5757716049382716,0.7645833333333333,60;79;48;35;18;24;115;87;1;44;65;124;78;11;43;71;90;6
scale_both_c18_m2p5,0,18,251,213,20,7.968127490039841,0.06060606060606061,117.17520897187829,0.6525462962962963,0.7847222222222222,33;50;22;118;54;6;34;66;63;52;25;31;39;62;46;75;124;28
scale_both_c18_m2p5,1,18,251,211,21,8.366533864541832,0.2236842105263158,117.95296260685801,0.6797839506172839,0.8756944444444444,18;73;33;27;22;9;33;16;64;58;61;84;49;25;27;13;63;4
scale_both_c18_m2p5,2,18,251,218,26,10.358565737051793,0.2311111111111111,129.2859435040295,0.6836805555555556,0.8201388888888889,115;33;8;12;11;47;31;22;15;28;86;34;40;33;78;28;5;75
scale_both_c18_m2p5,3,18,251,211,28,11.155378486055776,0.13901345291479822,128.2755944907987,0.6771990740740741,0.8451388888888889,31;76;70;17;48;78;61;81;75;9;2;32;34;71;30;25;3;51
scale_both_c18_m2p5,4,18,251,206,30,11.952191235059761,0.10909090909090909,116.42082254337052,0.6324074074074074,0.8173611111111111,31;39;14;4;51;62;20;12;9;3;52;71;38;27;22;8;29;67
scale_both_c18_m2p5,5,18,251,209,29,11.553784860557768,0.07657657657657657,108.58347973575353,0.659375,0.7833333333333333,80;33;15;46;26;89;32;84;68;4;60;24;32;7;21;15;48;61
scale_both_c18_m2p5,6,18,251,212,28,11.155378486055776,0.13901345291479822,121.8410430448386,0.6717592592592593,0.7965277777777777,26;74;30;11;63;22;34;5;1;19;85;76;61;15;48;41;23;3
scale_both_c18_m2p5,7,18,251,210,27,10.756972111553784,0.13839285714285715,116.84837042876609,0.6582175925925926,0.7854166666666667,42;20;51;84;7;10;30;69;13;47;75;8;65;28;5;12;56;54
scale_both_c18_m2p5,8,18,251,219,19,7.569721115537849,0.1206896551724138,113.03622341083596,0.6880787037037037,0.7979166666666667,30;48;49;17;25;91;6;11;18;32;28;65;27;52;83;4;59;63
scale_both_c18_m2p5,9,18,251,217,18,7.171314741035857,0.055793991416309016,113.24200208401295,0.6750771604938272,0.7791666666666667,60;79;48;35;18;24;115;87;1;44;65;124;78;11;43;71;90;6
scale_both_c18_m3,0,18,306,238,49,16.013071895424837,0.15234375,133.22696550838853,0.7328703703703704,0.8395833333333333,33;50;22;118;54;6;34;66;63;52;25;31;39;62;46;75;124;28
scale_both_c18_m3,1,18,306,240,49,16.013071895424837,0.3137254901960784,134.854692575596,0.7631944444444445,0.9055555555555556,18;73;33;27;22;9;33;16;64;58;61;84;49;25;27;13;63;4
scale_both_c18_m3,2,18,306,242,50,16.33986928104575,0.28125,144.37899010490224,0.7648148148148148,0.8708333333333333,115;33;8;12;11;47;31;22;15;28;86;34;40;33;78;28;5;75
scale_both_c18_m3,3,18,306,242,49,16.013071895424837,0.36186770428015563,133.87877561741917,0.7572145061728395,0.8673611111111111,31;76;70;17;48;78;61;81;75;9;2;32;34;71;30;25;3;51
scale_both_c18_m3,4,18,306,231,56,18.30065359477124,0.20883534136546184,129.43363565582922,0.7162422839506173,0.8097222222222222,31;39;14;4;51;62;20;12;9;3;52;71;38;27;22;8;29;67
scale_both_c18_m3,5,18,306,242,49,16.013071895424837,0.34375,122.75996214337606,0.7539737654320988,0.8770833333333333,80;33;15;46;26;89;32;84;68;4;60;24;32;7;21;15;48;61
scale_both_c18_m3,6,18,306,242,53,17.320261437908496,0.32806324110671936,139.5723672992396,0.7757330246913581,0.9125,26;74;30;11;63;22;34;5;1;19;85;76;61;15;48;41;23;3
scale_both_c18_m3,7,18,306,239,52,16.99346405228758,0.43478260869565216,137.42653888722555,0.7579861111111111,0.8583333333333333,42;20;51;84;7;10;30;69;13;47;75;8;65;28;5;12;56;54
scale_both_c18_m3,8,18,306,247,42,13.725490196078432,0.3612167300380228,139.90215265071416,0.778858024691358,0.8777777777777778,30;48;49;17;25;91;6;11;18;32;28;65;27;52;83;4;59;63
scale_both_c18_m3,9,18,306,239,49,16.013071895424837,0.31906614785992216,125.00271933453425,0.7489583333333333,0.8520833333333333,60;79;48;35;18;24;115;87;1;44;65;124;78;11;43;71;90;6
scale_both_c22_m1p0,0,22,102,90,1,0.9803921568627451,0.009900990099009901,68.0637908775196,0.2254419191919192,0.4979166666666667,33;50;22;54;6;34;66;63;52;25;39;62;46;75;28;65;18;37;23;13;80;33
scale_both_c22_m1p0,1,22,102,91,1,0.9803921568627451,0.02,53.54186064993221,0.2380050505050505,0.6534722222222222,18;73;33;27;22;9;33;16;64;115;58;61;84;49;25;27;13;63;4;50;56;78
scale_both_c22_m1p0,2,22,102,98,0,0.0,0.0,53.69108228751533,0.2556186868686869,0.48680555555555555,115;33;8;12;11;47;31;22;15;28;86;40;33;78;28;26;5;75;88;21;56;82
scale_both_c22_m1p0,3,22,102,97,0,0.0,0.0,56.02055543534191,0.24662247474747476,0.4263888888888889,31;76;70;17;48;78;61;81;75;9;34;2;33;34;71;30;25;3;27;117;25;21
scale_both_c22_m1p0,4,22,102,99,0,0.0,0.0,72.34812199466596,0.24917929292929292,0.49375,31;39;14;4;51;62;20;12;9;3;52;71;38;22;8;29;67;69;47;36;23;117
scale_both_c22_m1p0,5,22,102,96,1,0.9803921568627451,0.0,54.8064963731237,0.247979797979798,0.43819444444444444,80;33;15;46;26;89;32;117;84;68;4;60;24;32;31;7;21;15;48;61;115;49
scale_both_c22_m1p0,6,22,102,95,0,0.0,0.0,56.64517129875335,0.25782828282828285,0.47430555555555554,26;74;30;11;63;22;34;5;1;19;85;76;61;34;15;48;41;3;35;115;26;5
scale_both_c22_m1p0,7,22,102,98,0,0.0,0.0,51.46990163399836,0.2561868686868687,0.5284722222222222,42;20;51;84;7;10;30;69;13;47;75;8;65;28;5;12;56;54;9;31;24;71
scale_both_c22_m1p0,8,22,102,96,0,0.0,0.0,52.37536280252464,0.24892676767676766,0.5097222222222222,30;48;49;17;25;91;6;11;18;32;28;65;27;52;83;4;59;63;23;50;64;74
scale_both_c22_m1p0,9,22,102,95,0,0.0,0.0,55.629576988913556,0.2415719696969697,0.4986111111111111,60;79;48;35;18;24;87;1;44;65;124;78;11;43;71;118;90;6;5;49;22;91
scale_both_c22_m1p5,0,22,157,139,2,1.2738853503184715,0.0,80.38196441249565,0.3513573232323232,0.6020833333333333,33;50;22;54;6;34;66;63;52;25;39;62;46;75;28;65;18;37;23;13;80;33
scale_both_c22_m1p5,1,22,157,144,1,0.6369426751592357,0.012903225806451613,68.096919663177,0.3737689393939394,0.7069444444444445,18;73;33;27;22;9;33;16;64;115;58;61;84;49;25;27;13;63;4;50;56;78
scale_both_c22_m1p5,2,22,157,152,0,0.0,0.0,62.34055074778432,0.3970012626262626,0.60625,115;33;8;12;11;47;31;22;15;28;86;40;33;78;28;26;5;75;88;21;56;82
scale_both_c22_m1p5,3,22,157,149,1,0.6369426751592357,0.00641025641025641,65.69928967264234,0.38052398989898994,0.6180555555555556,31;76;70;17;48;78;61;81;75;9;34;2;33;34;71;30;25;3;27;117;25;21
scale_both_c22_m1p5,4,22,157,149,1,0.6369426751592357,0.00641025641025641,81.18127438130354,0.3757575757575758,0.6194444444444445,31;39;14;4;51;62;20;12;9;3;52;71;38;22;8;29;67;69;47;36;23;117
scale_both_c22_m1p5,5,22,157,146,1,0.6369426751592357,0.0,68.01273217853524,0.3825126262626263,0.54375,80;33;15;46;26;89;32;117;84;68;4;60;24;32;31;7;21;15;48;61;115;49
scale_both_c22_m1p5,6,22,157,147,0,0.0,0.0,63.72508868170313,0.39100378787878787,0.6090277777777777,26;74;30;11;63;22;34;5;1;19;85;76;61;34;15;48;41;3;35;115;26;5
scale_both_c22_m1p5,7,22,157,148,1,0.6369426751592357,0.0,62.11063606977796,0.3874684343434343,0.6777777777777778,42;20;51;84;7;10;30;69;13;47;75;8;65;28;5;12;56;54;9;31;24;71
scale_both_c22_m1p5,8,22,157,147,0,0.0,0.0,70.38179010195198,0.37960858585858587,0.5527777777777778,30;48;49;17;25;91;6;11;18;32;28;65;27;52;83;4;59;63;23;50;64;74
scale_both_c22_m1p5,9,22,157,146,1,0.6369426751592357,0.0,63.5134319345905,0.3669191919191919,0.6284722222222222,60;79;48;35;18;24;87;1;44;65;124;78;11;43;71;118;90;6;5;49;22;91
scale_both_c22_m2p0,0,22,204,182,4,1.9607843137254901,0.0,88.51741188843879,0.45959595959595956,0.7444444444444445,33;50;22;54;6;34;66;63;52;25;39;62;46;75;28;65;18;37;23;13;80;33
scale_both_c22_m2p0,1,22,204,184,4,1.9607843137254901,0.04522613065326633,79.7720783647202,0.47863005050505053,0.7534722222222222,18;73;33;27;22;9;33;16;64;115;58;61;84;49;25;27;13;63;4;50;56;78
scale_both_c22_m2p0,2,22,204,196,3,1.4705882352941175,0.024875621890547265,80.93115130884392,0.5128787878787878,0.7013888888888888,115;33;8;12;11;47;31;22;15;28;86;40;33;78;28;26;5;75;88;21;56;82
scale_both_c22_m2p0,3,22,204,190,4,1.9607843137254901,0.025,88.93961142064568,0.4912878787878788,0.5965277777777778,31;76;70;17;48;78;61;81;75;9;34;2;33;34;71;30;25;3;27;117;25;21
scale_both_c22_m2p0,4,22,204,186,8,3.9215686274509802,0.05612244897959184,91.11992722767737,0.46442550505050506,0.6923611111111111,31;39;14;4;51;62;20;12;9;3;52;71;38;22;8;29;67;69;47;36;23;117
scale_both_c22_m2p0,5,22,204,188,4,1.9607843137254901,0.0,75.94943767902626,0.48765782828282833,0.6791666666666667,80;33;15;46;26;89;32;117;84;68;4;60;24;32;31;7;21;15;48;61;115;49
scale_both_c22_m2p0,6,22,204,191,1,0.49019607843137253,0.0,77.63788388640872,0.4924558080808081,0.6340277777777777,26;74;30;11;63;22;34;5;1;19;85;76;61;34;15;48;41;3;35;115;26;5
scale_both_c22_m2p0,7,22,204,191,1,0.49019607843137253,0.0,76.64698996216569,0.4901830808080808,0.65,42;20;51;84;7;10;30;69;13;47;75;8;65;28;5;12;56;54;9;31;24;71
scale_both_c22_m2p0,8,22,204,190,2,0.9803921568627451,0.034653465346534656,85.68514650295678,0.4888257575757576,0.6805555555555556,30;48;49;17;25;91;6;11;18;32;28;65;27;52;83;4;59;63;23;50;64;74
scale_both_c22_m2p0,9,22,204,190,2,0.9803921568627451,0.0,83.85552696119062,0.48118686868686866,0.6847222222222222,60;79;48;35;18;24;87;1;44;65;124;78;11;43;71;118;90;6;5;49;22;91
scale_both_c22_m2p5,0,22,251,220,9,3.5856573705179287,0.045454545454545456,99.95800357788525,0.5556818181818182,0.79375,33;50;22;54;6;34;66;63;52;25;39;62;46;75;28;65;18;37;23;13;80;33
scale_both_c22_m2p5,1,22,251,224,7,2.788844621513944,0.05371900826446281,93.92909002021521,0.5902146464646465,0.8277777777777777,18;73;33;27;22;9;33;16;64;115;58;61;84;49;25;27;13;63;4;50;56;78
scale_both_c22_m2p5,2,22,251,233,11,4.382470119521913,0.09583333333333334,100.70485044276576,0.6029671717171717,0.775,115;33;8;12;11;47;31;22;15;28;86;40;33;78;28;26;5;75;88;21;56;82
scale_both_c22_m2p5,3,22,251,230,9,3.5856573705179287,0.045454545454545456,99.3844026494795,0.596685606060606,0.725,31;76;70;17;48;78;61;81;75;9;34;2;33;34;71;30;25;3;27;117;25;21
scale_both_c22_m2p5,4,22,251,220,15,5.9760956175298805,0.0851063829787234,101.95032255031695,0.5498421717171718,0.7284722222222222,31;39;14;4;51;62;20;12;9;3;52;71;38;22;8;29;67;69;47;36;23;117
scale_both_c22_m2p5,5,22,251,225,11,4.382470119521913,0.016666666666666666,89.52115663263429,0.5805555555555556,0.7763888888888889,80;33;15;46;26;89;32;117;84;68;4;60;24;32;31;7;21;15;48;61;115;49
scale_both_c22_m2p5,6,22,251,232,5,1.9920318725099602,0.04065040650406504,94.86516425789398,0.6025568181818182,0.7625,26;74;30;11;63;22;34;5;1;19;85;76;61;34;15;48;41;3;35;115;26;5
scale_both_c22_m2p5,7,22,251,227,10,3.9840637450199203,0.06639004149377593,95.84245750099494,0.5813762626262626,0.8388888888888889,42;20;51;84;7;10;30;69;13;47;75;8;65;28;5;12;56;54;9;31;24;71
scale_both_c22_m2p5,8,22,251,233,4,1.593625498007968,0.05668016194331984,101.00506018032327,0.5997474747474748,0.7625,30;48;49;17;25;91;6;11;18;32;28;65;27;52;83;4;59;63;23;50;64;74
scale_both_c22_m2p5,9,22,251,228,7,2.788844621513944,0.036885245901639344,91.1772781271068,0.586205808080808,0.7354166666666667,60;79;48;35;18;24;87;1;44;65;124;78;11;43;71;118;90;6;5;49;22;91
scale_both_c22_m3,0,22,306,255,28,9.15032679738562,0.06859205776173286,109.78605484242989,0.6488320707070707,0.8069444444444445,33;50;22;54;6;34;66;63;52;25;39;62;46;75;28;65;18;37;23;13;80;33
scale_both_c22_m3,1,22,306,264,21,6.862745098039216,0.13780918727915195,119.78136342707892,0.6884469696969697,0.8993055555555556,18;73;33;27;22;9;33;16;64;115;58;61;84;49;25;27;13;63;4;50;56;78
scale_both_c22_m3,2,22,306,266,26,8.49673202614379,0.16071428571428573,113.43752789425434,0.6857007575757575,0.83125,115;33;8;12;11;47;31;22;15;28;86;40;33;78;28;26;5;75;88;21;56;82
scale_both_c22_m3,3,22,306,267,25,8.169934640522875,0.15302491103202848,110.68195709149931,0.6784722222222223,0.7597222222222222,31;76;70;17;48;78;61;81;75;9;34;2;33;34;71;30;25;3;27;117;25;21
scale_both_c22_m3,4,22,306,254,30,9.803921568627452,0.17454545454545456,106.31970917971212,0.6437815656565656,0.7986111111111112,31;39;14;4;51;62;20;12;9;3;52;71;38;22;8;29;67;69;47;36;23;117
scale_both_c22_m3,5,22,306,263,25,8.169934640522875,0.09642857142857143,107.42878210284701,0.673989898989899,0.8284722222222223,80;33;15;46;26;89;32;117;84;68;4;60;24;32;31;7;21;15;48;61;115;49
scale_both_c22_m3,6,22,306,269,21,6.862745098039216,0.11929824561403508,111.15223476768381,0.7026199494949495,0.7923611111111111,26;74;30;11;63;22;34;5;1;19;85;76;61;34;15;48;41;3;35;115;26;5
scale_both_c22_m3,7,22,306,262,28,9.15032679738562,0.296028880866426,112.83156136723039,0.6810606060606061,0.8284722222222223,42;20;51;84;7;10;30;69;13;47;75;8;65;28;5;12;56;54;9;31;24;71
scale_both_c22_m3,8,22,306,270,17,5.555555555555555,0.16666666666666666,115.67958517837243,0.6961805555555555,0.85,30;48;49;17;25;91;6;11;18;32;28;65;27;52;83;4;59;63;23;50;64;74
scale_both_c22_m3,9,22,306,261,24,7.8431372549019605,0.18085106382978725,107.88523913059336,0.6723800505050505,0.7986111111111112,60;79;48;35;18;24;87;1;44;65;124;78;11;43;71;118;90;6;5;49;22;91
scale_both_c26_m1p0,0,26,102,90,1,0.9803921568627451,0.0,50.58994063211511,0.18931623931623934,0.4409722222222222,33;50;22;54;6;34;66;63;52;25;39;62;46;75;28;65;18;37;23;13;80;33;69;91;78;19
scale_both_c26_m1p0,1,26,102,95,0,0.0,0.0,41.08262316792131,0.205849358974359,0.3993055555555556,18;73;33;27;22;9;33;16;64;115;58;61;84;49;25;27;13;63;4;50;56;78;1;90;29;35
scale_both_c26_m1p0,2,26,102,97,0,0.0,0.0,42.05923569519102,0.2125267094017094,0.46805555555555556,115;33;8;12;11;47;31;22;15;28;86;40;33;78;28;26;5;75;88;21;56;82;51;66;48;70
scale_both_c26_m1p0,3,26,102,97,0,0.0,0.0,47.453112383317915,0.20878739316239317,0.42777777777777776,31;76;70;17;48;78;61;81;75;9;34;2;33;34;71;30;25;3;27;117;25;21;51;82;20;24
scale_both_c26_m1p0,4,26,102,99,0,0.0,0.0,62.55836087034763,0.20996260683760684,0.49375,31;39;14;4;51;62;20;12;9;3;52;71;38;22;8;29;67;69;47;36;23;117;34;28;4;83
scale_both_c26_m1p0,5,26,102,97,0,0.0,0.0,56.49717447635062,0.21129807692307695,0.46041666666666664,80;33;15;46;26;89;32;117;84;68;4;60;24;32;31;7;21;15;48;61;115;49;70;14;74;33
scale_both_c26_m1p0,6,26,102,95,0,0.0,0.0,50.75547883493791,0.218616452991453,0.4708333333333333,26;74;30;11;63;22;34;5;1;19;85;76;61;34;15;48;41;3;35;115;26;5;53;69;70;88
scale_both_c26_m1p0,7,26,102,98,0,0.0,0.0,48.743957449852005,0.21463675213675215,0.43472222222222223,42;20;51;84;7;10;30;69;13;47;75;8;65;28;5;12;56;54;9;31;24;71;55;28;73;16
scale_both_c26_m1p0,8,26,102,96,0,0.0,0.0,43.63365183108136,0.20846688034188035,0.45416666666666666,30;48;49;17;25;91;6;11;18;32;28;65;27;52;83;4;59;63;23;50;64;74;115;26;12;22
scale_both_c26_m1p0,9,26,102,95,0,0.0,0.0,40.265712289122774,0.2033386752136752,0.3506944444444444,60;79;48;35;18;24;87;1;44;65;124;78;11;43;71;118;90;6;5;49;22;91;58;55;21;15
scale_both_c26_m1p5,0,26,157,140,1,0.6369426751592357,0.0,64.16122028257276,0.2987980769230769,0.6395833333333333,33;50;22;54;6;34;66;63;52;25;39;62;46;75;28;65;18;37;23;13;80;33;69;91;78;19
scale_both_c26_m1p5,1,26,157,148,0,0.0,0.0,50.41498539784761,0.3217681623931624,0.5979166666666667,18;73;33;27;22;9;33;16;64;115;58;61;84;49;25;27;13;63;4;50;56;78;1;90;29;35
scale_both_c26_m1p5,2,26,157,151,0,0.0,0.0,48.855889493554734,0.3324519230769231,0.55625,115;33;8;12;11;47;31;22;15;28;86;40;33;78;28;26;5;75;88;21;56;82;51;66;48;70
scale_both_c26_m1p5,3,26,157,149,1,0.6369426751592357,0.00641025641025641,53.81515227927992,0.32302350427350424,0.6180555555555556,31;76;70;17;48;78;61;81;75;9;34;2;33;34;71;30;25;3;27;117;25;21;51;82;20;24
scale_both_c26_m1p5,4,26,157,149,1,0.6369426751592357,0.00641025641025641,70.79442286286043,0.31717414529914534,0.6194444444444445,31;39;14;4;51;62;20;12;9;3;52;71;38;22;8;29;67;69;47;36;23;117;34;28;4;83
scale_both_c26_m1p5,5,26,157,147,0,0.0,0.0,62.93810783921659,0.3254273504273504,0.5444444444444444,80;33;15;46;26;89;32;117;84;68;4;60;24;32;31;7;21;15;48;61;115;49;70;14;74;33
scale_both_c26_m1p5,6,26,157,147,0,0.0,0.0,52.23268246037162,0.3301014957264957,0.5381944444444444,26;74;30;11;63;22;34;5;1;19;85;76;61;34;15;48;41;3;35;115;26;5;53;69;70;88
scale_both_c26_m1p5,7,26,157,148,1,0.6369426751592357,0.0,57.733781309826355,0.32566773504273505,0.5986111111111111,42;20;51;84;7;10;30;69;13;47;75;8;65;28;5;12;56;54;9;31;24;71;55;28;73;16
scale_both_c26_m1p5,8,26,157,148,0,0.0,0.0,59.57486200167883,0.3227029914529914,0.48541666666666666,30;48;49;17;25;91;6;11;18;32;28;65;27;52;83;4;59;63;23;50;64;74;115;26;12;22
scale_both_c26_m1p5,9,26,157,147,0,0.0,0.0,49.66780214879464,0.3129273504273504,0.475,60;79;48;35;18;24;87;1;44;65;124;78;11;43;71;118;90;6;5;49;22;91;58;55;21;15
scale_both_c26_m2p0,0,26,204,185,1,0.49019607843137253,0.0,69.58721250619463,0.39492521367521366,0.6875,33;50;22;54;6;34;66;63;52;25;39;62;46;75;28;65;18;37;23;13;80;33;69;91;78;19
scale_both_c26_m2p0,1,26,204,189,0,0.0,0.0,59.9177679117633,0.41231303418803417,0.6770833333333334,18;73;33;27;22;9;33;16;64;115;58;61;84;49;25;27;13;63;4;50;56;78;1;90;29;35
scale_both_c26_m2p0,2,26,204,198,0,0.0,0.0,65.32133525125197,0.43771367521367516,0.65,115;33;8;12;11;47;31;22;15;28;86;40;33;78;28;26;5;75;88;21;56;82;51;66;48;70
scale_both_c26_m2p0,3,26,204,191,2,0.9803921568627451,0.0049504950495049506,62.198508781425346,0.418215811965812,0.5694444444444444,31;76;70;17;48;78;61;81;75;9;34;2;33;34;71;30;25;3;27;117;25;21;51;82;20;24
scale_both_c26_m2p0,4,26,204,192,1,0.49019607843137253,0.06896551724137931,78.50310623247744,0.40571581196581197,0.6923611111111111,31;39;14;4;51;62;20;12;9;3;52;71;38;22;8;29;67;69;47;36;23;117;34;28;4;83
scale_both_c26_m2p0,5,26,204,191,1,0.49019607843137253,0.0,66.60002655204457,0.4182425213675213,0.6131944444444445,80;33;15;46;26;89;32;117;84;68;4;60;24;32;31;7;21;15;48;61;115;49;70;14;74;33
scale_both_c26_m2p0,6,26,204,191,1,0.49019607843137253,0.0,58.79259887962233,0.41760149572649574,0.5923611111111111,26;74;30;11;63;22;34;5;1;19;85;76;61;34;15;48;41;3;35;115;26;5;53;69;70;88
scale_both_c26_m2p0,7,26,204,191,1,0.49019607843137253,0.0,64.7374045967717,0.41244658119658123,0.6708333333333333,42;20;51;84;7;10;30;69;13;47;75;8;65;28;5;12;56;54;9;31;24;71;55;28;73;16
scale_both_c26_m2p0,8,26,204,193,0,0.0,0.0,68.04668064767003,0.4182425213675213,0.5923611111111111,30;48;49;17;25;91;6;11;18;32;28;65;27;52;83;4;59;63;23;50;64;74;115;26;12;22
scale_both_c26_m2p0,9,26,204,192,0,0.0,0.0,63.10256831345753,0.41207264957264955,0.5763888888888888,60;79;48;35;18;24;87;1;44;65;124;78;11;43;71;118;90;6;5;49;22;91;58;55;21;15
scale_both_c26_m2p5,0,26,251,225,3,1.1952191235059761,0.004032258064516129,78.80794119652828,0.47889957264957267,0.8090277777777778,33;50;22;54;6;34;66;63;52;25;39;62;46;75;28;65;18;37;23;13;80;33;69;91;78;19
scale_both_c26_m2p5,1,26,251,231,0,0.0,0.016,71.55242926431495,0.5128739316239316,0.7861111111111111,18;73;33;27;22;9;33;16;64;115;58;61;84;49;25;27;13;63;4;50;56;78;1;90;29;35
scale_both_c26_m2p5,2,26,251,239,4,1.593625498007968,0.04048582995951417,76.91108111119863,0.5202190170940171,0.7479166666666667,115;33;8;12;11;47;31;22;15;28;86;40;33;78;28;26;5;75;88;21;56;82;51;66;48;70
scale_both_c26_m2p5,3,26,251,237,2,0.796812749003984,0.008032128514056224,76.67508293547579,0.519684829059829,0.7201388888888889,31;76;70;17;48;78;61;81;75;9;34;2;33;34;71;30;25;3;27;117;25;21;51;82;20;24
scale_both_c26_m2p5,4,26,251,229,5,1.9920318725099602,0.07346938775510205,91.54106974888509,0.48677884615384615,0.7368055555555556,31;39;14;4;51;62;20;12;9;3;52;71;38;22;8;29;67;69;47;36;23;117;34;28;4;83
scale_both_c26_m2p5,5,26,251,231,4,1.593625498007968,0.0,78.77057325708043,0.5055021367521367,0.7361111111111112,80;33;15;46;26;89;32;117;84;68;4;60;24;32;31;7;21;15;48;61;115;49;70;14;74;33
scale_both_c26_m2p5,6,26,251,236,1,0.398406374501992,0.0,71.16136248292015,0.5182425213675214,0.6583333333333333,26;74;30;11;63;22;34;5;1;19;85;76;61;34;15;48;41;3;35;115;26;5;53;69;70;88
scale_both_c26_m2p5,7,26,251,228,8,3.187250996015936,0.024793388429752067,77.31648737216756,0.4925213675213675,0.75,42;20;51;84;7;10;30;69;13;47;75;8;65;28;5;12;56;54;9;31;24;71;55;28;73;16
scale_both_c26_m2p5,8,26,251,235,1,0.398406374501992,0.008,75.63981287772741,0.509642094017094,0.6625,30;48;49;17;25;91;6;11;18;32;28;65;27;52;83;4;59;63;23;50;64;74;115;26;12;22
scale_both_c26_m2p5,9,26,251,233,2,0.796812749003984,0.0,74.23269921316991,0.5045138888888888,0.6618055555555555,60;79;48;35;18;24;87;1;44;65;124;78;11;43;71;118;90;6;5;49;22;91;58;55;21;15
scale_both_c26_m3,0,26,306,270,10,3.2679738562091507,0.04067796610169491,92.08678270511962,0.5769230769230769,0.8277777777777777,33;50;22;54;6;34;66;63;52;25;39;62;46;75;28;65;18;37;23;13;80;33;69;91;78;19
scale_both_c26_m3,1,26,306,280,5,1.6339869281045754,0.056666666666666664,93.55544795463794,0.6177617521367521,0.7979166666666667,18;73;33;27;22;9;33;16;64;115;58;61;84;49;25;27;13;63;4;50;56;78;1;90;29;35
scale_both_c26_m3,2,26,306,281,10,3.2679738562091507,0.07432432432432433,93.45160415729356,0.6127938034188034,0.7868055555555555,115;33;8;12;11;47;31;22;15;28;86;40;33;78;28;26;5;75;88;21;56;82;51;66;48;70
scale_both_c26_m3,3,26,306,282,9,2.941176470588235,0.06060606060606061,93.36738933489653,0.609241452991453,0.7513888888888889,31;76;70;17;48;78;61;81;75;9;34;2;33;34;71;30;25;3;27;117;25;21;51;82;20;24
scale_both_c26_m3,4,26,306,269,15,4.901960784313726,0.10689655172413794,95.48887565805502,0.5777777777777777,0.7986111111111112,31;39;14;4;51;62;20;12;9;3;52;71;38;22;8;29;67;69;47;36;23;117;34;28;4;83
scale_both_c26_m3,5,26,306,275,12,3.9215686274509802,0.023890784982935155,90.40774690697705,0.5985042735042735,0.8527777777777777,80;33;15;46;26;89;32;117;84;68;4;60;24;32;31;7;21;15;48;61;115;49;70;14;74;33
scale_both_c26_m3,6,26,306,284,7,2.287581699346405,0.03678929765886288,90.34270748094616,0.6272970085470086,0.7548611111111111,26;74;30;11;63;22;34;5;1;19;85;76;61;34;15;48;41;3;35;115;26;5;53;69;70;88
scale_both_c26_m3,7,26,306,278,12,3.9215686274509802,0.16723549488054607,97.28282171965087,0.6053418803418803,0.8173611111111111,42;20;51;84;7;10;30;69;13;47;75;8;65;28;5;12;56;54;9;31;24;71;55;28;73;16
scale_both_c26_m3,8,26,306,282,5,1.6339869281045754,0.03986710963455149,95.35010452739648,0.6159455128205129,0.7638888888888888,30;48;49;17;25;91;6;11;18;32;28;65;27;52;83;4;59;63;23;50;64;74;115;26;12;22
scale_both_c26_m3,9,26,306,276,8,2.6143790849673203,0.03355704697986577,88.45829430265157,0.5983707264957265,0.75625,60;79;48;35;18;24;87;1;44;65;124;78;11;43;71;118;90;6;5;49;22;91;58;55;21;15
scale_both_c30_m1p0,0,30,102,90,1,0.9803921568627451,0.0,47.26481101748417,0.16418981481481482,0.4395833333333333,33;50;22;54;6;34;66;63;52;25;39;62;46;75;28;65;18;37;23;13;80;33;69;91;78;19;40;17;10;43
scale_both_c30_m1p0,1,30,102,93,0,0.0,0.0,40.466378213765175,0.1801851851851852,0.4,18;73;33;27;22;9;33;16;64;115;58;61;84;49;25;27;13;63;4;50;56;78;1;90;29;35;30;76;14;41
scale_both_c30_m1p0,2,30,102,98,0,0.0,0.0,39.49377010984008,0.18562499999999998,0.46805555555555556,115;33;8;12;11;47;31;22;15;28;86;40;33;78;28;26;5;75;88;21;56;82;51;66;48;70;57;65;35;23
scale_both_c30_m1p0,3,30,102,97,0,0.0,0.0,40.604375047619115,0.18129629629629632,0.3840277777777778,31;76;70;17;48;78;61;81;75;9;34;2;33;34;71;30;25;3;27;117;25;21;51;82;20;24;22;91;67;50
scale_both_c30_m1p0,4,30,102,99,0,0.0,0.0,61.64733641691895,0.18252314814814816,0.49375,31;39;14;4;51;62;20;12;9;3;52;71;38;22;8;29;67;69;47;36;23;117;34;28;4;83;116;35;25;22
scale_both_c30_m1p0,5,30,102,97,0,0.0,0.0,47.12239289925671,0.18444444444444444,0.35833333333333334,80;33;15;46;26;89;32;117;84;68;4;60;24;32;31;7;21;15;48;61;115;49;70;14;74;33;2;28;53;36
scale_both_c30_m1p0,6,30,102,96,0,0.0,0.0,44.80037569416627,0.19115740740740741,0.3402777777777778,26;74;30;11;63;22;34;5;1;19;85;76;61;34;15;48;41;3;35;115;26;5;53;69;70;88;13;25;73;71
scale_both_c30_m1p0,7,30,102,97,0,0.0,0.0,39.6702063065113,0.1816898148148148,0.43472222222222223,42;20;51;84;7;10;30;69;13;47;75;8;65;28;5;12;56;54;9;31;24;71;55;28;73;16;29;81;88;29
scale_both_c30_m1p0,8,30,102,95,0,0.0,0.0,41.712430627779376,0.17965277777777777,0.39375,30;48;49;17;25;91;6;11;18;32;28;65;27;52;83;4;59;63;23;50;64;74;115;26;12;22;124;3;35;67
scale_both_c30_m1p0,9,30,102,95,0,0.0,0.0,36.99223624779131,0.17520833333333333,0.39861111111111114,60;79;48;35;18;24;87;1;44;65;124;78;11;43;71;118;90;6;5;49;22;91;58;55;21;15;31;7;15;17
scale_both_c30_m1p5,0,30,157,141,1,0.6369426751592357,0.0,57.75214280000902,0.26157407407407407,0.5263888888888889,33;50;22;54;6;34;66;63;52;25;39;62;46;75;28;65;18;37;23;13;80;33;69;91;78;19;40;17;10;43
scale_both_c30_m1p5,1,30,157,145,0,0.0,0.0,47.711416373674034,0.2774768518518519,0.5979166666666667,18;73;33;27;22;9;33;16;64;115;58;61;84;49;25;27;13;63;4;50;56;78;1;90;29;35;30;76;14;41
scale_both_c30_m1p5,2,30,157,152,0,0.0,0.0,43.67106998233791,0.2901851851851852,0.5125,115;33;8;12;11;47;31;22;15;28;86;40;33;78;28;26;5;75;88;21;56;82;51;66;48;70;57;65;35;23
scale_both_c30_m1p5,3,30,157,150,0,0.0,0.0,47.08230602808437,0.2826851851851852,0.5027777777777778,31;76;70;17;48;78;61;81;75;9;34;2;33;34;71;30;25;3;27;117;25;21;51;82;20;24;22;91;67;50
scale_both_c30_m1p5,4,30,157,149,1,0.6369426751592357,0.00641025641025641,68.5803105351765,0.2748842592592593,0.6194444444444445,31;39;14;4;51;62;20;12;9;3;52;71;38;22;8;29;67;69;47;36;23;117;34;28;4;83;116;35;25;22
scale_both_c30_m1p5,5,30,157,147,0,0.0,0.0,53.613255680826065,0.28238425925925925,0.5444444444444444,80;33;15;46;26;89;32;117;84;68;4;60;24;32;31;7;21;15;48;61;115;49;70;14;74;33;2;28;53;36
scale_both_c30_m1p5,6,30,157,148,0,0.0,0.0,42.15169991018582,0.2873611111111111,0.45208333333333334,26;74;30;11;63;22;34;5;1;19;85;76;61;34;15;48;41;3;35;115;26;5;53;69;70;88;13;25;73;71
scale_both_c30_m1p5,7,30,157,149,0,0.0,0.0,45.9736490281624,0.2813425925925926,0.6,42;20;51;84;7;10;30;69;13;47;75;8;65;28;5;12;56;54;9;31;24;71;55;28;73;16;29;81;88;29
scale_both_c30_m1p5,8,30,157,148,0,0.0,0.0,56.60002513707747,0.279375,0.4826388888888889,30;48;49;17;25;91;6;11;18;32;28;65;27;52;83;4;59;63;23;50;64;74;115;26;12;22;124;3;35;67
scale_both_c30_m1p5,9,30,157,147,0,0.0,0.0,46.07043993782233,0.2725,0.4597222222222222,60;79;48;35;18;24;87;1;44;65;124;78;11;43;71;118;90;6;5;49;22;91;58;55;21;15;31;7;15;17
scale_both_c30_m2p0,0,30,204,186,1,0.49019607843137253,0.0,62.41484044835708,0.34317129629629634,0.6319444444444444,33;50;22;54;6;34;66;63;52;25;39;62;46;75;28;65;18;37;23;13;80;33;69;91;78;19;40;17;10;43
scale_both_c30_m2p0,1,30,204,187,0,0.0,0.0,52.69185166330863,0.35844907407407406,0.7722222222222223,18;73;33;27;22;9;33;16;64;115;58;61;84;49;25;27;13;63;4;50;56;78;1;90;29;35;30;76;14;41
scale_both_c30_m2p0,2,30,204,199,0,0.0,0.00980392156862745,55.12831370345818,0.38185185185185183,0.6541666666666667,115;33;8;12;11;47;31;22;15;28;86;40;33;78;28;26;5;75;88;21;56;82;51;66;48;70;57;65;35;23
scale_both_c30_m2p0,3,30,204,192,1,0.49019607843137253,0.0,49.868935095369665,0.3650925925925926,0.51875,31;76;70;17;48;78;61;81;75;9;34;2;33;34;71;30;25;3;27;117;25;21;51;82;20;24;22;91;67;50
scale_both_c30_m2p0,4,30,204,193,0,0.0,0.058823529411764705,77.4188029420538,0.3534490740740741,0.6923611111111111,31;39;14;4;51;62;20;12;9;3;52;71;38;22;8;29;67;69;47;36;23;117;34;28;4;83;116;35;25;22
scale_both_c30_m2p0,5,30,204,192,0,0.0,0.0,57.524700360428774,0.36634259259259255,0.6131944444444445,80;33;15;46;26;89;32;117;84;68;4;60;24;32;31;7;21;15;48;61;115;49;70;14;74;33;2;28;53;36
scale_both_c30_m2p0,6,30,204,192,0,0.0,0.0,48.07254172814083,0.3630787037037037,0.6395833333333333,26;74;30;11;63;22;34;5;1;19;85;76;61;34;15;48;41;3;35;115;26;5;53;69;70;88;13;25;73;71
scale_both_c30_m2p0,7,30,204,192,0,0.0,0.0,49.50395473197876,0.3570601851851852,0.6395833333333333,42;20;51;84;7;10;30;69;13;47;75;8;65;28;5;12;56;54;9;31;24;71;55;28;73;16;29;81;88;29
scale_both_c30_m2p0,8,30,204,193,0,0.0,0.0,62.64009181814176,0.36321759259259256,0.5409722222222222,30;48;49;17;25;91;6;11;18;32;28;65;27;52;83;4;59;63;23;50;64;74;115;26;12;22;124;3;35;67
scale_both_c30_m2p0,9,30,204,192,0,0.0,0.0,55.40173077878611,0.3572916666666667,0.5131944444444444,60;79;48;35;18;24;87;1;44;65;124;78;11;43;71;118;90;6;5;49;22;91;58;55;21;15;31;7;15;17
scale_both_c30_m2p5,0,30,251,226,3,1.1952191235059761,0.004032258064516129,67.23707198094851,0.41537037037037033,0.7270833333333333,33;50;22;54;6;34;66;63;52;25;39;62;46;75;28;65;18;37;23;13;80;33;69;91;78;19;40;17;10;43
scale_both_c30_m2p5,1,30,251,229,0,0.0,0.0,57.598785629348015,0.4448611111111111,0.7722222222222223,18;73;33;27;22;9;33;16;64;115;58;61;84;49;25;27;13;63;4;50;56;78;1;90;29;35;30;76;14;41
scale_both_c30_m2p5,2,30,251,242,2,0.796812749003984,0.040160642570281124,68.23352337449877,0.45793981481481477,0.6861111111111111,115;33;8;12;11;47;31;22;15;28;86;40;33;78;28;26;5;75;88;21;56;82;51;66;48;70;57;65;35;23
scale_both_c30_m2p5,3,30,251,239,0,0.0,0.0,58.73312085293745,0.454375,0.68125,31;76;70;17;48;78;61;81;75;9;34;2;33;34;71;30;25;3;27;117;25;21;51;82;20;24;22;91;67;50
scale_both_c30_m2p5,4,30,251,230,4,1.593625498007968,0.04065040650406504,85.16189043861839,0.4247916666666667,0.7125,31;39;14;4;51;62;20;12;9;3;52;71;38;22;8;29;67;69;47;36;23;117;34;28;4;83;116;35;25;22
scale_both_c30_m2p5,5,30,251,235,0,0.0,0.0,63.98583713000693,0.4454398148148148,0.6458333333333334,80;33;15;46;26;89;32;117;84;68;4;60;24;32;31;7;21;15;48;61;115;49;70;14;74;33;2;28;53;36
scale_both_c30_m2p5,6,30,251,237,0,0.0,0.0,53.45900256749296,0.4505324074074074,0.6430555555555556,26;74;30;11;63;22;34;5;1;19;85;76;61;34;15;48;41;3;35;115;26;5;53;69;70;88;13;25;73;71
scale_both_c30_m2p5,7,30,251,235,1,0.398406374501992,0.01606425702811245,60.8430408452781,0.4382175925925926,0.6951388888888889,42;20;51;84;7;10;30;69;13;47;75;8;65;28;5;12;56;54;9;31;24;71;55;28;73;16;29;81;88;29
scale_both_c30_m2p5,8,30,251,235,0,0.0,0.0,68.08931005976407,0.44185185185185183,0.6305555555555555,30;48;49;17;25;91;6;11;18;32;28;65;27;52;83;4;59;63;23;50;64;74;115;26;12;22;124;3;35;67
scale_both_c30_m2p5,9,30,251,234,0,0.0,0.0,64.165163552319,0.44092592592592594,0.6041666666666666,60;79;48;35;18;24;87;1;44;65;124;78;11;43;71;118;90;6;5;49;22;91;58;55;21;15;31;7;15;17
scale_both_c30_m3,0,30,306,270,9,2.941176470588235,0.02027027027027027,76.76869149481831,0.4988425925925926,0.7909722222222222,33;50;22;54;6;34;66;63;52;25;39;62;46;75;28;65;18;37;23;13;80;33;69;91;78;19;40;17;10;43
scale_both_c30_m3,1,30,306,282,0,0.0,0.0,70.67268377598307,0.5460185185185186,0.7708333333333334,18;73;33;27;22;9;33;16;64;115;58;61;84;49;25;27;13;63;4;50;56;78;1;90;29;35;30;76;14;41
scale_both_c30_m3,2,30,306,289,3,0.9803921568627451,0.056105610561056105,81.04166915152537,0.5464351851851852,0.7576388888888889,115;33;8;12;11;47;31;22;15;28;86;40;33;78;28;26;5;75;88;21;56;82;51;66;48;70;57;65;35;23
scale_both_c30_m3,3,30,306,287,4,1.3071895424836601,0.029801324503311258,72.3662651212679,0.5386111111111112,0.6708333333333333,31;76;70;17;48;78;61;81;75;9;34;2;33;34;71;30;25;3;27;117;25;21;51;82;20;24;22;91;67;50
scale_both_c30_m3,4,30,306,273,10,3.2679738562091507,0.09152542372881356,88.07944914189801,0.508912037037037,0.7986111111111112,31;39;14;4;51;62;20;12;9;3;52;71;38;22;8;29;67;69;47;36;23;117;34;28;4;83;116;35;25;22
scale_both_c30_m3,5,30,306,283,3,0.9803921568627451,0.016556291390728478,67.82187761038985,0.5327777777777778,0.7152777777777778,80;33;15;46;26;89;32;117;84;68;4;60;24;32;31;7;21;15;48;61;115;49;70;14;74;33;2;28;53;36
scale_both_c30_m3,6,30,306,288,3,0.9803921568627451,0.006600660066006601,71.82652022215113,0.5517824074074074,0.7284722222222222,26;74;30;11;63;22;34;5;1;19;85;76;61;34;15;48;41;3;35;115;26;5;53;69;70;88;13;25;73;71
scale_both_c30_m3,7,30,306,287,3,0.9803921568627451,0.059602649006622516,75.10124011857953,0.5394675925925926,0.7583333333333333,42;20;51;84;7;10;30;69;13;47;75;8;65;28;5;12;56;54;9;31;24;71;55;28;73;16;29;81;88;29
scale_both_c30_m3,8,30,306,284,2,0.6535947712418301,0.029605263157894735,76.58458714943772,0.5374768518518518,0.6743055555555556,30;48;49;17;25;91;6;11;18;32;28;65;27;52;83;4;59;63;23;50;64;74;115;26;12;22;124;3;35;67
scale_both_c30_m3,9,30,306,281,1,0.32679738562091504,0.01639344262295082,80.01398665652644,0.5300462962962963,0.6916666666666667,60;79;48;35;18;24;87;1;44;65;124;78;11;43;71;118;90;6;5;49;22;91;58;55;21;15;31;7;15;17
